FID,Relief,Conf_R,Slope_MIN,Slope_MAX,Slope_MEAN,LDfG_MAX,LDfG_MEAN,Depth_MIN,Depth_MAX,Depth_MEAN,prc_pit,pit_no,prc_vall,prc_holl,Area,Perimeter,MBG_Width,MBG_Length,MBG_Orient,MBG_W_L,Area_CH,CH_Score,Dissect,Depth_RAN,PP_Score,LDfG_VAR,QuLDfG_Ran
0,0.3,0.30480957,0.639071167,3.839304686,2.508619419,199.0343933,198.021251,-568.1472168,-565.7088013,-566.9666404,0,0,6.225276349,2.49011054,11938.5,432.8,93.787,166.561,90,0.563078992080979,11992.24,1,0.5,2.44,0.8,17694.65,3
1,0.3,0.30480957,0,2.709447861,1.57589916,477.9264221,477.3224476,-846.734436,-845.5151978,-846.2339462,4.897402319,0,29.38441391,1.22435058,12140.4,407.1,108.368,141.028,104.2,0.768414782879995,12287.87,0.99,0.45,1.22,0.92,170009.8,4
2,0.91,0.914428711,0,6.501849651,2.851148836,204.825592,203.7587838,-573.9384155,-571.5,-572.7589569,17.01413582,1,13.82398535,11.69721838,13978.2,448.9,130.572,154.979,90.7,0.842514147077991,14591.41,0.96,0.5,2.44,0.87,19254,3
3,0.91,0,0.285813123,4.428095341,2.51042797,184.4040222,184.1282421,-553.8215942,-552.2976074,-553.3281221,0,0,88.7511285,4.671112027,3182.1,207.7,57.394,69.875,86.6,0.821381037567084,3186.15,1,0.35,1.52,0.93,14191.54,3
4,0.3,0.30480957,0,4.838943005,2.157253388,195.6816101,194.706239,-564.7944336,-561.4415894,-563.5971597,0,0,24.99170301,54.01432586,18437.7,554.5,105.718,226.243,89.9,0.467276335621434,19015.73,0.97,0.37,3.35,0.76,16823.71,3
5,1.83,1.828796387,0,11.79689789,3.343010919,480.9743958,477.4873598,-850.3920288,-840.9432373,-846.38704,13.18582344,1,16.4822793,12.08700482,81164.3,1642.5,240.015,642.065,90,0.373817292641711,112583.64,0.72,0.43,9.45,0.38,170145.82,4
6,1.52,0.30480957,0.404199302,4.241094112,2.57054871,139.9031982,139.241834,-509.3208008,-506.8824158,-508.3488942,56.20332675,0,34.8848235,7.752183007,7669.7,334.8,81.636,117.305,90,0.695929414773454,7880.69,0.97,0.42,2.44,0.86,5511.85,3
7,0.3,0,0.57161361,2.855813742,1.349697908,215.1888123,214.7688524,-584.3016357,-583.0823975,-583.7123372,0,0,54.02468121,10.80493624,6878.4,335.2,74.623,120.262,117.1,0.620503567211588,7296.9,0.94,0.53,1.22,0.77,22430.71,3
8,0.3,0,0,15.08569527,8.044010452,274.6247864,270.108509,-643.7376099,-632.460022,-639.0705619,0,0,0,57.95644106,13593,483.8,101.96,182.771,13.9,0.55785655273539,14915.54,0.91,0.42,11.28,0.73,42069.5,4
9,1.22,0,0,8.192637444,3.090897451,193.8528137,191.7066713,-562.9656372,-556.8696289,-560.6796114,0,0,18.81900858,64.52231515,22115.7,631.2,113.09,265.676,39.6,0.42566885981421,23144.62,0.96,0.38,6.1,0.7,16054.58,3
10,0.61,0.30480957,0,21.44528198,7.754588533,287.1216125,246.6761451,-655.9296265,-561.7463989,-615.5729889,1.02383109,0,5.026079895,9.059353885,479099.3,6349.4,385.366,2348.003,90,0.16412500324744,748245.35,0.64,0.43,94.18,0.15,33006.22,3
11,1.22,0,0,3.230086088,1.309230275,469.0871887,468.7452102,-837.8952026,-836.980835,-837.6721742,84.99679088,0,4.722043939,0,6295.6,299,80.6,93.28,90.2,0.864065180102916,6541.27,0.96,0.27,0.91,0.89,163010.19,4
12,1.22,1.219177246,0,21.03749847,5.586524041,224.6376038,216.6120501,-594.3599854,-563.5751953,-585.5446239,8.588512119,1,39.21742281,9.830224714,143648.2,2643.6,186.449,1207.079,109.8,0.1544629638988,175652.67,0.82,0.29,30.78,0.26,22986.21,3
13,0.91,0.914367676,0.28575772,8.192727089,3.893169755,464.8199768,462.1427493,-833.9328003,-826.6176147,-831.1129647,0,0,28.7184707,19.92710212,25361.5,613.3,172.144,196.019,55.2,0.878200582596585,26480.45,0.96,0.39,7.32,0.85,157722.36,4
14,11.89,9.143981934,0,12.65181732,5.174795061,174.3456116,160.7511815,-544.0679932,-514.8071899,-529.6870629,3.6191855,7,27.60304165,4.159362441,275171.7,3931.6,331.082,1684.228,79,0.196577898004308,397825,0.69,0.49,29.26,0.22,9168.29,3
15,1.83,1.523986816,1.538825631,35.6813736,18.51435074,340.7663879,334.716773,-711.4031982,-688.5432129,-704.5849596,0,0,4.397064986,48.36771487,6760.9,309.1,81.544,116.527,87.2,0.69978631561784,6787.21,1,0.3,22.86,0.89,72747.14,4
16,1.83,1.523986816,1.538825631,35.6813736,18.51435074,340.7663879,334.716773,-711.4031982,-688.5432129,-704.5849596,0,0,4.397064986,48.36771487,6760.9,309.1,81.544,116.527,87.2,0.69978631561784,538221.3,0.01,0.3,22.86,0.89,72747.14,4
17,2.13,0,0.285818845,3.807597876,1.765835012,470.306366,469.9798301,-839.4191895,-838.5048218,-839.0273132,0,0,101.0711809,0,4117.9,233.8,65.148,82.13,117.6,0.793230244733958,4141.6,0.99,0.48,0.91,0.95,164008.66,4
18,0.3,0,0.285818309,5.532243252,2.540865501,165.5063782,164.611975,-534.6192017,-531.571228,-533.5449079,0,0,69.50968121,32.21180349,8767.6,354.8,81.572,129.955,89.7,0.627694201839098,8847.18,0.99,0.36,3.05,0.88,9922.55,3
19,5.49,3.352783203,0.639062405,10.1383791,4.939793953,195.9864197,193.2013914,-566.0136108,-557.479187,-562.300272,31.31010098,1,15.93968777,8.539118452,26110.7,623.3,154.285,232.047,108.6,0.664886854818205,27162.6,0.96,0.44,8.53,0.85,16435.6,3
20,3.66,1.219177246,0.903642774,8.964331627,3.208747355,199.6440125,197.8311139,-569.366394,-563.8800049,-566.8847889,2.969627785,0,54.19570708,8.16647641,20021.6,549.8,147.196,191.13,103.7,0.770135509862397,21208.04,0.94,0.46,5.49,0.83,17644.1,3
21,0.3,0.30480957,0,9.343770981,3.486920698,286.5119934,281.3251811,-655.3200073,-642.213623,-650.2144752,0.857446984,0,48.18852048,25.8948989,86676.7,1191.5,277.262,402.882,26.6,0.688196543901192,93483.84,0.93,0.39,13.11,0.77,46796.58,4
22,2.44,0.914428711,0,3.329313278,1.423218121,424.8912048,424.2636568,-794.0040283,-792.1752319,-793.1308396,38.40861829,0,30.6068677,2.400538642,24768,674.6,118.022,264.711,0.1,0.445852269078353,26178.48,0.95,0.51,1.83,0.69,129070.38,4
23,12.5,9.753601074,0.639087975,14.2761097,5.868728135,210.0071716,201.9380137,-580.0344238,-562.6608276,-570.9696142,11.48953006,2,32.49895645,6.893718035,90559.8,1373.5,248.993,516.53,149.5,0.482049445337154,105180.2,0.86,0.52,17.37,0.6,18752.02,3
24,1.52,0.609619141,0,14.98684883,6.267743811,428.8536072,422.2811341,-797.9664307,-776.6304321,-791.2256396,0,0,16.43017389,61.06547962,54281.1,939.4,190.131,362.308,1.1,0.524777261335659,56961.83,0.95,0.32,21.34,0.77,127649.81,4
25,1.83,0,0,2.30314374,0.969790383,465.4295959,465.1628876,-834.2376099,-833.9328003,-834.1233063,98.10628661,0,0,0,3636.3,223.1,57.391,80.488,89.6,0.713037968392804,3650.74,1,0.56,0.3,0.92,160130.34,4
26,2.74,0.914367676,0.808374465,3.437558651,2.179934047,233.4767761,232.4558618,-602.5895996,-600.4559937,-601.4414288,25.75852587,1,65.38702722,2.9721376,15003.5,461.9,130.332,141.442,89.7,0.921451902546627,15473.96,0.97,0.56,2.13,0.89,28041.47,3
27,1.22,0.609619141,0.571623981,9.903611183,4.303350267,171.6023865,169.3452239,-541.0200195,-534.9240112,-538.4141026,0,0,0,9.366632598,15869.2,503.2,93.599,202.859,180,0.461399297048689,16070.07,0.99,0.43,6.1,0.79,10887.93,3
28,14.02,0.609619141,0.639089167,14.79669189,4.995861168,330.7079773,321.3755586,-699.8208008,-668.7312012,-690.2834201,6.282483733,0,48.7816384,22.78940178,120664.3,1551.2,352.495,485.627,123.5,0.725855440492394,136323.52,0.89,0.31,31.09,0.63,65728.43,4
29,1.52,0.30480957,0.285821438,6.551301003,2.630303455,191.7192078,191.0911209,-560.8320313,-559.0032349,-560.222414,64.05982772,0,12.20187195,9.151403956,4872.7,255.1,69.685,81.961,90,0.850221446785666,4886.71,1,0.35,1.83,0.94,15898.97,3
30,3.05,1.219238281,0.404207349,3.341634035,2.283327403,224.6376038,222.6662694,-593.7504272,-588.5687866,-591.5984613,25.78752095,0,44.54208164,12.19046445,31702.5,701.1,163.727,268.067,104.2,0.610768949553656,32775.39,0.97,0.42,5.18,0.81,24858.65,3
31,3.66,3.657592773,0.285819858,18.59550095,8.165918094,838.2000732,828.7878059,-1207.617676,-1182.928833,-1197.952844,4.339248216,1,15.04272715,12.14989501,51382.7,944.5,179.752,365.763,24.3,0.491443913135008,54672.38,0.94,0.39,24.69,0.73,583371.81,4
32,3.66,3.657592773,0.285819858,18.59550095,8.165918094,838.2000732,828.7878059,-1207.617676,-1182.928833,-1197.952844,4.339248216,1,15.04272715,12.14989501,51382.7,944.5,179.752,365.763,24.3,0.491443913135008,4700000,0.01,0.39,24.69,0.73,583371.81,4
33,12.8,9.448791504,0.808368623,22.97882462,7.406641361,581.8631592,572.3612879,-951.5856323,-928.1160278,-941.4440842,13.45435407,1,16.1073253,14.78083969,78439.6,1282.4,313.107,374.268,179.7,0.836585013947225,93894.98,0.84,0.43,23.47,0.6,257415.48,4
34,0.61,0,0,5.926125526,1.964684929,469.6968079,469.0370379,-838.5048218,-836.3712158,-837.9800925,5.021235919,1,76.57384776,5.021235918,11841,426,98.261,161.036,78.3,0.610180332348046,12239.15,0.97,0.26,2.13,0.82,163245.93,4
35,0.61,0,0,1.999791503,0.936484323,475.183197,474.8529867,-844.2960205,-843.0767822,-843.7964715,24.75640455,0,71.51850201,0,5403.7,371.3,58.566,146.289,134,0.400344523511679,6462.8,0.84,0.45,1.22,0.49,167979.47,4
36,1.83,1.523986816,0.285818309,8.119731903,3.581510404,288.3407898,285.2549909,-657.4536133,-644.0424194,-654.1787807,0,0,46.80338626,3.481243607,38428,893.4,186.577,316.245,71.8,0.589976126104761,43921.02,0.87,0.25,13.41,0.61,48512.26,4
37,17.98,3.657592773,0,8.187925339,3.912746022,334.6703796,326.1038745,-703.7832031,-679.0944214,-694.9967295,22.52445016,0,21.83492618,38.95810513,129342.6,1789.5,290.728,689.599,95.3,0.421589938500491,144716,0.89,0.36,24.69,0.51,68175.23,4
38,3.96,1.828796387,0.285761863,4.279168606,2.17316,341.6808167,340.1384744,-711.0983887,-706.8312378,-709.0464219,26.86693964,1,49.07328771,3.015676899,54218.5,994.8,201.938,380.854,33.8,0.530224180394587,58466.08,0.93,0.49,4.27,0.69,75701.18,4
39,8.84,6.705566406,0.285762399,24.08910561,9.781368901,512.3687744,504.899765,-882.0911865,-860.755188,-874.1964626,11.02213023,3,19.93363977,4.221241363,63382.9,1179.4,181.372,500.362,135.3,0.362481563348136,69687.26,0.91,0.37,21.34,0.57,193511.8,4
40,0.61,0,0.808384717,3.035417557,1.93777342,472.4399719,472.0648592,-841.5527954,-840.3336182,-841.0721623,0,0,103.8115357,0,3722.8,219.4,68.11,69.762,136.6,0.976319486253261,3723.11,1,0.43,1.22,0.97,165701.8,4
41,2.13,1.219238281,1.428716064,6.714574337,3.870495059,191.1095886,189.5554866,-560.8320313,-555.9552002,-558.6946426,26.23886856,0,17.49257905,19.99151891,11896.4,416.3,105.951,143.031,89.6,0.740755500555824,12173.77,0.98,0.45,4.88,0.86,15514.07,3
42,0.3,0,0.63910073,5.697538853,2.934486034,169.7735901,168.5946488,-538.8864136,-535.2288208,-537.6269497,0,0,30.61719341,59.32081222,7767.7,328.1,81.625,116.431,90,0.701058996315414,7849.13,0.99,0.35,3.66,0.91,10731.85,3
43,1.22,0,0,3.721393824,2.466446852,137.4647827,136.8312875,-506.5776062,-504.7488098,-505.9142187,0,0,51.43261851,34.28841233,7803.1,323.6,92.913,105.923,90.6,0.877174928957828,7909.56,0.99,0.38,1.83,0.94,5159.73,3
44,1.52,0.30480957,0,4.746021748,2.830338809,309.0671692,307.7315602,-678.1799927,-674.8272095,-676.7758762,0,0,33.74237884,6.748475765,13215.6,446.3,102.593,178.93,24.8,0.573369474096015,13448.79,0.98,0.43,3.35,0.84,58918.61,4
45,3.05,3.048034668,0,13.46831989,4.276430445,292.3031921,282.8959989,-661.4160156,-630.6312256,-651.8193793,2.883029208,2,47.42085974,21.17535246,149516.4,2176.1,299.603,759.838,159.9,0.394298521526957,185122.4,0.81,0.31,30.78,0.4,47478.67,4
46,0.91,0.609619141,0.285824001,4.241312027,2.140017179,338.632782,337.9367689,-707.7456055,-705.9168091,-706.9358466,12.11030385,1,77.20318706,3.027575965,9819.2,382.7,92.095,150.987,65.9,0.609953174776636,9939.07,0.99,0.47,1.83,0.84,74494.48,4
47,0.61,0.30480957,0.285824537,6.439972401,2.529604774,471.8304138,470.9557495,-840.6384277,-838.2000122,-839.8996018,33.14805347,0,25.66300915,4.277168193,13900.9,470.3,104.833,181.116,71.7,0.578816890832395,14438.9,0.96,0.32,2.44,0.79,164800.07,4
48,0.91,0,0,4.855619907,1.937727035,470.306366,469.6615,-839.4191895,-837.5903931,-838.5882241,1.04831607,0,92.25181423,4.193264282,14179.1,557.7,81.16,240.02,8.2,0.338138488459295,15211.11,0.93,0.48,1.83,0.57,163750.93,4
49,4.88,2.133605957,0.639100134,8.897986412,4.605917109,198.1199646,194.9794152,-567.8424072,-560.8320313,-564.1221405,12.21592927,1,11.2762424,5.168277767,31636.4,777.6,171.86,268.206,50.8,0.640776119848176,36429.79,0.87,0.54,7.01,0.66,16894.65,3
50,0.91,0.30480957,0.285825044,3.721302986,1.495938485,471.2207947,470.7552684,-840.3336182,-839.1143799,-839.6852051,48.66872484,1,26.20623646,0,7940.8,329.6,89.141,108.343,128,0.822766583904821,8087.99,0.98,0.58,1.22,0.92,164637.34,4
51,0.61,0.30480957,0.285825312,4.509960175,2.2304303,472.4399719,471.8673493,-841.5527954,-839.723999,-840.8554688,31.18028966,1,51.96714943,5.93910279,10011,389.1,92.614,153.448,90.2,0.603552995151452,10296.15,0.97,0.4,1.83,0.83,165541.04,4
52,2.74,1.219177246,1.030454278,7.237055302,3.822035217,287.7311707,285.8637253,-657.1488037,-651.9672241,-654.9151229,12.85287079,1,57.45989295,11.34076835,19660.2,576.4,105.763,227.927,90.1,0.464021375264887,20429.52,0.96,0.44,5.18,0.75,48780.79,4
53,10.67,2.743225098,0,27.71292686,8.463850587,563.8800049,555.4111039,-933.602417,-902.5128174,-924.4167699,27.56022808,0,16.60914407,16.06158987,81439.3,1417.5,178.664,630.557,127.7,0.283343139478271,88584.6,0.92,0.3,31.09,0.51,240503.05,4
54,1.22,0.30480957,0.808385432,19.80778313,10.1397598,792.78479,787.4542128,-1162.812012,-1146.352783,-1156.551189,0,0,1.505710476,28.60849904,19743.7,582.9,108.678,234.317,116.9,0.463807576915034,21009.86,0.94,0.38,16.46,0.73,521940.09,4
55,3.96,0,0,1.616297722,0.759701911,474.5735779,474.3241882,-843.3815918,-843.0767822,-843.2338053,99.95329752,0,0,0,4907.5,255.3,69.701,81.996,89.5,0.850053661154203,4912.42,1,0.72,0.3,0.95,167546.29,4
56,3.66,0,0,1.6164639,0.78441313,474.2687683,473.949827,-843.0767822,-842.4672241,-842.8216326,69.99818317,0,31.3784959,0,6158.2,294.4,81.35,92.404,4.4,0.880373144019739,6330.89,0.97,0.5,0.61,0.9,167239.96,4
57,0.91,0.609619141,0.639103591,9.49865818,3.258615794,367.8935852,366.4164816,-737.0064087,-732.7391968,-735.4062031,0,0,54.17783076,16.74587496,15089.7,494,107.131,204.085,55.2,0.524933238601563,15408.14,0.98,0.38,4.27,0.78,90851.9,4
58,3.66,0,0,1.829452038,0.689220343,474.2687683,474.1354408,-843.0767822,-842.7720337,-842.9625015,72.0379806,0,9.00474757,0,4952.1,294.4,66.295,108.902,18.8,0.608758333180291,5465.45,0.91,0.56,0.3,0.72,167391.81,4
59,1.22,0.30480957,0,3.484534979,1.547734953,506.2727966,505.9786821,-875.3856201,-874.1663818,-874.9685123,0,0,99.41817393,1.841077294,8073.6,338.3,82.544,124.185,72.2,0.664685751097153,8113.92,1,0.37,1.22,0.89,194462.2,4
60,0.61,0,0,3.088582516,1.121739766,192.0240173,191.9125016,-561.1367798,-560.5272217,-560.8691823,0,0,4.905408752,53.95949628,6060.3,314.2,65.736,116.992,108.4,0.561884573304158,6507.54,0.93,0.53,0.61,0.77,16106.78,3
61,2.13,0,0.404217243,3.964538097,1.698028694,472.4399719,471.5981712,-841.5527954,-839.723999,-840.5271355,0,0,102.4362181,0,9141.7,427.8,64.119,179.734,95.7,0.35674385480766,9747.4,0.94,0.59,1.83,0.63,165322.07,4
62,3.35,2.438415527,0,9.250658989,2.794744484,472.7447815,470.6050405,-842.1624146,-836.6760254,-839.5107821,19.30780574,1,33.8454477,1.817205246,65437.4,1466.8,177.68,645.715,102.1,0.27516783720372,79586.75,0.82,0.49,5.49,0.38,164515.45,4
63,5.79,3.047973633,0.28582558,10.71917057,4.576583419,194.4623718,190.8501288,-563.8800049,-553.2120361,-559.831762,4.120621412,1,29.16132076,25.35767023,46894.3,930.8,211.219,335.243,21.8,0.630047458112474,53395.85,0.88,0.38,10.67,0.68,15838.25,3
64,0.91,0,0.857422948,13.70283031,4.569549898,554.7359619,552.690446,-923.5440063,-916.5336304,-921.7219822,0,0,32.88634725,8.769692597,6779.8,317.1,73.335,120.428,120.5,0.608953067392965,6972.89,0.97,0.26,7.01,0.85,237841.97,4
65,0.3,0,0.571641564,4.703282833,2.614944027,170.3832092,169.5977502,-539.4960327,-537.6672363,-538.6988431,0,0,37.25935653,70.37878453,3590.4,221.7,56.449,81.143,89.7,0.695673070998114,3610.77,0.99,0.46,1.83,0.92,10940.69,3
66,0.61,0.30480957,0,6.007258892,2.889456991,189.8904114,188.965627,-559.0032349,-555.6503906,-557.8959778,3.457090166,1,81.58732794,1.382836067,21498.1,690.4,95.456,297.714,125.5,0.320629866247472,23049.68,0.93,0.34,3.35,0.57,15367.48,3
67,0.61,0.30480957,0,4.642621994,2.363606362,336.8039856,336.2814723,-706.2216187,-704.3928223,-705.3507443,2.430653877,0,82.64223185,4.861307756,6115.3,287.6,81.573,94.152,89.8,0.866396890135101,6157.78,0.99,0.5,1.83,0.93,73593.64,4
68,0.3,0.30480957,0.285824269,4.987217426,2.032234595,473.3544006,471.9290013,-842.1624146,-838.8096313,-840.8468336,0,0,78.51783769,7.407343178,20066.8,591.8,116.96,232.632,13.6,0.50276832078132,21584.59,0.93,0.4,3.35,0.72,165591.21,4
69,0.91,0,0.903799713,3.839540482,2.166957127,194.7671814,194.5551559,-564.489624,-562.9656372,-563.7474843,0,0,13.15092467,65.75462335,3390.8,222.1,51.028,85.311,161.5,0.598140919693826,3448.29,0.98,0.52,1.52,0.87,16784.54,3
70,1.22,1.219177246,0,20.5189209,5.642882894,321.5639954,312.7597713,-690.3720093,-663.244812,-681.6490276,6.837571729,1,47.08327901,3.058913668,247823.7,3098.6,324.53,1381.818,52.2,0.234857267744377,326666.87,0.76,0.32,27.13,0.33,61384.9,4
71,2.74,2.438415527,0.285824805,24.42120743,8.450055645,558.0887451,550.2196602,-927.5064087,-906.4752197,-919.3430714,9.925303219,1,26.7551652,6.041488915,34444.8,706.2,180.96,249.71,135.3,0.724680629530255,35680.15,0.97,0.39,21.03,0.87,235438.12,4
72,10.06,8.839172363,0.285827905,21.90893936,7.246435296,176.4792175,168.6656057,-547.4207764,-516.3311768,-537.6668341,7.776113225,5,38.38684465,8.640125805,120425.3,1885.7,262.772,789.886,168.3,0.332670790468498,148007.78,0.81,0.31,31.09,0.43,10746.56,3
73,1.83,0.914428711,0.285828412,4.839030743,2.390541682,468.7823792,467.7780542,-838.2000122,-834.847229,-836.7359689,39.63454676,0,33.16360035,1.617736602,18376.5,520.3,113.589,197.502,67.9,0.575128353130601,18730.68,0.98,0.45,3.35,0.86,162230.16,4
74,0.3,0,0.285771698,3.531018257,2.046308861,231.3431702,230.0013768,-600.1511841,-597.40802,-598.9320103,0,0,60.4430944,24.4097112,12787.8,418.7,118.071,141.903,90.1,0.832054290606964,13062.73,0.98,0.46,2.74,0.92,27225.45,3
75,1.83,0.30480957,0.285829186,10.28054237,4.037824428,193.5480042,189.7554305,-562.9656372,-551.9927979,-558.731769,0,0,13.18860856,32.97152139,29303.1,683.6,178.143,203.509,90,0.875356863824204,31195.97,0.94,0.39,10.97,0.79,15563.92,3
76,9.75,0.609558105,1.428860307,16.2005043,7.953054681,562.355957,558.9125845,-932.6879883,-921.71521,-928.4002182,51.84975956,0,23.19594507,9.551271499,10893.7,443.3,77.96,186.453,143.1,0.418121456881895,11335.45,0.96,0.39,10.97,0.7,243949.64,4
77,2.13,0.914367676,1.538749695,7.650280952,4.936926157,145.3896179,143.7828661,-515.1119995,-509.6256104,-513.0350141,0,0,21.83962415,8.735849657,10209.1,369.8,106.134,117.385,179.9,0.904153000809303,10232.04,1,0.39,5.49,0.94,6206.74,3
78,1.83,0.914428711,0,3.881744385,1.755754826,363.3216248,361.8487294,-732.1296387,-728.4719849,-730.7239209,0,0,43.13152743,25.02287087,45145.7,878.4,181.596,335.624,13,0.541069768550521,48686.95,0.93,0.4,3.66,0.74,88119.17,4
79,9.45,8.229614258,0,20.05059242,4.757751717,351.7391663,345.0543147,-721.1567993,-678.1799927,-713.9676586,14.89023878,4,43.06351597,4.537977534,314448,4483.6,456.979,1486.976,58.9,0.307321032753723,538221.3,0.58,0.17,42.98,0.2,78430.42,4
80,1.22,0,0.404220551,10.51729774,5.714880521,241.0967712,237.6383724,-610.8192139,-601.6752319,-606.6757402,0,0,0,0.999478042,14871.9,534.8,104.652,202.462,179.6,0.516896997955172,17036.11,0.87,0.46,9.14,0.66,29804.01,3
81,8.23,7.619995117,0.404212117,27.45966911,13.95273397,274.0151672,229.9780234,-647.0903931,-523.0368042,-599.133343,7.34588379,1,3.4892948,10.10059021,80938.6,1724.6,223.339,629.643,128.1,0.354707350038037,124029.09,0.65,0.39,124.05,0.34,27217.75,3
82,0.91,0.609619141,0.404220909,4.354526043,2.308158829,187.1471863,186.3783665,-556.5648193,-554.1264038,-555.427493,1.470222147,0,76.45155167,4.410666441,10110.1,367.8,98.018,130.502,115.4,0.751084274570505,10133.67,1,0.49,2.44,0.94,14732.71,3
83,5.18,1.219177246,0,3.230358601,1.709771405,365.4551697,364.2745363,-734.2631836,-731.8248291,-733.1596249,38.57896477,1,34.75926529,3.055759586,38914.4,826.1,157.749,317.952,11.6,0.496140926932367,41107.85,0.95,0.47,2.44,0.72,89565.25,4
84,8.23,6.096008301,0,21.52260971,7.08573122,358.4447937,306.4773686,-727.8624268,-622.4016113,-675.4070489,3.298168365,0,12.46939092,6.929046697,1027547.5,14248.8,842.024,4004.241,79.2,0.210283047398995,2200000,0.47,0.5,105.46,0.06,58311.32,4
85,0.61,0,0,10.55799961,2.878613793,476.7071838,475.4802829,-845.5151978,-840.6384277,-844.3886108,2.634400905,0,43.46761493,28.97840996,11284.6,505.5,97.766,198.256,9.4,0.493130094423372,13456.28,0.84,0.24,4.88,0.56,168494.06,4
86,3.05,0.609619141,0.639114022,5.697640419,2.670596938,257.2511902,256.3411499,-626.3640137,-623.9255981,-625.3712324,0,0,5.692898527,68.31478233,10444,388.4,108.817,128.701,71.6,0.845502365948983,10791.43,0.97,0.42,2.44,0.87,36611.44,4
87,0.91,0.30480957,0.285830498,5.619287491,2.20655899,467.5632019,466.8695093,-836.6760254,-833.9328003,-835.7931392,33.80924814,0,52.46262642,3.497508428,12749.8,444.3,93.758,165.374,89.9,0.566945227182024,12986.46,0.98,0.33,2.74,0.81,161499.1,4
88,4.57,0.914367676,0,3.230393648,1.647976625,363.9311829,361.558111,-732.7391968,-726.6431885,-730.4410186,23.235641,1,62.53542885,4.876616011,51816.8,1152.3,159.344,471.671,8.5,0.337828698393584,61697.73,0.84,0.38,6.1,0.49,87946.71,4
89,0.91,0.30480957,0,5.532461643,2.479104238,467.8680115,467.1195468,-836.980835,-834.5424194,-836.1206028,40.17220845,0,37.94041908,2.231789358,13320.4,451,100.568,174.675,113.7,0.575743523686847,13703.44,0.97,0.37,2.44,0.82,161700.13,4
90,3.66,2.743225098,0,12.95067883,3.782926509,168.8592224,166.8359776,-538.8864136,-531.571228,-535.8812408,5.958108652,1,55.24791658,4.874816169,27442.5,661.4,171.53,222.575,114.2,0.770661574750084,29217.38,0.94,0.42,7.32,0.79,10370.57,3
91,10.97,7.924804688,0,12.12924194,4.615286335,182.5751648,172.8595686,-551.9927979,-531.571228,-541.7998391,3.152771307,6,38.64862757,3.478920063,273448.4,3888.4,457.192,1563.31,84.7,0.292451273259942,536428.56,0.51,0.5,20.42,0.23,11633.69,3
92,2.44,0,0,4.035467625,1.863682862,361.7975769,360.734177,-730.6055908,-727.8624268,-729.6573378,25.92886292,0,57.49443518,11.27341866,13185.1,432.3,111.522,163.101,46.9,0.683760369341696,13441.34,0.98,0.36,2.74,0.89,87458.7,4
93,3.05,1.523986816,0.808325052,24.17881584,11.63259303,225.5519714,220.0188919,-595.2744141,-575.1575928,-589.1956157,0,0,7.248333514,40.26851953,18456.3,536,110.695,217.407,21.4,0.509160238630771,18898.73,0.98,0.3,20.12,0.81,24030.86,3
94,13.72,0.30480957,0,18.74573135,8.849315988,330.0984192,309.4644342,-699.5159912,-633.0695801,-678.3727983,4.670976677,0,5.632648346,18.68390671,108196,1925.3,363.79,506.778,163.3,0.717848841109914,137008.6,0.79,0.32,66.45,0.37,59762.86,4
95,2.74,1.219177246,0,3.974700689,2.107833826,478.5359802,477.176703,-847.6488037,-844.6008301,-846.1134518,39.46055882,0,47.47598483,4.932569853,24107.7,595.5,161.983,204.838,148.9,0.790785889336939,25162.73,0.96,0.52,3.05,0.86,169889.63,4
96,1.52,0,0.404224932,11.20193863,2.909477662,342.8999939,342.0649167,-712.0128174,-708.3552246,-711.0065425,4.182492009,0,89.22649618,2.788328006,10661.7,435.3,79.168,174.771,68.4,0.452981329854495,11410.99,0.93,0.28,3.66,0.71,76764.97,4
97,0.3,0,0,2.940139532,1.290165231,417.5760193,417.5655086,-786.6887817,-786.3840332,-786.5311532,0,0,101.0950964,0,4263.9,251.4,54.722,97.167,19.3,0.563174740395402,4337.3,0.98,0.77,0.3,0.85,124302.44,4
98,13.11,1.219238281,0.285827905,14.98757553,4.839259615,329.7936096,318.0057648,-698.9064331,-668.4263916,-686.8985643,9.28395888,0,61.1942666,6.289133435,148898.3,1980.6,352.24,636.662,70.1,0.553260599815915,167132.77,0.89,0.4,30.48,0.48,64011.92,4
99,2.13,2.133605957,0,17.79162025,6.734303287,166.4208069,152.9606014,-536.447998,-495.9096069,-521.9252009,2.859804794,2,34.01124987,13.379801,145533,1948.2,228.476,826.532,161.5,0.276427288961589,164546.41,0.88,0.36,40.54,0.48,7737.07,3
100,2.44,0.914428711,0.571652472,10.75572014,4.036053478,818.9976807,817.8146062,-1189.939209,-1184.757568,-1187.103031,13.39707653,1,61.96147898,18.42098024,8876.1,455.4,70.949,187.989,134.6,0.377410380394598,10349.31,0.86,0.56,5.18,0.54,566729.83,4
101,4.88,3.352783203,0.285828948,33.37652969,5.458614107,823.5695801,818.8981686,-1193.596802,-1180.795166,-1187.906679,8.221562527,2,53.04233888,3.182540333,56046.3,991.4,225.813,337.257,3.1,0.669557637054235,61960.5,0.9,0.45,12.8,0.72,568362.45,4
102,5.79,0.609619141,0,3.72142148,1.495434928,366.0647888,364.4888303,-734.8728027,-731.5200195,-733.3727931,25.55793118,0,53.73718864,3.931989412,45363.7,1023.5,167.644,426.488,22.5,0.393080227345201,50270.7,0.9,0.46,3.35,0.55,89693.56,4
103,2.13,0.609558105,0.285827905,34.93693161,12.34684312,504.7488098,493.0731037,-874.1663818,-835.7615967,-862.0427827,6.764261121,0,2.1138316,13.10575592,70318.5,2228.7,235.343,763.636,148.3,0.308187408660671,132895.19,0.53,0.32,38.4,0.18,183246.58,4
104,1.52,0,0.571652949,2.303191423,1.472954622,474.8783875,474.4910329,-843.9912109,-842.7720337,-843.4641469,57.50008967,0,42.59265902,0,6979.7,309.2,89.304,101.434,107.8,0.880414851036142,7092.25,0.98,0.47,1.22,0.92,167682.91,4
105,1.52,0.30480957,0,5.987304688,2.162252922,463.6007996,463.0747622,-832.713623,-830.8848267,-832.0941733,20.46021695,0,47.21588525,6.295451366,9444.4,403.9,87.343,162.984,116.5,0.535899229372208,9841.18,0.96,0.36,1.83,0.73,158463.52,4
106,3.05,2.133605957,0,31.58056831,8.757894781,302.3616028,259.263329,-671.7792358,-533.0952148,-628.2110549,6.090844504,1,21.69277696,18.13197556,317253,4689.4,540.288,1531.204,111.6,0.352851742811539,579361.8,0.55,0.31,138.68,0.18,37738.24,4
107,15.24,3.962402344,0.285833329,16.32029152,6.334486186,245.6687927,234.4925128,-615.0864258,-583.387207,-603.4665905,22.0675716,0,16.51598126,27.06400291,107098.3,1497.1,334.081,515.833,127.9,0.647653407207371,124297.38,0.86,0.37,31.7,0.6,28727.71,3
108,2.74,0.30480957,0,11.9824152,3.390959898,258.4703674,257.0584203,-627.2783813,-622.4016113,-625.9914796,0,0,31.15030786,41.25311041,17655.5,543.6,105.799,214.139,0.2,0.494066937830101,18564.36,0.95,0.27,4.88,0.75,36886.44,4
109,3.05,1.219238281,0.808417678,5.946850777,3.116854232,465.1247864,463.8980687,-834.5424194,-831.4943848,-833.0033554,36.40441323,1,24.26960883,12.13480441,12249.2,405.1,115.348,141.575,125.9,0.814748366590147,12390.64,0.99,0.52,3.05,0.94,159119.67,4
110,3.35,2.438476563,1.666118741,15.63213062,7.765848319,789.4320068,781.921013,-1159.764038,-1138.427979,-1151.135963,0.55905649,0,12.85829925,35.22055883,26587.9,683.6,164.632,242.084,166.4,0.680061466267907,29379.41,0.9,0.41,21.34,0.72,513975.74,4
111,3.66,0.914428711,0.639126182,15.18502426,5.308743824,276.1487732,273.9351165,-645.8712158,-637.336792,-643.004019,0,0,0,21.28703999,17456.8,489.6,137.892,164.969,75.7,0.83586613242488,17811.34,0.98,0.34,8.53,0.92,43653.88,4
112,6.71,3.352783203,0,15.88260078,5.057501978,312.724823,308.4718375,-682.4472046,-669.9503784,-677.4496279,3.716108674,1,5.388357579,24.89792812,79998.4,1660.1,171.905,738.132,50.4,0.232891948865515,99431.52,0.8,0.4,12.5,0.37,59278.54,4
113,6.71,0,0.285775065,5.240252018,2.090191027,560.8320313,557.24113,-929.6400146,-922.0200195,-926.0906253,10.94932486,0,80.78826183,7.398192475,50229,952.3,243.492,303.008,175.9,0.803582743689936,56729.81,0.89,0.47,7.62,0.7,242301.33,4
114,3.66,3.657592773,0,16.56223488,4.080386997,178.0032043,161.410026,-547.4207764,-511.1495972,-530.3501964,1.955318181,2,22.45973586,5.548875919,281270.5,4351.1,552.687,1692.318,140.9,0.326585783522955,601938.05,0.47,0.47,36.27,0.19,9294.89,3
115,2.13,0.914367676,0.63912797,7.921709538,4.87585374,146.6087952,143.714355,-516.3311768,-507.1871948,-512.7922692,7.623406544,1,33.5429888,26.68192291,19498,522,131.751,179.355,101.2,0.734582253073514,19997.46,0.98,0.39,9.14,0.9,6195.95,3
116,0.61,0,0.285835922,14.27187157,5.808088438,341.3760071,338.8824158,-710.4888306,-698.9064331,-707.8507148,0,0,67.92920822,0.859863395,17286.6,534,118.183,203.218,89.8,0.581557736027321,17919.22,0.96,0.23,11.58,0.76,75011.58,4
117,2.44,0.30480957,0,22.26718712,12.71151499,337.1087952,312.427264,-706.2216187,-643.1279907,-681.3633501,0,0,7.550753678,54.88108771,80711.1,1164,312.243,375.71,99.4,0.831074498948657,88144.25,0.92,0.39,63.09,0.75,61220.25,4
118,2.44,2.133605957,0,23.91365242,6.836357901,365.1504211,346.57672,-734.5679932,-690.0671997,-715.5413174,3.593289811,3,53.78705686,5.839095943,264744.9,3881.8,467.584,1342.097,76.3,0.348398066607704,408389.87,0.65,0.43,44.5,0.22,79285.45,4
119,1.83,0.30480957,0,4.642789841,2.639882979,457.5047913,456.895193,-826.6176147,-825.0936279,-826.0451779,26.10141613,0,68.81282435,2.372856013,6264.2,286.2,81.827,93.499,0.9,0.875164440261393,6289.08,1,0.4,1.52,0.96,153581.84,4
120,0.61,0.609619141,0,8.134339333,3.123557584,388.3152161,375.7428886,-757.12323,-722.6807861,-744.6204636,2.743506133,1,48.79521623,17.57150357,227553.4,3477.4,439.386,1353.19,143.5,0.324703847944487,395071.31,0.58,0.36,34.44,0.24,96561.14,4
121,2.44,1.219238281,0,4.905495644,2.011276408,424.5863953,421.8628581,-793.6992188,-786.9935913,-790.734493,20.77932232,1,58.37100543,2.266835162,78686.7,1302.3,233.492,524.651,5.2,0.445042513975957,89877.47,0.88,0.45,6.71,0.58,127351.1,4
122,1.22,0.914367676,0.404233366,5.865089893,2.491664527,459.0287781,458.19974,-828.1416016,-825.3984375,-827.1388159,59.24070162,0,15.06119533,1.004079688,14803.7,472.7,105.846,178.388,89.7,0.593347086126869,14975.84,0.99,0.38,2.74,0.83,154606.04,4
123,6.4,1.219238281,0,20.67894936,5.740981997,348.9960022,341.7365044,-718.1088257,-677.265625,-710.6429346,11.54574173,1,56.6001775,1.996632028,171226,2514.8,406.439,809.296,45.9,0.502213034538661,254235.38,0.67,0.18,40.84,0.34,76583.09,4
124,13.11,0,0.285839051,16.92553711,6.935697325,309.9815979,303.0181821,-678.7896118,-651.357605,-672.0052676,0,0,6.681074327,81.00802621,35597,818,191.334,275.924,89.9,0.693430074948174,40750.15,0.87,0.25,27.43,0.67,56652.66,4
125,5.18,1.523986816,0,7.04094696,2.715820339,399.2879944,391.9591062,-768.0960083,-744.9312134,-760.8373958,13.81096555,1,46.48568893,21.62595094,220632.6,3201.7,384.735,1057.489,161,0.363819387246581,365980.72,0.6,0.31,23.16,0.27,106902.26,4
126,21.34,5.79119873,0.285835415,28.48711967,6.639487937,561.7463379,549.6878597,-931.468811,-904.0368042,-918.6848297,13.99377594,1,13.41070194,26.96717239,101970.9,1578.1,225.941,676.165,115.6,0.334150688071699,113409.34,0.9,0.47,27.43,0.52,234922.32,4
127,3.66,0.30480957,1.030507565,10.81392288,3.804886866,300.5328064,299.1672913,-669.3408203,-666.5975952,-668.2557227,0,0,3.929020274,94.29648663,3783.2,242.2,56.476,91.937,89.1,0.614290220477066,3922.28,0.96,0.41,2.74,0.81,54834.32,4
128,0.61,0.609619141,0.285839289,9.552824974,4.151716856,174.3456116,172.6848615,-543.4584351,-536.7528076,-541.6751874,0,0,0,82.97588076,15764.2,490.8,124.496,170.69,108.5,0.729369031577714,16374.68,0.96,0.27,6.71,0.82,11596.03,3
129,2.13,0.30480957,0,6.850960732,1.872475655,459.3335876,457.9097127,-828.4464111,-824.7888184,-826.7974719,15.40714671,1,66.96182992,2.666621545,50167.3,1427.5,118.92,643.389,85.6,0.184833747546197,59364.13,0.85,0.46,3.66,0.31,154378.04,4
130,1.83,0.30480957,0.80842942,9.139511108,3.543761366,452.9327698,451.5852637,-822.0455933,-817.4736328,-820.6499465,11.89560832,1,63.44324435,13.21734257,11245.9,394.8,111.244,131.286,56.4,0.847340919823896,11510.89,0.98,0.31,4.57,0.91,149448.17,4
131,0.3,0.30480957,0.285839558,5.240317345,3.031516093,239.2679749,237.5939345,-608.3807983,-603.8088379,-606.5613826,0,0,51.43906718,28.05767301,9535.9,361.2,97.36,128.128,127.3,0.759865134865135,9636.51,0.99,0.41,4.57,0.92,29788.67,3
132,1.83,0.30480957,0.404235929,4.746330261,2.843453702,212.1407776,211.2663659,-581.2536011,-578.8151855,-580.3442023,0,0,72.77528015,18.61693214,8782.6,350.1,93.898,117.855,89.5,0.796724788935556,8802.89,1,0.39,2.44,0.9,21393.85,3
133,0.3,0,0,24.81940079,13.31036904,332.2320251,322.1999966,-701.3447876,-673.3032227,-691.1880109,0,0,0,18.30604786,18675.5,535.8,117.946,201.372,89.6,0.585712015573168,19440.33,0.96,0.36,28.04,0.82,66151.84,4
134,4.88,0.30480957,0,3.230522156,1.555827381,365.1504211,363.782098,-733.9584351,-730.3007813,-732.6560875,2.16920873,0,43.38417458,32.53813093,34261.7,722.2,185.428,245.155,58.6,0.756370459505211,36183.5,0.95,0.37,3.66,0.83,89270.74,4
135,0.3,0.30480957,0.285838515,17.97421837,7.426841959,475.183197,470.3998964,-844.2960205,-830.2752075,-839.3742775,0,0,0,0.389875241,38125.4,877.9,145.485,373.23,148.1,0.389799855317097,40618.66,0.94,0.35,14.02,0.62,164349.08,4
136,0.3,0,0,2.457357407,1.303676199,455.9808044,455.482558,-824.7888184,-823.5695801,-824.4136681,0,0,96.99491373,0,7968.8,336.5,87.43,119.554,153.6,0.731301336634492,8067.68,0.99,0.34,1.22,0.89,152476.63,4
137,9.75,7.619995117,0,22.01641274,8.078881649,168.8592224,161.0157285,-538.2767944,-509.6256104,-529.9801242,22.71917407,4,9.184346964,1.519215287,215250,3646.7,280.836,1623.646,108.8,0.172966274668247,320831.32,0.67,0.29,28.65,0.2,9219.02,3
138,1.22,0.609558105,0,5.30163908,2.09612701,456.5904236,455.3006451,-826.0079956,-820.826416,-824.191442,12.1622069,0,24.94811672,11.22665252,47664.2,1164.4,133.85,506.62,95.9,0.26420196597055,56105.7,0.85,0.36,5.18,0.44,152334.59,4
139,0.91,0.609558105,0.903841496,4.642848492,2.848174169,168.5544128,167.7982577,-537.9719849,-535.5336304,-536.8759026,8.123864674,0,24.37159403,16.24772935,7318.8,314.4,93,96.874,65.5,0.960009909779714,7454.65,0.98,0.47,2.44,0.93,10567.48,3
140,3.05,1.219177246,1.143222213,7.85629797,4.89214964,157.2767639,154.6906106,-526.9992065,-519.3792114,-523.8988654,19.21493705,1,18.20362458,20.22624953,14697.9,460.8,124.965,156.289,69,0.799576425724139,15222.85,0.97,0.41,7.62,0.87,8044.41,3
141,0.61,0.609619141,0.285783619,6.502589703,3.031904871,457.1999817,455.3595474,-826.3128052,-821.4360352,-824.315107,19.66162912,0,34.88353554,6.976707107,23435.9,617.9,130.849,249.118,65.7,0.525249078749829,24215.12,0.97,0.42,4.88,0.77,152380.58,4
142,0.61,0,0.28578648,2.856100559,1.313744221,470.0016174,469.8160812,-839.1143799,-838.2000122,-838.7831102,8.77047175,0,74.54900987,13.15570764,3389.6,214.6,57.659,69.263,90.6,0.832464663673245,3414.05,0.99,0.41,0.91,0.93,163876.06,4
143,0.61,0,0.639144719,5.255788803,3.185002774,237.4391785,236.7123671,-606.8568115,-604.418396,-605.8955172,0,0,99.01924374,3.960769751,3752.8,223.9,57.578,80.021,0.2,0.719536121768036,3755.19,1,0.41,2.44,0.94,29485.14,3
144,10.97,0.914428711,0.639132559,9.10936451,5.096722768,241.7063904,231.4499052,-610.8192139,-584.6063843,-600.3691036,13.71408161,0,15.40196857,39.66534372,70450.9,1235.4,251.519,451.726,123,0.556795491072022,80824.13,0.87,0.4,26.21,0.58,27705.57,3
145,1.83,0.30480957,0,17.83653641,8.434119443,161.8487854,158.2281374,-531.571228,-517.2456055,-527.4379337,0,0,0,0,9969.4,393.3,113.552,127.051,53.8,0.893751328206783,10756.05,0.93,0.29,14.33,0.81,8691.49,3
146,24.99,2.438415527,0.285845011,12.00819111,5.029457407,280.1111755,267.2454572,-649.5288086,-620.5728149,-636.170224,4.076658466,1,24.66378372,36.18034389,145846.3,1891.7,379.896,695.753,30,0.546021361028986,179978.42,0.81,0.46,28.96,0.51,40903.22,4
147,0.91,0,0.285844743,4.642902851,2.273488628,391.6679993,390.8503549,-760.7808228,-758.0375977,-759.8809243,10.74177414,1,36.82893989,36.82893989,9686.4,371.8,106.059,118.663,127.5,0.893783234875235,10130.58,0.96,0.34,2.74,0.88,106178.45,4
148,0.61,0,0,4.035662651,2.257720333,368.8080139,366.6508536,-737.6160278,-731.8248291,-735.5555125,0,0,50.29574114,24.54432168,36941.9,750.4,160.828,285.347,150.5,0.563622536771019,38010.53,0.97,0.36,5.79,0.83,90993.24,4
149,0.91,0,0.404243261,5.043951511,2.423067418,158.8008118,158.0015428,-527.9136353,-525.7800293,-526.9721191,0,0,33.38988719,42.29385711,6677.5,310.9,69.3,117.459,89.2,0.589993103976707,6755.54,0.99,0.46,2.13,0.87,8649.29,3
150,10.36,0,0,7.412108898,2.59107355,241.4015808,239.8846819,-610.2095947,-605.9423828,-608.8025633,0,0,55.77564543,23.7343172,12525.4,413,114.39,140.771,14.1,0.812596344417529,12684.47,0.99,0.34,4.27,0.93,30584.65,3
151,1.52,1.219238281,0,29.89941025,8.918105566,469.6968079,461.2379646,-838.8096313,-801.6240234,-830.2777291,19.40544811,0,19.40544811,2.494986185,53618.4,1099.5,237.208,389.348,60.4,0.609244172308577,62421.48,0.86,0.23,37.19,0.56,157004.52,4
152,8.53,4.572021484,0,28.71323776,7.132244273,562.355957,528.6721826,-931.468811,-864.7175903,-897.6288566,1.13300328,2,21.18452645,5.928505537,564127.4,9276.2,964.622,1888.704,12.1,0.510732226966216,1300000,0.43,0.51,66.75,0.08,214991.89,4
153,0.91,0.30480957,0,4.979409695,1.705742385,450.1896057,449.5688387,-819.3024292,-817.1688232,-818.5032371,30.67129647,0,47.2849154,19.1695603,11631.1,410.4,93.743,142.888,89.8,0.656059291193102,11826.28,0.98,0.39,2.13,0.87,147893.19,4
154,7.01,5.18157959,0,12.19603443,3.695860976,336.1943665,330.7513974,-705.9168091,-689.4575806,-699.7179081,7.551299441,4,67.47969713,1.285327564,92515.8,1327.5,325.689,434.794,90,0.749065074495048,107114.24,0.86,0.38,16.46,0.66,70623.81,4
155,5.49,0,2.079981089,5.301796436,3.429690032,332.5367737,331.3911733,-701.3447876,-698.9064331,-700.3148004,0,0,52.47806675,22.9591542,4531.9,262.3,54.941,103.712,116.8,0.529745834618945,4567.03,0.99,0.44,2.44,0.83,70964.26,4
156,3.96,2.743225098,0,17.30014038,5.356527533,249.6311951,243.0225755,-619.0488281,-595.8840332,-611.9988715,8.322064755,1,44.38434536,5.991886623,133958.4,2225.1,219.683,973.018,172.2,0.225774857196886,169025.05,0.79,0.31,23.16,0.34,31692.04,3
157,0.61,0.30480957,0.639152288,4.437744617,2.547350036,445.9223938,445.4528404,-815.3400269,-813.5112305,-814.5162271,0,0,94.24288871,2.771849668,5362.5,268.9,70.57,93.95,35.8,0.751144225651942,5413.67,0.99,0.48,1.83,0.93,144744.36,4
158,1.22,0.609619141,0.285847604,17.03063583,5.533675819,173.7359924,167.6779849,-542.8488159,-526.0847778,-536.6210909,0,0,12.94542128,75.19361722,53966.2,892.4,239.854,277.53,117,0.864245306813678,56214.69,0.96,0.37,16.76,0.85,10542.77,3
159,0.61,0,0.404165596,3.342010975,1.242610161,452.6280212,452.5365784,-821.7407837,-820.826416,-821.4207825,0,0,91.79439383,4.831283886,3076.6,201,56.686,69.07,179.9,0.820703633994498,3078.73,1,0.39,0.91,0.96,150184.6,4
160,0.91,0.304748535,0,15.18563652,3.819446602,322.4784241,319.8896305,-691.5911865,-684.5808105,-688.8561393,2.682547468,1,42.2501226,36.88502766,22164.2,666.9,136.73,254.356,78.7,0.53755366494205,25384,0.87,0.4,7.01,0.63,64968.72,4
161,0.3,0,0.639156878,6.661296844,2.996007277,180.7463684,180.1876017,-550.1640015,-548.3352051,-549.3850776,0,0,64.23789807,21.41263269,2776.7,197.9,47.51,70.923,17.7,0.669881420695684,2839.75,0.98,0.45,1.83,0.89,13268.18,3
162,0.3,0,0,2.175755501,0.943821314,231.6479797,231.4411556,-600.7608032,-599.8464355,-600.3580213,0,0,100.0926283,0,4158.1,247.9,69.645,85.498,146,0.81458045802241,4324.62,0.96,0.49,0.91,0.85,27702.66,3
163,25.6,0,0.857492089,6.874459744,4.147567816,322.4784241,319.0403525,-691.286438,-683.3616333,-687.9361924,0,0,0,61.28390471,17705.8,605.3,117.894,238.963,89.5,0.493356712126982,20312.59,0.87,0.43,7.92,0.61,64536.5,4
164,3.66,0.914428711,1.428958654,5.810063362,3.914769256,165.5063782,164.2230219,-535.2288208,-531.8759766,-533.469522,52.84768746,0,14.09271666,3.523179163,8437.9,343.7,97.306,109.204,161.7,0.89104794696165,8662.66,0.97,0.54,3.35,0.9,9845.21,3
165,12.19,9.143981934,0,28.32277489,7.195181798,221.8943787,207.2290527,-591.3120117,-557.7839966,-576.2056488,5.962555258,4,30.12937215,2.216170981,281699.4,4220.8,290.02,1832.819,138.1,0.158237119977477,400514.99,0.7,0.45,33.53,0.2,20229.1,3
166,2.13,1.219238281,0.285848618,24.70763969,7.801067366,169.7735901,164.8886286,-539.1912231,-520.2935791,-533.9034707,0,0,1.76385474,53.79756957,33708.3,733.4,163.942,284.848,120.7,0.575542043475819,35128.05,0.96,0.28,18.9,0.79,9977.74,3
167,0.3,0.30480957,0,22.25488853,7.409605805,528.5231934,515.2698221,-897.3312378,-860.1456299,-884.1948938,4.687023019,1,26.27199744,19.36480563,120510.9,1906.3,359.852,671.201,156.9,0.536131501591922,169652.78,0.71,0.35,37.19,0.42,202742.91,4
168,0.3,0.30480957,0.639157474,6.64319706,2.890310777,183.4895935,182.1941817,-552.602417,-549.2496338,-551.198716,0,0,1.295969764,51.8387906,11469.5,424.1,100.457,151.865,107.6,0.661488822309288,12045.56,0.95,0.43,3.35,0.8,13734.48,3
169,33.83,0,0,8.071279526,3.892319069,575.1575928,572.2120918,-943.9656372,-936.9552002,-941.1334018,2.266388429,1,28.10321653,57.56626613,32792.6,905.7,130.872,377.949,83.8,0.346268941047602,37448.05,0.88,0.41,7.01,0.5,257264.11,4
170,0.91,0.914367676,0,13.34211159,4.122835361,332.5367737,325.8950852,-701.6495972,-683.9711914,-694.8064627,5.746734207,1,45.43929373,34.7476952,111221.1,1838.5,372.817,537.763,70.9,0.693273802771853,153769.52,0.72,0.39,17.68,0.41,68066.25,4
171,10.67,0.30480957,0,15.34601402,4.675205786,238.3536072,227.8714683,-607.1616211,-579.4248047,-596.7684558,10.70411976,1,31.09980742,18.37058392,205518.4,3115.2,546.439,819.4,175.3,0.666876983158409,308071.09,0.67,0.38,27.74,0.27,26527.12,3
172,0.61,0,0,6.421864986,2.190293815,448.9703674,447.7232937,-818.0831909,-814.1207886,-816.6236039,0,0,28.03523851,45.55726258,21207.8,589.1,142.767,211.686,107.7,0.67442816246705,22680.78,0.94,0.38,3.96,0.77,146477.12,4
173,10.06,8.534362793,0.285848379,27.73233604,8.286194714,455.0663757,447.9665642,-827.5319824,-806.5007935,-817.1551214,25.79116689,0,5.698048498,21.89250213,49564.1,871.7,251.876,264.543,179.7,0.952117425144494,52817.52,0.94,0.5,21.03,0.82,146663.39,4
174,11.89,1.523986816,0.808298349,3.342035055,1.906886701,335.5848084,334.4796394,-705.0023804,-702.5640259,-703.4410878,38.01423223,1,61.09430178,0,21896.9,566.7,136.219,200.561,72.7,0.679189872407896,22546.18,0.97,0.67,2.44,0.86,72619.28,4
175,0.3,0,0.639160931,14.25151062,9.108706357,315.4679871,310.9938313,-684.5808105,-673.6080322,-679.8996808,0,0,2.447650306,4.895300615,12145.6,462.6,87.677,190.894,66.2,0.45929678250757,12736.28,0.95,0.43,10.97,0.71,60512.97,4
176,2.13,1.828796387,0.285791397,10.82496738,5.030616094,450.1896057,444.8986666,-819.9119873,-808.3295898,-813.8955255,0,0,25.03445698,50.06891396,40968.6,773.1,184.455,294.419,24.5,0.626505082892069,41872.7,0.98,0.52,11.58,0.86,144323,4
177,0.91,0,0,3.754285336,1.873018985,443.4839783,443.1261796,-812.5968018,-811.3776245,-812.0932193,0,0,77.72163375,12.95360562,3442.5,224.7,57.368,81.155,92.3,0.706894214774198,3538.74,0.97,0.45,1.22,0.86,142979.41,4
178,1.52,0,0.639164448,3.088830233,1.786972204,208.7879944,208.4679443,-577.9008179,-576.9863892,-577.6112488,57.7536682,0,33.68963977,0,3088.5,204.7,54.849,70.391,116.5,0.779204727877143,3105.31,0.99,0.36,0.91,0.93,20583.05,3
179,17.37,0,0.571687698,12.22138405,4.061324037,558.6983643,549.8949269,-927.5064087,-910.4376221,-918.775488,0,0,46.29313954,23.3246203,83482.7,1317.2,299.722,397.361,107.1,0.754281371347465,97122.51,0.86,0.51,17.07,0.61,235123.09,4
180,17.98,3.047973633,0.639032423,23.57271957,6.117273465,248.4120178,242.976726,-617.8295898,-592.2263794,-611.9720027,43.05833258,0,31.75008362,9.1335857,68351.5,1078.1,220.762,412.239,137.2,0.535519443817785,72669.37,0.94,0.23,25.6,0.74,31675.71,3
181,1.22,0.914367676,0.857502937,17.45640373,8.303968915,214.8840027,212.1739184,-584.6063843,-574.8527832,-581.27348,0,0,2.283015701,50.22634542,6510.7,298.7,81.021,105.433,179.9,0.768459590450808,6537.03,1,0.35,9.75,0.92,21660.16,3
182,10.36,0,1.666296124,20.27856445,10.8322153,240.7920227,231.1774499,-609.9047852,-586.7399902,-600.0683355,0,0,0,50.49364057,32381.4,743.8,161.739,298.669,46.7,0.541532599633708,34354.71,0.94,0.43,23.16,0.74,27614.94,3
183,10.06,0,0,10.90044975,4.817630822,240.4872131,239.5002282,-609.9047852,-605.9423828,-608.7001227,13.86962014,0,18.49282686,9.246413437,3215.1,222.5,47.222,81.984,18.2,0.57599043715847,3382.34,0.95,0.31,3.96,0.82,30450.33,3
184,17.98,0,0,9.074973106,4.0191728,345.3384094,335.4844425,-714.1464233,-689.152832,-704.3883151,13.76745675,0,46.8339377,12.53821954,120921.7,1951.5,349.8,705.405,106.9,0.495885342462841,172780.65,0.7,0.39,24.99,0.4,73161.83,4
185,3.66,0.609619141,0,4.510359287,1.887745304,376.7328186,374.5750525,-745.5408325,-738.5303955,-743.4570041,13.62767076,0,43.85632226,22.29982488,59990.3,1251.6,204.622,459.849,68.6,0.444976503156471,78153.23,0.77,0.3,7.01,0.48,95836.71,4
186,13.11,0,0.28585434,5.69818449,2.798313291,244.1448059,243.2393583,-612.9528198,-610.5144043,-612.1280571,69.38812507,0,33.18562504,0,4927,264.7,65.307,97.402,26.7,0.670489312334449,5023.4,0.98,0.35,2.44,0.89,31769.27,3
187,1.83,0,0.285855114,2.870308876,1.495727283,293.827179,293.5528656,-662.9400024,-662.0256348,-662.604715,0,0,94.12243268,0,3158.5,231.3,48.131,86.324,33.7,0.557562207497336,3438.87,0.92,0.41,0.91,0.74,52236.41,4
188,9.75,7.924804688,0,14.4733181,4.982361623,300.837616,292.6949269,-670.8648071,-647.3952026,-661.6568082,7.141950488,3,16.11293707,3.919363072,170662,2801.4,366.077,935.48,58.2,0.391325308932313,278183.22,0.61,0.39,23.47,0.27,51844.98,4
189,7.62,0,1.616460204,11.50670147,4.504992195,548.3352051,544.5736902,-917.1431885,-909.2183838,-913.558351,0,0,7.901726522,64.34263026,13167.9,458.6,99.857,170.961,105.6,0.584092278355882,14127.1,0.93,0.46,7.92,0.79,229990.92,4
190,2.13,2.133605957,0,14.63061523,5.790110865,318.8207703,311.1698125,-688.8480225,-667.8168335,-680.1528349,0.547651702,0,17.25102859,31.48997282,54283.2,976.2,200.035,363.151,129.8,0.550831472307663,59029.92,0.92,0.42,21.03,0.72,60599.58,4
191,8.53,7.619995117,0.808467507,16.96067619,3.995570997,207.8735657,201.6363155,-577.9008179,-565.7088013,-570.6367084,9.096029279,1,67.23152076,3.163836271,75170.2,1134.1,251.567,438.442,143.4,0.573774866458961,80347.68,0.94,0.6,12.19,0.74,18669.48,3
192,3.96,1.219177246,1.178458571,18.96417236,8.456501367,267.91922,263.4193239,-637.9464111,-624.8400269,-632.585651,0,0,7.536779653,13.56620337,19722.1,566.1,125.278,228.057,73.7,0.549327580385605,20258.49,0.97,0.41,13.11,0.78,39370.23,4
193,2.13,1.219177246,0,16.43756676,6.323955113,315.4679871,309.5199396,-684.5808105,-662.9400024,-678.4892653,0,0,48.09214232,12.74731483,51306.7,910.2,227.164,313.136,17.5,0.7254483674825,54362.71,0.94,0.28,21.64,0.78,59790,4
194,7.92,0,0.571583569,12.09537029,6.023722181,238.6584167,235.8614071,-607.7711792,-600.1511841,-604.7456207,0,0,0,1.47486751,10078.3,433.3,91.469,167.274,58,0.546821382880782,11220.08,0.9,0.4,7.62,0.68,29193.62,3
195,3.05,0,0.285857946,4.035858631,2.111024813,223.723175,223.2755127,-592.8359985,-591.6168213,-592.3502216,0,0,102.3881654,0,4645.6,247.5,69.411,81.693,177.7,0.849656641327898,4651.65,1,0.43,1.22,0.96,25051.14,3
196,5.49,0.609558105,0.903768837,4.839506626,2.758187931,232.5624084,231.7677351,-601.9799805,-599.8464355,-600.875109,27.06769618,0,52.33087931,3.609026157,8237.2,330.9,93.74,106.394,89.9,0.881064721694832,8258.53,1,0.54,2.13,0.95,27811.48,3
197,2.13,0.30480957,0,8.881340981,3.843800479,229.5143738,228.3843972,-598.6271973,-594.3599854,-597.4079992,0,0,2.606676024,46.92016845,5702.3,276.1,76.644,98.625,25.2,0.777125475285171,5708.21,1,0.29,4.27,0.94,26694.46,3
198,1.22,0.609558105,0.285800964,6.440832615,2.871036308,433.4255676,430.9167366,-802.8432007,-796.4423828,-799.8951724,1.07602297,0,39.27483842,10.22221822,27627.9,829.8,144.913,304.545,67.3,0.475834441543943,33250.26,0.83,0.47,6.4,0.51,133895.06,4
199,0.91,0,0,3.610983372,1.576298236,228.6000061,227.7533264,-597.7128296,-595.5792236,-596.6478867,0,0,78.85900211,12.32171908,12063.4,475.1,95.624,189.678,139,0.504138592773015,13470.94,0.9,0.52,2.13,0.67,26488.65,3
200,3.35,1.523986816,0.285853028,15.06050301,4.70000568,233.4767761,227.2707956,-602.8944092,-587.3496094,-596.2685742,7.996396371,1,45.22100016,22.61050008,53906.8,1045.8,181.672,422.073,170.5,0.43042791175934,59282.69,0.91,0.43,15.54,0.62,26331.81,3
201,3.66,1.219238281,0.285858721,8.554120064,3.80808528,541.3248291,539.426844,-910.7424316,-906.1704102,-908.5242905,6.889277383,1,60.28117709,16.36203379,17260.6,483.8,122.842,170.268,103.5,0.721462635374821,17516.45,0.99,0.5,4.57,0.93,225080.83,4
202,4.27,2.438415527,2.175899506,19.1139679,7.825849476,239.877594,236.5363658,-610.2095947,-596.4935913,-605.9231166,0,0,22.74170618,29.05884678,11764.9,457.2,110.133,135.372,21.1,0.813558195195461,12786.41,0.92,0.31,13.72,0.71,29424.72,3
203,34.44,0,0.285858214,11.28938007,5.024457688,575.4624023,567.5885516,-944.5751953,-923.8488159,-936.5230172,0,0,21.59427954,62.87746102,46806.9,947.1,203.971,350.003,105.9,0.582769290548938,53548.3,0.87,0.39,20.73,0.66,252595.25,4
204,2.13,1.523986816,0,9.611005783,2.53227029,440.1311951,438.7971228,-809.2440186,-804.9768066,-807.7438903,4.119559595,1,72.65405103,10.11164628,39690.1,910.6,205.642,310.885,37.2,0.661472891905367,47343.24,0.84,0.36,4.27,0.6,139724.29,4
205,0.3,0.30480957,0.285857946,5.872420788,1.971819658,438.6072083,437.7350437,-807.7200317,-804.3671875,-806.6154858,0,0,62.27244684,18.37547611,14560.4,471.6,117.003,171.297,140.3,0.683041734531253,15258.04,0.95,0.34,3.35,0.82,138931.41,4
206,9.75,7.619995117,1.428894877,11.04240704,6.226658898,173.7359924,169.3824616,-545.59198,-535.5336304,-538.6873165,20.49393795,1,32.79030072,7.026493011,25385.3,599.5,165.047,200.94,169.2,0.821374539663581,25950.51,0.98,0.69,10.06,0.89,10895.7,3
207,0.3,0.30480957,0.40426451,18.67383385,7.329982978,496.8240051,495.1374329,-866.2416382,-859.5360107,-864.2502502,0,0,0,97.92458857,4250.2,249.8,57.336,93.329,90.7,0.614342808773265,4308.54,0.99,0.3,6.71,0.86,185018.21,4
208,3.05,1.219238281,0,35.96006393,11.76513817,465.1247864,452.4989613,-834.5424194,-786.9935913,-821.5054588,7.478621153,1,42.04960573,7.196409034,105340.2,1818.7,244.177,648.752,26.7,0.376379571854884,123146.66,0.86,0.27,47.55,0.4,150155.45,4
209,2.13,0.609619141,0.40426451,5.256152153,3.067354008,150.2663879,149.4152561,-519.684021,-517.2456055,-518.5510703,26.48487056,0,17.02598822,20.80954117,7857.2,332.7,89.299,116.519,108.8,0.766390030810426,8056.17,0.98,0.48,2.44,0.89,7125.94,3
210,0.3,0,0,8.646435738,4.235547723,433.4255676,431.1783891,-802.5383911,-795.8328247,-800.1692816,0,0,20.35225972,51.80575201,16067.6,459.6,135.916,152.225,27.1,0.892862539004763,16199.61,0.99,0.36,6.71,0.96,134086.61,4
211,1.22,0.30480957,0.639132917,10.90071678,3.459896091,258.1656189,257.6051685,-627.5831909,-624.8400269,-626.7278009,0,0,0,0,4291.7,242.8,63.968,87.306,56.7,0.732687329622248,4356.73,0.99,0.32,2.74,0.92,37096.75,4
212,39.62,2.438415527,0,17.96758652,4.344296333,580.3392334,572.4399414,-949.7568359,-917.7528076,-941.3981673,7.178996412,3,27.09216503,14.44345707,173922.4,3318.6,223.769,1476.089,101.6,0.151595872606598,259063.78,0.67,0.26,32,0.2,257495.29,4
213,2.13,1.219238281,0.285858482,25.95717239,7.773969344,228.2951965,222.7748503,-597.7128296,-575.7672119,-591.7650518,8.678147878,1,52.52563189,2.740467751,65087.3,1240.1,192.315,502.281,172.2,0.382883286447228,75688.12,0.86,0.27,21.95,0.53,24892.9,3
214,11.28,0.304748535,0,2.303471088,1.114072649,238.6584167,238.2486396,-607.7711792,-606.2471924,-607.1273016,9.996822053,0,89.97139846,0,22303.3,653,140.886,217.948,103.9,0.646420247031402,25101.73,0.89,0.45,1.52,0.66,30015.09,3
215,0.3,0,0.404267073,21.76468277,10.65224447,516.3311768,510.7813926,-885.4440308,-868.3751831,-879.77229,0,0,0.802247916,40.91464368,18528.1,548.4,113.684,215.239,124.2,0.528175655898792,19366.71,0.96,0.33,17.07,0.78,198721.05,4
216,5.79,1.523986816,0.639187038,7.508976936,3.874692669,340.4615784,338.5438974,-709.5744019,-704.0880127,-707.6143761,20.39160841,1,40.08005791,5.625271287,21139.1,529.9,154.447,166.978,180,0.924954185581334,21350.06,0.99,0.36,5.49,0.95,74826.26,4
217,2.13,0.30480957,0.639189899,6.270098686,3.487848854,163.3727722,162.2691987,-533.0952148,-529.4376221,-531.4240554,0,0,83.01079702,6.917566416,8595,352.8,81.305,130.759,90.2,0.621792763786814,8749.39,0.98,0.47,3.66,0.87,9461.3,3
218,3.05,2.438415527,0,9.140268326,3.200796618,306.0191956,303.8226582,-675.132019,-669.3408203,-672.7701159,32.93242652,1,49.60192637,4.065731668,36559.6,717.2,185.196,262.618,52,0.705191571027119,37346.71,0.98,0.42,5.79,0.9,57036.26,4
219,2.74,0.609619141,0,7.718286991,2.441590223,418.7951965,416.6039964,-787.90802,-780.897583,-785.5107054,9.217412606,1,34.10442664,1.433819739,145135.4,3148.2,275.072,1375.331,145.4,0.200004217166631,269856,0.54,0.35,7.01,0.18,123625.37,4
220,18.29,0,0,21.68481636,6.753355649,345.643219,327.4522394,-714.4512329,-659.8920288,-696.3477658,2.827905958,0,18.21171437,18.66417932,394217.8,5997.9,1021.136,1130.063,3.2,0.903609798745734,841341.67,0.47,0.33,54.56,0.14,68881.18,4
221,1.83,1.828796387,0,12.33449364,4.369667034,390.448822,379.6483579,-759.5615845,-740.968811,-748.5824741,10.09606254,1,48.29456722,2.914327332,142810.3,2392.5,366.904,961.497,158.6,0.381596614446015,239070.42,0.6,0.59,18.59,0.31,99003.59,4
222,10.06,0,0,7.109656334,3.079937332,237.743988,234.4109484,-606.552002,-596.7984009,-603.2831679,1.386773198,1,64.94721142,15.48563404,64311.1,1049.8,234.036,364.239,101.1,0.642534160262904,69772.34,0.92,0.34,9.75,0.74,28700.07,3
223,0.91,0.609558105,0.285863906,7.503665924,3.302869862,520.5983887,517.2650452,-889.7111816,-880.5671997,-886.2070934,0,0,26.79194013,45.12326759,42164.7,851.5,168.742,342.166,116.5,0.493158291589462,43475.96,0.97,0.39,9.14,0.73,204543.67,4
224,1.22,0.30480957,0,12.03195381,6.371367403,431.2920227,423.5797014,-800.7095947,-779.3735962,-792.5755312,0,0,13.50911846,34.83930552,41811.6,860.2,200.731,287.554,125.8,0.698063668041481,44965.67,0.93,0.38,21.34,0.71,128579.4,4
225,1.52,0,0.571720302,5.24078989,2.672255475,428.8536072,427.9516321,-797.9664307,-795.5280151,-797.027127,10.41527241,0,43.74414409,22.91359928,7135.7,318.7,69.404,117.577,90,0.590285515024197,7141.85,1,0.4,2.44,0.88,131733.89,4
226,7.01,4.572021484,0.285862863,15.49839211,6.790408417,281.3304138,274.7865039,-651.357605,-637.6416016,-643.8874654,8.861709343,1,8.861709343,4.984711505,53675,1053.1,161.668,464.454,41.8,0.348081833723038,56486.26,0.95,0.55,13.72,0.61,44010.38,4
227,14.94,0.609619141,0,14.27256298,4.584853561,245.6687927,233.8089133,-614.7816162,-579.1199951,-602.7065748,7.318477116,0,58.12559709,6.82588731,211228.5,2791.4,549.959,841.766,8,0.653339526661804,320277.87,0.66,0.34,35.66,0.34,28496.45,3
228,0.3,0.304748535,0.285810828,18.28266525,9.21647881,297.1800232,292.3824451,-666.2927856,-651.0527954,-661.373338,0,0,0,40.19118075,14423.6,475.9,108.942,186.889,71.7,0.582923553553179,15070.82,0.96,0.32,15.24,0.8,51702.78,4
229,1.52,0.609558105,0,5.620035172,2.280456,215.4936218,215.1164846,-584.9111938,-583.0823975,-584.1156409,0,0,56.380934,20.50215781,8700,385.7,75.092,140.613,173,0.53403312638234,9385.44,0.93,0.46,1.83,0.74,22534.96,3
230,3.96,0,0.808351815,3.230834723,2.121364301,436.4736023,435.1343319,-805.2816162,-802.8432007,-804.0439416,0,0,8.89709922,74.14249348,5012,264,69.637,87.455,114.7,0.796260934194729,5125.59,0.98,0.53,2.44,0.91,136999.42,4
231,5.79,3.657592773,0,8.863592148,3.720372027,155.143219,150.3050547,-524.560791,-515.4168091,-519.2548223,6.626246836,1,13.06843126,8.098746134,80756,1616.4,165.621,720.111,119.6,0.229993709303149,98010.59,0.82,0.59,9.14,0.39,7276.95,3
232,36.58,0,2.571013212,37.7505188,21.46257139,469.0871887,454.8985326,-837.8952026,-804.6719971,-824.316148,0,0,0,67.89867038,10070.2,405.4,93.727,151.67,136.3,0.617966638095866,10766.77,0.94,0.41,33.22,0.77,152020.87,4
233,10.06,1.219177246,0.28586936,20.46842957,6.614446448,238.6584167,232.8638084,-608.3807983,-591.6168213,-601.8863096,0,0,12.57643053,59.92299251,40184.8,816.4,156.992,333.315,163.2,0.471001905104781,41736.49,0.96,0.39,16.76,0.76,28178.26,3
234,0.3,0.30480957,0.404275507,17.93805695,6.539450179,215.1888123,210.689738,-584.3016357,-566.0136108,-579.6345199,0,0,9.395532866,48.68594304,34805,709,188.252,226.358,141.4,0.83165604926709,36129.51,0.96,0.26,18.29,0.87,21225.5,3
235,7.62,1.828796387,1.429063439,14.13842487,7.531367176,285.5975647,283.2431176,-655.9296265,-648.3096313,-652.7269951,35.0429503,1,18.22233416,4.205154034,10604.2,387.7,97.945,135.821,64.1,0.721132961765854,10926.37,0.97,0.43,7.62,0.89,47630.06,4
236,0.3,0,0.285812616,19.01303482,5.80953614,262.1280212,259.0296134,-631.2407837,-621.1824341,-628.0265533,0,0,0,0,17583.6,582.2,105.777,238.425,47.4,0.4436489462095,19879.66,0.88,0.32,10.06,0.65,37647.49,4
237,6.1,4.267211914,0.285866499,12.38461304,5.453717255,226.1615906,219.6875073,-596.7984009,-580.3392334,-588.7361974,12.0957583,1,26.39074538,29.68958855,54070.4,933.4,239.867,299.782,25.9,0.800138100352923,56369.47,0.96,0.49,16.46,0.78,23928.22,3
238,13.41,3.352844238,0,21.39198303,4.662701361,292.6080017,285.6473035,-661.7208252,-643.1279907,-654.5801013,8.904647757,4,26.71394327,4.017134326,222011.1,2962.4,422.354,984.682,52.6,0.42892426184291,321191.7,0.69,0.39,18.59,0.32,48685.23,4
239,4.88,2.438415527,0.28586781,9.196369171,3.098977064,281.9399719,279.6201755,-651.357605,-645.8712158,-648.5606706,14.55259151,1,21.22252929,2.728610907,49027.6,902.4,218.253,316.25,63.4,0.690128063241107,52306.96,0.94,0.52,5.49,0.76,46061.82,4
240,13.11,9.753601074,0,21.17610359,5.360970655,423.6719666,399.0020387,-792.4799805,-741.2736206,-767.9371542,3.82896452,4,26.97419781,14.68722211,520191.6,7420.9,1275.71,1408.027,138.9,0.906026660000128,1400000,0.37,0.48,51.21,0.12,111557.36,4
241,9.14,0,0,4.839698792,2.788196618,210.6167908,208.991194,-579.4248047,-575.7672119,-577.996764,0,0,1.863123393,91.29304633,7978.1,347.9,77.766,128.787,161.1,0.603834237927741,8286.57,0.96,0.4,3.66,0.83,20733.46,3
242,2.13,0.609619141,0.903935671,7.672156334,3.864705555,278.5871887,277.872818,-648.3096313,-645.8712158,-647.1951809,0,0,61.7406578,6.174065778,4815,255,65.995,91.568,24.9,0.720721212650708,4833.04,1,0.48,2.44,0.93,45314.84,4
243,3.66,2.743164063,0,10.24772263,4.140880219,188.3663635,183.2359683,-557.479187,-541.6295776,-552.1640351,2.107987438,2,7.272556661,18.97188694,141026.9,2717.3,212.302,1076.713,15.7,0.197176034839368,195677.42,0.72,0.34,15.85,0.24,13979.74,3
244,33.83,0,2.020415306,6.147295475,4.094450818,289.2552185,287.985199,-658.367981,-655.3200073,-656.9964091,0,0,100.1528913,5.891346552,2523,182.9,53.817,60.569,115.8,0.888523832323466,2532,1,0.47,3.05,0.95,49722.4,4
245,3.66,3.352844238,0.285868317,32.67440033,9.838369759,455.0663757,447.309545,-825.3984375,-788.8223877,-816.3699305,11.87580757,1,53.44113408,6.234798976,50065.3,1085.1,203.797,398.946,21.6,0.510838559604558,59233.2,0.85,0.25,36.58,0.54,146160.59,4
246,3.35,0.609619141,0.639206111,8.628365517,4.323347873,278.2823792,277.2263265,-648.0048218,-643.7376099,-646.4035361,0,0,0,52.61844789,10734.6,432.1,86.151,178.197,47.2,0.483459317496928,11417.11,0.94,0.38,4.27,0.72,45040.01,4
247,3.05,1.219177246,0.285867542,12.22240067,5.08356358,223.723175,220.5993787,-592.8359985,-584.9111938,-589.6394718,5.038769874,1,35.27138912,12.0930477,29499.5,774.3,125.545,327.801,153.7,0.382991510093014,31946.6,0.92,0.41,7.92,0.62,24211.17,3
248,57.61,0,0.639157236,18.59856606,10.08650412,490.1183777,485.817332,-858.9263916,-846.1248169,-855.1333428,0,0,20.10369175,26.80492234,6654.4,296.7,87.025,92.766,24.4,0.938113101782981,6678.68,1,0.3,12.8,0.95,177087.23,4
249,54.86,0,1.616723061,22.25936508,13.3781176,487.0704041,480.4074054,-855.878418,-838.2000122,-849.2776876,0,0,2.113649327,39.10251254,14064.9,479.5,93.961,198.114,108.8,0.474277436223588,14300.4,0.98,0.38,17.68,0.77,172563.31,4
250,1.52,0.30480957,0.285872459,19.50622368,10.07378336,295.9607849,291.2225382,-665.6832275,-649.8336182,-660.3507481,0,0,0,78.1643528,14832.9,482.8,117.79,178.472,39,0.659991483257878,15593.88,0.95,0.34,15.85,0.8,51176.64,4
251,6.4,0,0,6.886765957,3.035414143,319.1255798,316.5031969,-687.9335938,-682.142395,-685.4097134,0,0,49.0916465,15.15174275,24525.5,612.9,152.093,214.673,7.1,0.708486861412474,26174.94,0.94,0.44,5.79,0.82,63253.86,4
252,0.61,0.30480957,0,5.810554028,2.848613101,149.9615784,149.142436,-519.0744019,-516.3311768,-518.1790524,0,0,34.84796184,3.167996531,9383.9,383.5,77.724,154.908,108.5,0.501742970020916,9569.08,0.98,0.34,2.74,0.8,7079.95,3
253,1.52,0,1.429072499,12.86969662,5.775933203,222.1991882,217.6418457,-591.3120117,-580.3392334,-586.5963974,0,0,0,49.46753499,15324.6,486.4,136.107,145.762,153,0.933761885813861,16442.37,0.93,0.43,10.97,0.82,23299.53,3
254,3.35,2.438354492,0,12.57813454,4.119705571,284.9880066,281.7621938,-654.7103882,-646.1760254,-650.7314424,5.104290939,1,36.09462878,40.83432751,40769.2,838.1,219.244,281.359,40.2,0.779232226443796,44534.31,0.92,0.47,8.53,0.73,46985.85,4
255,1.83,0,0,14.65190506,6.120848473,358.7496033,353.0860435,-727.5576172,-708.9647827,-722.0243149,0,0,20.62773775,31.51459934,51882.5,968.9,228.88,305.967,123.6,0.748054528756369,55591.65,0.93,0.3,18.59,0.7,82993.57,4
256,7.92,3.657592773,0.857545674,14.59037685,4.908377006,523.3415527,517.8840489,-892.7592163,-878.4335938,-886.9059228,18.75210157,1,36.67993495,14.21862647,72132.6,1319.5,232.11,535.431,119.3,0.433501235453308,89282.15,0.81,0.41,14.33,0.52,205103.96,4
257,19.2,2.438415527,0,21.1687851,5.134098711,240.1824036,224.2436835,-608.9904175,-545.8967896,-593.1582786,13.95531708,3,7.013812209,22.37912246,411137.9,5736.1,878.61,1328.912,146.1,0.661149872978798,817143.95,0.5,0.25,63.09,0.16,25358.55,3
258,15.54,11.27758789,0.285868824,17.45125389,6.570466746,313.9440002,301.8771563,-684.8856201,-657.7584229,-670.9291902,8.695459388,1,30.21303686,12.37997608,100855.4,1529.4,265.558,605.703,65.9,0.438429395264676,123891.49,0.81,0.52,27.13,0.54,56110.79,4
259,29.57,0,0.571734309,6.094735622,3.464832285,259.0799866,254.88157,-627.8880005,-619.3536377,-623.7849318,0,0,0,97.26489231,28730.4,659.1,162.449,224.228,108.5,0.724481331501864,30214.28,0.95,0.49,8.53,0.83,36055.01,4
260,13.41,0.609619141,0.285814971,7.91250515,3.1320021,233.7815857,231.4393011,-603.1992188,-596.7984009,-600.3763747,21.28012946,0,33.05211597,21.73289817,32829.4,791.4,205.005,220.499,77.2,0.929732107628606,38814.43,0.85,0.45,6.4,0.66,27702.04,3
261,8.23,6.096008301,0.639156103,21.90802956,10.87711894,437.38797,430.5440731,-809.5488281,-790.6511841,-799.9567886,24.35334772,1,11.17858584,4.790822504,37231.5,884.5,215.281,296.953,103,0.724966577202453,43375.55,0.86,0.51,18.9,0.6,133622.47,4
262,3.35,1.219177246,0,5.698471546,3.340761913,385.8768005,384.300654,-754.6848145,-751.3320313,-753.2871383,38.64312258,1,33.3130367,6.662607346,22309.8,591.1,117.976,238.543,90,0.49456911332548,22668.57,0.98,0.43,3.35,0.8,101952.91,4
263,1.83,1.219177246,0,8.965934753,3.370630736,360.5783997,357.7548443,-729.3864136,-717.8040161,-726.6392243,33.40705727,1,30.13185558,12.00907288,68075.9,1032.5,274.659,343.089,172,0.800547379834387,71675.91,0.95,0.24,11.58,0.8,85705.4,4
264,5.18,3.047973633,0,20.18439865,7.217102196,165.5063782,157.6852103,-534.6192017,-509.3208008,-526.6004729,27.71040715,1,23.59343237,5.383736246,187743.5,2572.3,254.213,1127.122,111.4,0.225541689364594,217856.74,0.86,0.32,25.3,0.36,8590.55,3
265,56.69,1.523986816,0,36.82596588,7.387513342,488.8992004,469.7622089,-858.0120239,-799.1856079,-838.6848325,3.303644402,2,57.83640474,3.077367388,328450.1,5496,373.324,1702.234,90,0.219314148348582,515348.77,0.64,0.33,58.83,0.14,163832.45,4
266,28.96,0,1.80744946,12.55701923,6.992809793,257.8608093,250.603504,-627.2783813,-610.5144043,-619.8138568,0,0,3.944966509,72.98188037,15071.5,519.3,90.962,219.361,146.2,0.414668058588354,15616.17,0.97,0.45,16.76,0.7,34448.66,4
267,9.75,2.133605957,0.404241979,13.63033199,5.660679287,287.7311707,285.3433943,-658.0632324,-648.9191895,-654.3923552,25.48085849,1,24.30481887,1.56805283,37917.5,886.1,137.762,363.392,55.9,0.37910025537161,41347.4,0.92,0.41,9.14,0.61,48551.21,4
268,2.13,0,0,5.677227974,2.165157737,396.8495789,395.5351448,-765.6575928,-761.3903809,-764.4622192,28.0719532,0,61.75829704,6.416446444,18532.6,558.1,119.425,209.89,84.8,0.568988517795036,19836.54,0.93,0.29,4.27,0.75,109253.48,4
269,0.61,0,0,4.345925331,1.938926672,222.5039978,220.7066647,-591.3120117,-586.7399902,-589.597505,0,0,57.25123198,16.67511611,26741.9,648.1,141.359,240.093,180,0.588767685855065,27500.89,0.97,0.38,4.57,0.8,24244.57,3
270,20.12,14.32562256,0.903940558,20.50755692,7.418657498,325.8312073,313.6923771,-698.296814,-676.3511963,-682.9385403,10.52047408,1,34.19154076,24.72311409,56515.1,879.2,244.688,298.76,25.9,0.819011915919132,57330.84,0.99,0.7,21.95,0.92,61847.9,4
271,4.27,3.047973633,0,22.08973312,6.692005661,315.1631775,297.5007929,-684.276001,-641.6040039,-666.4396778,4.701515681,1,40.63452839,7.444066495,265571.4,3491.3,553.604,919.26,29.7,0.602227878946109,416817.7,0.64,0.42,42.67,0.27,54056.62,4
272,2.13,0.30480957,0,7.249416351,2.829495141,452.3232117,449.2301689,-821.4360352,-811.0728149,-818.1374752,0,0,0,25.10356434,39671.6,879,176.128,302.381,163.5,0.582470459453471,44302.81,0.9,0.32,10.36,0.65,147632.82,4
273,5.49,3.047973633,0,19.253088,5.050629857,378.8664246,367.7469194,-747.979187,-715.060791,-736.671925,20.28538338,1,20.92328852,5.549774699,233014.9,3117.4,572.195,920.151,16,0.621849022606072,380260.39,0.61,0.34,32.92,0.3,91655.7,4
274,58.52,0,0,4.839786053,1.34246807,491.0328064,490.427676,-859.8408203,-858.3168335,-859.3074081,0,0,88.34571837,8.549585645,10431.5,393.4,100.175,132.971,122.7,0.753359755134578,10886.45,0.96,0.37,1.52,0.85,180988.71,4
275,5.79,5.181640625,0.808530509,14.26562214,6.648267066,373.3799744,366.5648275,-743.7120361,-725.4240112,-735.6437737,12.48516335,1,21.02764354,18.72774502,45240.7,930,249.053,278.1,110.8,0.895551959726717,53490.26,0.85,0.44,18.29,0.66,90941.35,4
276,25.6,9.753601074,0.404283196,12.13085365,5.677063549,252.6791687,240.8088921,-622.0968018,-598.0175781,-609.7306979,5.978039942,2,31.64844675,13.22201775,211348.9,2101.9,417.9,739.828,122.3,0.564861021751002,231413.59,0.91,0.52,24.08,0.6,30908.77,3
277,33.83,0.609619141,0.285876095,27.73008347,8.240890558,262.7375793,258.0792909,-632.1552124,-615.6959839,-627.157221,0,0,26.52936254,40.39698386,24652.8,590.1,153.416,203.422,0.2,0.75417604782177,25261.43,0.98,0.31,16.46,0.89,37279.61,4
278,0.61,0.30480957,0.639216542,15.38609123,6.017593085,226.4664001,224.0719558,-595.8840332,-586.7399902,-593.0909858,0,0,17.49438543,52.4831563,15293.7,472,122.677,172.151,135.1,0.712612764375461,15759.99,0.97,0.31,9.14,0.86,25303.89,3
279,6.4,5.18157959,0,9.196599007,5.134795311,194.1576233,189.8600249,-563.8800049,-553.5167847,-558.9188505,19.21222485,1,22.16795174,12.93130519,40231.4,768.2,211.8,255.564,154.1,0.828755223740433,41754.01,0.96,0.48,10.36,0.86,15590.03,3
280,1.22,0.914367676,0.404286474,5.25643158,2.257421137,359.9687805,359.0669301,-729.081604,-726.947998,-728.079533,0,0,99.0641369,2.790539066,10653.2,390.5,105.997,128.853,90.1,0.822619574243518,10991.54,0.97,0.49,2.13,0.88,86475.36,4
281,2.74,0.609619141,0,7.249232769,2.470668768,438.3023987,435.9383775,-807.4152222,-801.6240234,-804.8301328,20.46306737,1,39.3785078,6.534424874,86440.3,1780.9,252.092,636.12,74.8,0.396296296296296,121146.07,0.71,0.45,5.79,0.34,137595.28,4
282,12.5,0,3.577400446,14.44362926,8.854106653,241.4015808,230.2870699,-610.5144043,-587.9592285,-599.1940972,0,0,0,0,23080.7,626.1,142.297,202.537,113.7,0.702572863229928,25068.41,0.92,0.5,22.56,0.74,27319.82,3
283,28.04,0,1.278226376,11.02538681,5.440800761,257.2511902,251.2761453,-626.3640137,-611.7335815,-620.3744454,0,0,0,89.56457877,18587.5,583.5,97.545,245.436,155.8,0.397435584021904,19597.16,0.95,0.41,14.63,0.69,34698.8,4
284,2.44,1.828796387,0,33.57071304,7.616245798,480.3647766,475.461453,-850.0872192,-819.9119873,-844.4937859,0.566849364,0,14.45465879,26.64192011,52444.8,1005.6,188.009,400.707,165.5,0.469193201017202,57335.15,0.91,0.19,30.18,0.65,168478.6,4
285,1.83,0.30480957,0.285877645,5.422825813,2.546953816,278.5871887,278.0664953,-648.0048218,-646.1760254,-647.1920052,0,0,10.40826242,6.244957452,7140.5,317.4,81.594,105.78,89.4,0.771355643788996,7165.95,1,0.47,1.83,0.89,45397.33,4
286,10.97,4.876831055,0,22.722826,8.349142545,181.9656067,167.0100603,-551.0784302,-514.1976318,-535.9706603,5.371144493,3,27.52711553,10.86436045,243531.8,3343.8,283.839,1486.213,119.3,0.190981373463965,331105.18,0.74,0.41,36.88,0.27,10406.05,3
287,39.32,0,2.176002264,6.270503521,4.096004505,268.8335876,265.1719332,-637.6416016,-630.326416,-634.0287134,0,0,0,103.8456368,10735.3,420.3,109.16,141.773,64.5,0.769963251112694,11426.01,0.94,0.5,7.32,0.77,40068.8,4
288,1.22,0.609619141,0.808416426,5.768922329,3.170376294,206.0447693,205.0894552,-575.4624023,-572.7191772,-574.1658699,4.450765446,0,59.34353931,5.934353929,10019,389.4,85.294,155.062,135.8,0.55006384542957,10182.48,0.98,0.49,2.74,0.83,19625.06,3
289,1.52,0.30480957,0.808534205,6.921606541,4.071816849,459.0287781,456.295489,-828.4464111,-820.826416,-825.2539237,0,0,7.785706333,55.79756205,22909.9,601,138.489,215.781,120.6,0.641803495210422,24013.04,0.95,0.42,7.62,0.8,153112.16,4
290,16.15,0.30480957,0.639221191,3.035937548,1.986527419,238.9631653,238.5364807,-608.0759888,-607.1616211,-607.5970319,82.23038189,0,5.671060821,0,5242.1,262.1,69.695,93.255,89.9,0.747359390917377,5242.3,1,0.59,0.91,0.96,30114.91,3
291,7.62,4.572021484,0,24.94168472,7.900142678,240.7920227,226.9256703,-611.428833,-571.1951904,-595.9712542,1.116969395,1,27.67601944,15.76167923,119768.1,2116.6,219.136,887.165,9,0.247007039276797,159846.28,0.75,0.39,40.23,0.34,26219.92,3
292,15.54,7.924804688,0.285874546,12.43711948,4.893246876,242.9255676,233.2956731,-612.0383911,-592.8359985,-602.2358641,14.02008284,1,12.67569133,13.25185912,154789.7,1981,455.469,556.429,20.3,0.818557264269116,197649.23,0.78,0.51,19.2,0.5,28323.43,3
293,5.49,0,0.285878927,4.839847088,2.784682763,220.3703918,219.6998276,-589.4832153,-587.9592285,-588.812645,32.7199932,0,65.43998637,2.516922553,5905.7,283.5,69.47,105.489,91,0.658552076519827,5919.74,1,0.47,1.52,0.93,23932.04,3
294,17.37,3.352844238,0,10.12866211,4.378577437,329.4888,324.9079787,-698.9064331,-690.0671997,-693.9364064,12.46286785,1,24.9257357,15.37087034,35780.2,710.5,196.411,231.418,134.5,0.848728275242202,36894.09,0.97,0.57,8.84,0.89,67552.16,4
295,3.66,3.657592773,0,10.75706959,3.843365768,310.591217,303.8221122,-679.7039795,-666.5975952,-672.7668578,5.327059773,2,46.74494951,1.731294427,111612.4,2265.9,201.502,1002.801,50.9,0.200939169386548,156757.4,0.71,0.53,13.11,0.27,57036,4
296,0.3,0.30480957,0,4.721346855,2.144287005,227.3807678,226.3003458,-596.4935913,-593.4456177,-595.2402881,0,0,75.54221731,3.777110865,19676.6,523.7,139.62,168.02,80.7,0.83097250327342,20172.73,0.98,0.43,3.05,0.9,26017.8,3
297,1.22,0,0.285878152,6.244879723,2.953074742,391.6679993,388.3959266,-760.7808228,-753.7703857,-757.342337,0,0,19.52390643,59.62706558,28169.2,682.1,153.796,247.923,140.9,0.620337766161268,29593.99,0.95,0.5,7.01,0.76,104584.93,4
298,1.22,0,0,15.46319389,4.836605714,228.9048157,225.7043945,-597.7128296,-586.4351807,-594.6065384,0,0,52.57766835,14.25002226,30249.8,714.2,173.008,256.228,116.5,0.675211140078368,32406.31,0.93,0.28,11.28,0.75,25825.9,3
299,3.35,0,1.278291464,9.354135513,3.689210472,232.867218,230.1626325,-601.6752319,-595.8840332,-599.0994357,0,0,0,96.31320396,10803.2,398,106.901,135.747,111.6,0.787501749578259,11147.74,0.97,0.45,5.79,0.86,27278.7,3
300,3.35,1.219177246,0.285879195,13.80409622,4.363273103,203.9111633,202.6919895,-573.633606,-569.0615845,-571.8318956,32.17385627,1,27.73608299,2.218886638,13397.8,465.7,102.707,175.807,154.4,0.584203131843442,14233.25,0.94,0.4,4.57,0.78,18959.08,3
301,11.28,0,0.808545172,5.865929604,3.537289584,212.1407776,211.4896296,-581.5584106,-579.7296143,-580.8379711,0,0,97.08388492,4.623042139,3215.2,207.2,57.485,68.841,90.1,0.83504016501794,3224.68,1,0.42,1.83,0.94,21459.21,3
302,2.44,1.523986816,0.571741045,6.927499771,2.973502867,389.5343933,386.3783405,-758.9520264,-751.3320313,-755.3239736,0,0,35.32142027,19.66003581,44607.5,831.4,196.083,308.607,61.1,0.635380921366009,46672.87,0.96,0.48,7.62,0.81,103284.04,4
303,1.52,0.914367676,0.639147282,18.99894714,8.329019843,504.4440002,500.8587883,-874.776001,-863.8032227,-870.1697212,0,0,23.52554394,18.57279785,12004.8,437.1,95.06,171.606,137.8,0.553943335314616,12650.48,0.95,0.42,10.97,0.79,189972.88,4
304,43.59,0,1.428988099,11.04298496,6.077344157,272.4911804,264.5414402,-641.6040039,-624.2304077,-633.6275178,0,0,22.00641645,52.33958506,24991.5,669.2,130.953,287.312,154.9,0.455786740546862,25707.33,0.97,0.46,17.37,0.7,39816.79,4
305,1.52,0.30480957,2.02058363,10.59322166,5.545671336,512.673584,511.7693451,-883.0056152,-877.8240356,-881.2072937,23.62678088,0,30.37728969,27.00203528,4403.9,248.3,57.342,93.301,90.5,0.614591483478205,4419.32,1,0.35,5.18,0.9,199602.85,4
306,48.16,0,0.857586086,8.738168716,4.465957624,277.672821,274.4443199,-646.480835,-639.1655884,-643.4167633,0,0,2.68246534,67.06163354,11082.4,450.9,84.269,188.63,111.9,0.446742299740232,11583.72,0.96,0.42,7.32,0.69,43866.92,4
307,3.66,1.219238281,0.639228165,6.840158463,4.494330781,167.3351746,166.2348069,-537.0576172,-534.0095825,-535.5232699,55.67856376,1,10.4397307,3.479910236,8542.8,332.6,93.922,106.01,89.9,0.885973021413074,8543.98,1,0.52,3.05,0.97,10248.49,3
308,0.61,0.30480957,0.285881281,7.266041756,2.607678716,222.8088074,222.0889484,-591.9216309,-589.7880249,-591.1369174,0,0,26.10533155,54.3861074,6832.7,328.6,69.428,130.132,90.7,0.533519810653798,7051.81,0.97,0.39,2.13,0.8,24676.94,3
309,1.83,1.219238281,0.404292345,8.072138786,2.924609143,434.6448059,433.1139825,-804.062439,-799.1856079,-802.0633299,15.15672925,1,33.12026021,13.47264822,26478.8,630.7,139.182,242.024,80.7,0.575075199153803,27105.45,0.98,0.42,4.88,0.84,135507.9,4
310,1.22,0.609619141,0.903970063,9.320469856,3.571855703,202.0823669,201.3114391,-571.5,-568.7568359,-570.4959555,2.826314598,0,56.52629206,5.652629204,5259.2,266,74.08,90.058,108.9,0.822581003353394,5304.7,0.99,0.38,2.74,0.94,18580.81,3
311,5.18,1.828796387,0,12.54519844,4.14145528,234.6960144,227.9616778,-604.1135864,-581.2536011,-596.853445,22.82575046,0,15.44673631,18.79188939,151078.5,2130.1,440.344,529.425,142.3,0.831740095386504,199991.78,0.76,0.32,22.86,0.42,26556.51,3
312,1.83,1.828796387,0.857580662,16.10556984,5.969935068,298.0943909,288.1606849,-667.2072144,-644.9567871,-657.1543503,0,0,15.24425759,32.30872504,65329.4,1115.2,227.767,406.849,73.6,0.559831780341109,72391.95,0.9,0.45,22.25,0.66,49800.69,4
313,12.8,0,1.178568602,5.698657036,3.393935998,321.5639954,320.0907878,-690.6768188,-687.6287842,-689.0613647,0,0,3.397503438,78.14257906,4375,288.3,53.595,117.884,80.6,0.454641851311459,4787.66,0.91,0.55,3.05,0.66,65071.31,4
314,27.74,0,0,9.520985603,3.540473045,460.2480164,453.0473087,-829.0560303,-809.5488281,-821.9192046,2.121007576,0,54.25314114,15.74010885,133153.1,1885.4,358.671,645.526,143.6,0.555625954647838,160050.76,0.83,0.37,19.51,0.47,150580.71,4
315,3.35,0.914367676,0,20.82721519,3.643150166,174.6504211,173.2587659,-543.7631836,-535.2288208,-542.2305015,0,0,0,67.68256253,25914.6,599.8,155.411,216.891,38.5,0.716539644337478,26529.15,0.98,0.18,8.53,0.91,11719.96,3
316,52.73,5.18157959,0,35.94858933,9.293245234,594.0551758,561.7884216,-962.8632202,-867.4608154,-930.7409162,7.963274887,1,27.9183049,7.471425555,634639.5,7085.8,693.622,1768.49,102.8,0.39221143461371,930261.25,0.68,0.34,95.4,0.16,246798.74,4
317,1.52,0.609619141,0,6.840256691,2.076783437,447.4463806,442.5917087,-816.5592041,-806.805603,-811.4797384,4.710733452,1,80.6058835,4.710733451,85195.2,1701.3,216.659,694.348,110.6,0.312032295045136,119041.63,0.72,0.53,9.75,0.37,142575.5,4
318,12.19,2.133605957,0,14.28715611,4.500855045,267.6144104,265.2505943,-636.7272339,-630.0216064,-634.3207811,2.805280554,0,63.11881247,7.714521524,21194.5,546.8,137.284,189.986,172.8,0.722600612676724,21773.38,0.97,0.36,6.71,0.89,40100.3,4
319,0.61,0.30480957,0.571750879,6.491102219,2.90285244,210.3119812,208.0077014,-579.4248047,-573.9384155,-576.9655033,0,0,51.78803878,17.26267959,25831.7,704,118.751,283.26,137.9,0.41922968297677,28447.77,0.91,0.46,5.49,0.66,20451.2,3
320,0.91,0.30480957,0,6.25138998,3.322569782,218.5415955,215.7881652,-587.9592285,-581.2536011,-584.7332375,0,0,3.308317236,77.41462327,22464.8,563.4,143.532,209.472,73.1,0.685208524289643,22887.6,0.98,0.49,6.71,0.89,22737.07,3
321,4.88,0.30480957,0,7.391387939,3.329459641,225.5519714,223.0228675,-594.6647949,-587.6544189,-591.9338399,0,0,50.59231668,44.56144449,44364.2,876.5,190.484,337.506,133.5,0.564387003490308,47141.87,0.94,0.4,7.01,0.73,24971.23,3
322,45.11,19.20239258,0.404293448,20.74834824,6.517789266,259.6896057,241.5370849,-629.1071777,-600.4559937,-610.5154987,7.268284371,1,38.9066987,17.74316479,208597,2056.8,395.228,769.764,112.1,0.513440483057145,240042.34,0.87,0.65,28.65,0.62,31165.34,3
323,3.96,2.133605957,0.4042916,8.276627541,3.283194843,398.3735657,391.8752804,-767.4863892,-751.6367798,-760.7896306,4.698772967,1,41.31679678,36.78005046,91738.9,1679.3,325.775,463.966,168.8,0.702152743951065,115766.77,0.79,0.43,15.85,0.41,106847.45,4
324,4.27,0,0,3.882333755,2.197607546,205.7400208,202.8635096,-574.5480347,-567.8424072,-571.7438495,0,0,30.15873398,65.45816126,43372,934.3,239.6,276.846,125.5,0.865463109454354,47355.4,0.92,0.42,6.71,0.63,19006.35,3
325,2.13,0.30480957,0.285884112,3.975358486,1.38290754,222.1991882,221.9567261,-591.3120117,-590.397583,-590.8686523,0,0,68.64535714,32.0345,6496.1,311.9,69.006,119.221,92.9,0.578807424866425,6513.48,1,0.54,0.91,0.84,24635.41,3
326,6.4,4.876831055,0,31.44901085,7.682440742,239.2679749,217.3744818,-608.9904175,-554.7360229,-586.3360724,4.107498137,2,27.19829848,5.828206816,267789.9,4566.5,406.124,1919.889,169.5,0.211535146042297,524534.63,0.51,0.42,54.25,0.16,23217.98,3
327,23.47,0.30480957,0.404217631,12.56038666,5.340109389,332.5367737,329.260783,-701.6495972,-692.5056152,-698.21305,0,0,56.10097116,42.26785499,19341.6,550.9,125.497,202.458,96.5,0.619866836578451,20246.59,0.96,0.38,9.14,0.8,69833.76,4
328,2.13,0.609619141,0,14.4050703,6.117398147,285.9023743,282.7432475,-655.0151978,-646.7855835,-651.7971222,0,0,76.49120251,2.185462928,27205.5,678.9,128.333,283.198,40,0.453156448844978,28163.08,0.97,0.4,8.23,0.74,47412.12,4
329,0.3,0.30480957,0.285884112,7.194197655,2.725825655,493.1664124,492.3833787,-862.2792358,-859.2312012,-861.3543049,0,0,56.11701641,28.0585082,8476.1,346.6,85.348,122.805,134.3,0.694987989088392,8693.34,0.98,0.31,3.05,0.89,182656.55,4
330,22.25,0,0.571757078,10.14059639,5.732428583,251.764801,247.5841392,-620.5728149,-610.2095947,-616.6405075,0,0,0,19.07715945,11687.4,412.2,106.058,142.147,179.9,0.746114937353585,12019.19,0.97,0.38,10.36,0.87,33336.97,3
331,12.19,5.79119873,0,9.554357529,3.814931913,234.6960144,229.7917329,-604.1135864,-589.7880249,-598.6867539,20.87588248,1,31.49225008,10.2595149,166613.8,1634.1,439.511,492.119,134.9,0.893099026861389,174733.17,0.95,0.38,14.33,0.79,27156.32,3
332,43.89,3.352783203,0,16.88237572,4.293554586,298.70401,285.7340611,-668.4263916,-633.3743896,-654.6220512,4.523856014,2,31.59896419,8.129335244,437001.3,5704.3,511.155,1966.724,17.6,0.259901745237258,741634.76,0.59,0.39,35.05,0.17,48723.53,4
333,2.44,1.828796387,0,11.27643967,4.789153896,395.0207825,390.7092933,-764.133606,-752.5512085,-759.6714793,24.76835851,1,21.56304153,26.22532078,51010.7,839.7,234.877,284.44,36.9,0.825752355505555,51586.31,0.99,0.39,11.58,0.91,106086.54,4
334,0.3,0,0.639237404,4.086220264,2.378538743,385.2671814,384.76575,-754.3800049,-752.8560181,-753.8195702,0,0,80.42863967,6.702386639,4435.5,239.8,68.69,81.841,90.6,0.839310370107892,4447.91,1,0.39,1.52,0.97,102250.13,4
335,0.61,0,0,11.62498951,4.199031052,427.6343689,426.550666,-796.7471924,-793.3944092,-795.6804097,0,0,27.60744825,71.77936541,2692.1,188.3,53.739,64.175,65.5,0.837382158161278,2694.22,1,0.33,3.35,0.96,130718.88,4
336,31.39,0,1.212694287,19.94244194,7.828352379,260.908783,257.8722908,-629.7167969,-620.8776245,-626.7723193,0,0,3.847146603,67.32506552,7727.4,342.4,76.746,124.539,168.7,0.616240695685689,7943.03,0.97,0.34,8.84,0.83,37199.72,4
337,1.83,1.219238281,0,12.545228,3.727520879,176.174408,174.6222581,-545.2872314,-540.1055908,-543.5990854,0,0,0,0,19072.3,543.5,119.434,215.045,104.2,0.555390732172336,19544.85,0.98,0.33,5.18,0.81,12017.04,3
338,0.61,0,0.285885662,4.346173763,2.288226369,210.9216003,209.8146908,-580.0344238,-576.6815796,-578.7470342,0,0,19.16389553,58.86053626,10858.9,380.2,114.712,119.697,63.3,0.958353175100462,10931.86,0.99,0.4,3.35,0.95,20971.29,3
339,35.05,10.97283936,0,26.50682449,8.61202511,235.9151917,216.0685117,-605.3328247,-555.9552002,-585.0457089,2.527437244,14,9.666000451,1.56276654,770425.8,10029.2,574.525,4336.796,128.6,0.132476833127498,1700000,0.45,0.41,49.38,0.1,22821.7,3
340,1.52,0.609558105,0.639162362,8.017930031,3.403004318,384.0480042,383.2097909,-753.7703857,-750.4176025,-752.349823,0,0,74.63841397,1.735777068,8563.4,344.6,90.196,117.002,144.7,0.770892805251192,8725.42,0.98,0.44,3.35,0.91,101257.47,4
341,3.35,1.219238281,0.808558345,16.52564812,8.383731414,220.0655823,214.7637638,-589.4832153,-572.7191772,-583.8003774,18.1914223,1,7.717573098,6.063807431,26964.2,630.2,154.632,227.035,89.3,0.681093223511793,27946.24,0.96,0.34,16.76,0.86,22429.18,3
342,7.62,5.79119873,0,15.72617054,5.150612279,300.5328064,291.1149152,-669.6456299,-649.5288086,-660.1213447,5.684059698,1,46.07716479,7.014371543,122907.7,2137,427.677,488.762,130.6,0.87502097135211,169924.76,0.72,0.48,20.12,0.34,51127.95,4
343,64.31,0,0,8.46633625,4.471121127,293.5223694,287.7542568,-662.6351929,-648.3096313,-656.6916092,0,0,3.247896094,58.1373401,45765.5,962.2,183.393,368.837,113.2,0.497219639027538,50756.7,0.9,0.42,14.33,0.62,49619.46,4
344,4.57,3.048034668,0.808562756,6.644023895,4.451032411,171.6023865,169.460251,-541.3248291,-536.7528076,-538.6528258,32.77115407,1,8.42686819,7.490549502,15875.1,461.3,130.22,153.305,90.7,0.849417827207201,16093.68,0.99,0.6,4.57,0.94,10911.94,3
345,7.62,0,0,11.19363785,3.210548021,263.3471985,262.0824143,-632.1552124,-627.8880005,-631.0328586,0,0,81.60434494,5.627885859,15847,476.2,125.472,174.948,151.3,0.717195966801564,16136.27,0.98,0.27,4.27,0.88,38841.48,4
346,4.88,0,2.940675735,17.29224968,9.484035724,205.4352112,199.9934965,-574.5480347,-560.5272217,-569.0047152,0,0,0,28.52382247,11464.5,489.2,101.909,177.99,129.6,0.572554637901006,13717.87,0.84,0.4,14.02,0.6,18223.24,3
347,2.13,0.609619141,0.285885423,17.06479645,4.913024597,222.1991882,219.0045631,-591.3120117,-578.8151855,-587.9349573,9.004226647,1,41.26937213,14.6318683,39619.1,803.4,220.57,260.29,66.2,0.847400975834646,42081.8,0.94,0.27,12.5,0.77,23717.41,3
348,5.79,3.352783203,0,11.28665161,3.898133372,384.9623718,377.4326719,-754.0751953,-727.8624268,-746.3316467,20.01128039,1,33.20223674,12.8911619,198324.5,2621.1,527.69,669.004,75,0.788769573873998,293321.86,0.68,0.3,26.21,0.36,97614.17,4
349,5.49,3.962402344,0,33.7844162,9.396883794,512.0639648,488.4410773,-881.1768188,-819.6072388,-857.5124109,1.902699684,2,6.659448893,38.57291177,171866.9,3501,595.327,800.267,119.7,0.743910469880677,332034.84,0.52,0.38,61.57,0.18,179302.35,4
350,1.83,0.30480957,0.903992176,4.510821819,2.464122346,421.8431702,421.5852872,-791.2608032,-790.041626,-790.7684279,59.59334538,0,19.86444845,0,3741.4,228.8,66.565,77.687,42.7,0.856835764027443,3829.57,0.98,0.44,1.22,0.9,127153.07,4
351,0.61,0,0,1.429159284,0.875091034,199.3392029,199.3392029,-568.4520264,-568.1472168,-568.2691406,83.31512974,0,4.900889986,0,3032.9,200.1,53.53,70.417,114.7,0.760185750599997,3037.63,1,0.89,0.3,0.95,18047.02,3
352,50.29,2.438354492,0,15.77334881,4.19679963,278.8919983,250.9899551,-648.6143799,-598.9320068,-619.8985492,2.621807727,4,42.38589159,15.90563354,340165.5,4937.1,465.89,1815.394,156,0.256632995371804,563836.74,0.6,0.58,49.68,0.18,34592.26,4
353,1.52,1.523986816,0.28583023,8.904466629,3.748336884,200.8631897,199.1401776,-570.2808228,-564.7944336,-568.1203132,0,0,0,18.93435555,25121.1,642.3,119.496,257.103,28.8,0.464778707366308,26344.57,0.95,0.4,5.49,0.77,17993.59,3
354,3.35,3.352783203,0,8.877548218,3.693299946,479.7552185,471.5265506,-848.867981,-828.1416016,-840.4233694,6.545509534,2,48.08432004,3.965068276,236172.7,3250.9,380.667,1264.406,154.5,0.301063898779348,348281.2,0.68,0.41,20.73,0.28,165263.84,4
355,7.62,4.571960449,0,25.54790306,6.156895016,462.0768127,446.1934666,-831.4943848,-779.9832153,-815.1408605,2.369286585,1,8.169953742,44.03605067,181936.7,2595.6,325.385,1019.646,90,0.319115653864184,242818.27,0.75,0.32,51.51,0.34,145308.46,4
356,24.08,0,0,6.601534367,3.612947754,320.6495667,314.8554595,-689.7623901,-669.6456299,-683.7785787,25.47258813,0,66.96203092,0.578922458,77026.6,1423.7,240.731,559.603,84,0.430181753850498,90838.22,0.85,0.3,20.12,0.48,62427.75,4
357,5.49,3.352783203,0.404263586,25.94897079,7.547887741,202.0823669,198.9690778,-572.7191772,-562.0512085,-568.1785028,20.16351739,2,12.7117827,3.068361341,33910.3,888.5,117.877,388.884,144.8,0.303116096316639,36983.33,0.92,0.43,10.67,0.54,17947.71,3
358,0.3,0.30480957,5.7247E-05,9.941561699,3.217456301,202.0823669,201.3499615,-571.1951904,-567.8424072,-570.3217473,0,0,79.22974394,7.61824461,9755.6,382.5,84.573,148.425,120.7,0.569802930773118,9961.1,0.98,0.27,3.35,0.84,18591.31,3
359,6.71,5.18157959,0,10.49337769,3.618397224,379.1711731,372.1781461,-748.8936157,-732.4343872,-741.0889608,17.01854446,2,50.62478416,5.493327643,137998.6,1986,377.601,718.556,55.2,0.525499752280963,180804.25,0.76,0.48,16.46,0.44,94358.41,4
360,66.75,0,0.808574498,7.857439995,4.802121608,295.9607849,292.7984924,-665.0736084,-658.6727905,-662.0419355,0,0,62.91798441,8.738608946,8504.9,367.1,78.879,137.712,142.6,0.5727823283374,8819.81,0.96,0.48,6.4,0.79,51892.15,4
361,5.79,3.048034668,0.404305547,11.50801086,4.546748564,209.092804,206.4843779,-578.510437,-572.1096191,-575.5313322,29.64791425,1,26.58088864,7.667564032,29078.6,686.6,146.083,277.614,153.2,0.526209052857565,29818.55,0.98,0.47,6.4,0.78,20017.83,3
362,30.18,10.05841064,0,18.44592285,5.553372673,341.9855652,314.7584372,-711.7080078,-625.1448364,-683.7194404,2.658586209,2,33.35639497,22.33212416,419324.7,6135.9,498.688,2269.161,81.6,0.219767570480896,776148.74,0.54,0.32,86.56,0.14,62379.28,4
363,21.64,4.267211914,0,22.94612503,4.618216782,299.3135681,290.0470106,-669.0360107,-645.8712158,-658.9641808,14.23678523,0,31.51075131,6.928568813,313219.8,4468.6,566.568,1015.328,46.9,0.558014749913328,478850.65,0.65,0.44,23.16,0.2,50646.16,4
364,1.22,0,0.285891116,2.424438715,1.203355456,381.9143982,381.590538,-751.0272217,-750.4176025,-750.6652603,0,0,102.2098162,0,2326.8,178.6,47.95,64.457,152.5,0.743906790573561,2357.11,0.99,0.71,0.61,0.92,100229.57,4
365,0.61,0,1.030613065,21.9137249,9.365600331,417.2712097,414.1523161,-786.6887817,-776.9351807,-783.4919576,0,0,13.85197377,48.48190822,6438.4,290.9,85.516,93.877,128.1,0.910936651149909,6444.19,1,0.33,9.75,0.96,121907.34,4
366,2.13,0.914428711,0.285889566,7.282629967,3.554350138,384.0480042,381.9943729,-753.4656372,-747.979187,-751.0358536,0,0,45.67624216,5.709530269,20827.1,646.1,154.841,209.125,122.2,0.740423191870891,24754.04,0.84,0.45,5.49,0.63,100485.43,4
367,1.52,0,0,3.633965731,1.34507964,453.8471985,453.1199475,-822.6552124,-820.5216064,-822.0054985,36.51867242,0,54.77800863,2.608476604,17095.2,510.9,126.336,187.157,45.9,0.675026849115983,18107.37,0.94,0.32,2.13,0.83,150637.09,4
368,12.19,4.267150879,0,14.50909233,5.386908429,213.3600159,209.2965122,-582.4727783,-573.9384155,-578.4248757,19.78098336,1,45.14121842,10.14409403,29306,720.2,154.892,279.243,109,0.5546853457383,30772.28,0.95,0.48,8.53,0.71,20821.48,3
369,1.83,0.914428711,0.285891891,15.23648834,5.92351781,305.4095764,303.0747099,-675.132019,-665.378418,-672.1932753,0.956294538,0,9.562945382,5.737767231,15543.5,511.1,105.535,201.656,149.8,0.523341730471694,16694.73,0.93,0.3,9.75,0.75,56679.57,4
370,16.46,14.63037109,0.285825074,16.35005951,6.090135345,403.8600159,390.539531,-773.2775879,-750.112793,-759.5742018,8.607751867,1,44.49359064,12.97224577,122605.1,1650.3,342.861,588.649,16.5,0.58245406005956,140504.46,0.87,0.59,23.16,0.57,105975.99,4
371,57.61,0.30480957,0,6.094973087,3.35445142,286.816803,284.0518206,-655.9296265,-648.6143799,-652.9750961,0,0,58.14312873,16.85308079,35279.3,734.4,167.947,296.759,126.4,0.565937343096587,36218.24,0.97,0.41,7.32,0.82,47983.7,4
372,0.91,0,0.404308468,3.342391729,1.65946042,207.2640076,206.8880758,-576.3768311,-575.1575928,-575.8992961,23.33877089,0,76.6845329,0,4458.2,247.9,70.289,81.495,118.5,0.862494631572489,4562.23,0.98,0.43,1.22,0.91,20132.23,3
373,2.74,1.219177246,0.285891384,14.30080414,4.650447175,280.4159851,278.9421922,-649.5288086,-643.7376099,-647.8918497,0.596587302,0,69.20412695,4.176111109,24915.3,660.8,117.456,277.381,65.8,0.423446450910481,25888.98,0.96,0.29,5.79,0.72,45771.26,4
374,59.74,10.66802979,0,38.3059082,9.180138066,355.7015686,322.4111518,-725.4240112,-647.7000122,-691.3540665,2.091129349,11,29.00408222,1.594929165,1258149.5,14704.4,655.688,5658.747,50.2,0.115871587826775,2500000,0.5,0.44,77.72,0.07,66260.5,4
375,8.84,6.400817871,0,20.05656052,7.388179989,212.1407776,205.868509,-581.5584106,-565.4039917,-574.9290068,27.51088769,1,13.19779072,4.275340656,79964.5,1421.1,182.414,602.115,144.5,0.302955415493718,91142.59,0.88,0.41,16.15,0.5,19843.94,3
376,28.96,0.30480957,0,20.43489838,4.924750752,338.3279724,319.5990168,-707.1359863,-656.8439941,-688.5195087,3.825410616,0,42.78084206,18.17070043,233138,3732.8,509.073,1227.599,77.5,0.414689976124125,387841.82,0.6,0.37,50.29,0.21,64820.66,4
377,11.89,0,0.639251888,8.252738953,4.97048934,308.4576111,297.8082895,-677.5704346,-655.3200073,-666.7804884,0,0,61.97234569,18.24294159,55405.6,1057,196.2,394.302,99.1,0.497588143098437,61505.07,0.9,0.49,22.25,0.62,54199.7,4
378,9.45,0,1.143432498,7.025468349,3.419411348,321.5639954,321.0898505,-690.9816284,-688.8480225,-690.4058804,0,0,83.44718275,5.563145524,2671.9,185.7,56.817,57.539,1.2,0.987451989085664,2671.9,1,0.28,2.13,0.98,65582.01,4
379,0.61,0.30480957,0,8.629014015,2.348090829,430.6824036,427.9262644,-799.4904175,-791.5656128,-796.8321849,3.882655305,1,76.45844292,4.181321098,49768.5,1074.7,201.767,431.361,63.7,0.467745113721454,56928.72,0.87,0.34,7.92,0.54,131715.47,4
380,2.74,0.30480957,0.285893172,3.342335224,1.754462372,206.3495789,205.9501964,-575.4624023,-574.2432251,-574.9526504,68.30986491,0,14.01227999,0,8486.4,350.7,85.701,124.28,162.5,0.689579980688767,8815.62,0.96,0.46,1.22,0.87,19866.96,3
381,11.89,2.743225098,0,9.350315094,4.139012359,212.4455872,210.0794147,-582.1680298,-575.1575928,-579.1469381,16.38813098,1,32.37655145,7.594499723,37187.3,903.6,147.34,369.955,128.8,0.398264653809247,43806.88,0.85,0.44,7.01,0.57,21048.04,3
382,3.05,1.523986816,1.178612351,6.160811901,3.891835439,208.7879944,207.675472,-578.8151855,-575.1575928,-576.9152883,28.42764349,1,38.46092944,3.344428646,8888.9,344,99.493,108.357,166.2,0.918196332493517,9017.54,0.99,0.53,3.66,0.95,20356.29,3
383,7.32,6.400756836,0,10.29423904,3.848488689,191.4143982,176.7366321,-561.1367798,-530.9616089,-545.6641326,2.987482781,1,53.41903735,9.46036214,208969.9,2692,269.832,1174.353,129.7,0.229770775908096,256660.7,0.81,0.51,30.18,0.36,12485.07,3
384,4.88,1.523986816,0.285891116,13.40389538,3.179875833,493.1664124,491.414768,-863.1936035,-858.3168335,-860.4002577,8.794853218,2,62.82038013,1.758970644,59153.3,1461.3,191.442,563.14,139.9,0.339954540611571,83185.9,0.71,0.58,4.88,0.35,181829.55,4
385,4.88,1.523986816,0.285891622,18.59998894,6.897333153,226.7712097,222.9523537,-596.7984009,-583.9968262,-592.0027497,11.60275143,3,24.22927505,6.825147902,43557,1003,160.037,401.573,59,0.398525299260657,49248.81,0.88,0.38,12.8,0.55,24948.95,3
386,0.91,0.609619141,0,5.445349693,2.195324513,199.3392029,198.5821044,-568.4520264,-566.0136108,-567.5408831,11.95079198,1,79.30980134,3.259306907,13681.6,436.4,106.743,161.278,123.9,0.661857165887474,13837.81,0.99,0.39,2.44,0.9,17844.18,3
387,1.83,0.30480957,0,4.28042984,1.618727423,200.8631897,200.212197,-569.6712036,-568.1472168,-569.1820166,1.261173451,0,93.32683542,1.261173452,11786,404.2,112.836,138.867,132.6,0.812547257447774,12061.05,0.98,0.34,1.52,0.91,18282.34,3
388,1.52,0.30480957,0.285895526,4.08634758,2.119405546,349.3008118,348.7969454,-718.4136353,-716.5848389,-717.7853568,0,0,23.71039857,49.39666366,7522.8,343.6,75.75,137.789,103.4,0.54975360877864,7721.22,0.97,0.36,1.83,0.8,80540.71,4
389,5.18,1.219177246,0.857571602,24.36991501,9.1516739,493.4712219,488.6850667,-863.4984131,-845.2103882,-857.7129992,0,0,25.86417378,18.92500521,23562.7,606.6,146.872,233.013,115.2,0.630316763442383,24588.52,0.96,0.32,18.29,0.81,179509.04,4
390,3.05,3.047973633,0,12.89432335,5.646989324,182.2704163,179.168439,-552.2976074,-537.3624268,-548.212151,9.312070057,2,46.24994795,4.035230358,47886.7,1033.1,174.256,392.429,153.1,0.444044655211516,55714.92,0.86,0.28,14.94,0.57,13034.43,3
391,11.28,9.143981934,0.404230058,18.28241539,8.42251407,232.5624084,220.4911957,-601.9799805,-570.5856323,-589.4769225,11.56136051,2,19.23077788,17.51374415,129853.1,1759.9,272.01,688.514,71.1,0.395068219382612,146504.63,0.89,0.4,31.39,0.53,24177.51,3
392,78.03,2.743164063,0.285891622,12.80238628,4.807987058,306.3240051,297.4293755,-676.3511963,-649.223999,-666.4120557,4.401192015,1,53.46633263,12.71455471,91187.1,1797,282.874,721.02,148.4,0.39232476214252,137114.44,0.67,0.37,27.13,0.36,54023.41,4
393,50.9,0.609619141,0,12.09681606,6.109611203,280.1111755,276.4632476,-649.223999,-636.7272339,-645.4298678,10.67890383,1,31.59175718,29.36698554,33406,924.4,146.26,354.957,162.7,0.412049910270821,38722.44,0.86,0.31,12.5,0.49,44716.71,4
394,9.75,0.30480957,0.285895765,6.2900877,2.619008502,210.9216003,210.3739857,-580.0344238,-578.2056274,-579.3834808,35.15917622,0,50.98080552,5.273876433,8455.3,353.3,86.615,130.386,117.6,0.664296780329176,8615.71,0.98,0.38,1.83,0.85,21133.6,3
395,1.22,0.30480957,0.404312849,7.857673168,2.326172667,351.7391663,350.8529349,-720.8519897,-717.8040161,-719.8063082,0,0,37.05768001,37.05768002,9626.6,386.5,86.961,147.547,153.8,0.589378299795997,10015.77,0.96,0.35,3.05,0.81,81711.9,4
396,15.24,4.87677002,0,34.70713806,7.219664602,528.5231934,507.5539921,-897.9407959,-840.3336182,-876.5025964,10.62706002,1,10.0805255,28.96632931,244773.7,3511.6,617.381,843.377,38.5,0.732034428256877,393465.72,0.62,0.37,57.61,0.25,195854.04,4
397,0.91,0,0,4.318176746,1.992638821,185.6231995,185.2385646,-554.7360229,-552.602417,-554.1699538,0,0,2.487462908,69.64896143,5975.6,285.4,78.605,96.549,131.7,0.814146184838787,6063.97,0.99,0.28,2.13,0.92,14457.31,3
398,0.91,0,0.639262915,11.89136219,6.467734923,199.0343933,195.4319127,-568.4520264,-557.479187,-564.5382463,0,0,0,8.653085798,13742.3,503.2,96.804,188.354,103.8,0.513947142083524,15165.09,0.91,0.36,10.97,0.68,17012.48,3
399,0.3,0.30480957,0.404311389,9.665246964,4.839078031,375.8183899,369.787709,-744.9312134,-731.21521,-738.6945321,0,0,0,0.545423511,27252.5,708.8,143.715,252.647,145.9,0.568837152232166,29630.45,0.92,0.46,13.72,0.68,92895.55,4
400,8.23,0,2.457784891,6.644123554,4.279830443,497.4336243,496.0789252,-866.2416382,-863.4984131,-865.0732117,0,0,54.56373454,10.91274691,2724.2,190.9,48.529,65.134,114.3,0.745064021862622,2741.88,0.99,0.44,2.74,0.94,185829.04,4
401,8.23,0,2.457784891,6.644123554,4.279830443,497.4336243,496.0789252,-866.2416382,-863.4984131,-865.0732117,0,0,54.56373454,10.91274691,2724.2,190.9,48.529,65.134,114.3,0.745064021862622,1200000,0,0.44,2.74,0.94,185829.04,4
402,3.05,1.828796387,0.571781456,11.59214115,4.310327295,229.2095642,226.8411158,-598.6271973,-592.2263794,-595.8857971,0,0,0,24.20448745,25178.4,606.5,143.817,228.582,123.6,0.629170275874741,25771.57,0.98,0.44,6.4,0.86,26192.55,3
403,39.01,0,1.616691589,7.249944687,4.43261689,471.2207947,465.1176642,-840.3336182,-826.6176147,-834.0254945,0,0,0,48.90099535,25229,721.8,182.433,215.625,78.7,0.846066086956522,29330.76,0.86,0.46,13.72,0.61,160094.15,4
404,2.13,0.914367676,0.285897851,4.599946022,2.57086861,448.9703674,447.1602895,-818.0831909,-812.5968018,-816.0732569,25.17113115,0,26.62331179,35.33639565,30707.2,654.2,166.8,228.122,89.9,0.73118769781082,31101.44,0.99,0.37,5.49,0.9,146046.49,4
405,0.91,0,0.285895526,9.380015373,2.423881057,421.8431702,420.1678614,-790.9559937,-784.8599854,-789.1080258,5.575928592,0,44.60742874,9.757875038,21326.2,584.3,136.131,213.272,27,0.638297573052253,22988.04,0.93,0.31,6.1,0.79,126144.21,4
406,2.13,1.219238281,0.40431726,7.194369793,4.184243051,282.5495911,275.3201858,-651.9672241,-630.9360352,-644.2809489,5.932142088,0,34.22389666,29.88886975,65148.1,1203.8,195.233,434.031,115.3,0.449813492584631,70668.28,0.92,0.37,21.03,0.57,44234.58,4
407,124.36,0,0.28584215,7.857657909,3.594805709,353.2632141,351.5867978,-722.6807861,-716.2800293,-720.6120618,0,0,0,8.52911676,13942,523.8,81.471,218.55,103.9,0.372779684282773,14783.85,0.94,0.33,6.4,0.64,82131.99,4
408,124.36,0,0.28584215,7.857657909,3.594805709,353.2632141,351.5867978,-722.6807861,-716.2800293,-720.6120618,0,0,0,8.52911676,13942,523.8,81.471,218.55,103.9,0.372779684282773,4800000,0,0.33,6.4,0.64,82131.99,4
409,0.61,0.30480957,0.285898894,3.96537447,1.646855277,420.6239929,420.2887054,-789.7368164,-788.5176392,-789.2237244,6.632583648,0,86.22358744,0,8964.3,364.8,83.348,134.949,58,0.61762591793937,9190.65,0.98,0.46,1.22,0.85,126230.06,4
410,3.05,3.047973633,1.03071487,41.19447708,16.80696403,413.9183655,395.7200441,-782.7263794,-728.4719849,-764.9177229,1.171483287,0,22.64867689,18.7437326,38064.9,973.1,171.972,369.958,44,0.464841955032733,44209.99,0.86,0.33,54.25,0.51,109375.75,4
411,120.09,0.30480957,0.285899669,16.89672279,8.575057261,349.3008118,342.8150892,-718.4136353,-696.163208,-711.8321097,0,0,0,37.54203227,20588.5,552.3,146.366,189.895,116.8,0.770773322099055,21375.51,0.96,0.3,22.25,0.85,77181.22,4
412,120.09,0.30480957,0.285899669,16.89672279,8.575057261,349.3008118,342.8150892,-718.4136353,-696.163208,-711.8321097,0,0,0,37.54203227,20588.5,552.3,146.366,189.895,116.8,0.770773322099055,4800000,0,0.3,22.25,0.85,77181.22,4
413,3.66,2.743225098,0.808594227,7.651970387,3.894637455,177.0887756,174.1911073,-546.8112183,-540.71521,-543.3080963,0,0,53.47798858,16.66846398,21402.1,551.5,132.905,202.265,141.2,0.657083529033693,21851.19,0.98,0.58,6.1,0.89,11922.7,3
414,1.22,1.219177246,0.808516264,8.518193245,4.747620814,257.8608093,255.7271944,-627.5831909,-621.4871826,-624.7927099,0,0,31.67114785,25.67930906,17365.1,503.5,116.93,190.8,89.9,0.612840670859539,17728.76,0.98,0.47,6.1,0.86,36376.86,4
415,15.54,8.534423828,0.285895526,24.8277092,9.704095739,235.9151917,229.1250191,-607.4664307,-582.4727783,-598.3441803,19.78283429,1,13.1885562,4.945708573,54098.3,1270,283.151,296.733,8,0.954228211894194,67290.25,0.8,0.37,24.99,0.42,26937.02,3
416,10.67,4.572021484,0,27.78294563,5.8817976,392.8871765,381.1886594,-762.3048096,-706.5264282,-750.1352325,10.38435298,3,30.74582943,4.581332199,292005.2,4077.2,603.251,1055.02,82.5,0.571791056093723,503189.75,0.58,0.22,55.78,0.22,99975.27,4
417,77.42,0.30480957,1.429179311,10.0284338,4.573524935,305.714386,304.9306205,-675.7416382,-672.0839844,-674.3591243,0,0,90.43553884,6.956579919,4273.4,264.1,58.359,97.074,103.9,0.601180542678781,4613.85,0.93,0.39,3.66,0.77,57566.7,4
418,10.06,0.609619141,0,8.629128456,2.481330276,442.264801,440.6222249,-811.3776245,-805.2816162,-809.5388757,3.249254912,1,81.84060811,5.889274529,73194.1,1706.4,156.268,783.181,134.9,0.199529866020754,85642.75,0.85,0.31,6.1,0.32,141092.06,4
419,1.22,0.304748535,0,6.088651657,2.168160315,423.367218,422.4136715,-792.4799805,-789.4320068,-791.3411329,34.41930139,0,56.69061406,0.674888263,22024.6,630.8,125.009,240.224,63.2,0.5203851405355,24009.44,0.92,0.39,3.05,0.7,127744.53,4
420,0.3,0.30480957,0.285899907,10.51990604,4.12165961,478.5359802,477.5077991,-847.6488037,-843.6864014,-846.5108838,0,0,0,25.85544551,10923,411.2,88.989,155.012,107.8,0.574078135886254,11310.26,0.97,0.29,3.96,0.81,170162.68,4
421,1.52,0,0.571787655,10.91284752,5.662158347,180.4416199,179.5610691,-550.1640015,-547.1160278,-548.9956055,0,0,44.1945772,50.5080882,2354.3,172.6,52.543,53.974,131.3,0.973487234594434,2354.34,1,0.4,3.05,1,13124.24,3
422,73.15,2.438415527,0,16.13581848,5.522845159,302.0567932,291.0275192,-671.4744263,-631.5455933,-659.9525356,7.556186789,1,35.38073344,18.13484829,167207.6,2390.8,435.313,602.127,162.2,0.722958777799368,213829.61,0.78,0.29,39.93,0.37,51088.44,4
423,11.28,0,0.285899132,5.642137051,2.721801825,212.4455872,211.2960621,-581.5584106,-577.2911987,-580.2782471,5.645332115,1,53.63065509,13.1724416,15798,479.7,113.852,175.475,143.2,0.648821769482832,16262.93,0.97,0.31,4.27,0.86,21402.54,3
424,6.1,3.962402344,1.030721426,8.42456913,5.009594272,179.2223816,176.6236609,-549.2496338,-542.8488159,-545.7646668,0,0,47.49453972,5.277171079,25350.2,600.4,163.428,207.022,45.3,0.78942334631102,26239.59,0.97,0.55,6.4,0.89,12459.84,3
425,10.67,0.914367676,0,14.28016377,3.54737174,323.0879822,318.1374221,-692.2008057,-677.265625,-687.0378465,4.982840948,2,48.4229928,14.43746223,116339.6,2001,292.97,671.265,11.8,0.436444623211399,156473.8,0.74,0.35,14.94,0.37,64078.55,4
426,72.24,2.133605957,0,8.882459641,4.920616943,301.4471741,295.6816747,-670.5599976,-655.6248169,-664.6130592,20.03705884,1,11.65792514,38.79903211,81601.6,1212.8,242.444,424.058,135.9,0.571723679308019,88131.49,0.93,0.4,14.94,0.7,53214.04,4
427,51.82,0,2.23179698,10.75835419,6.863719114,281.0256042,274.1691312,-650.1384277,-637.0319824,-643.158795,0,0,0,51.27094952,14205.8,518.5,124.137,185.926,130.3,0.667668857502447,16303.29,0.87,0.54,13.11,0.67,43751.73,4
428,28.04,11.58239746,0,12.33900642,4.887388489,242.6208191,230.1594728,-612.0383911,-589.7880249,-599.093882,4.299852212,1,44.78461458,13.9579818,224698.3,2330.4,495.269,779.753,118.6,0.635161390850692,283504.38,0.79,0.58,22.25,0.52,27277.65,3
429,0.61,0.30480957,0.285844475,4.280530453,2.350918477,200.2535706,199.8662453,-569.6712036,-567.8424072,-568.8901571,4.435025172,0,75.39542794,19.95761328,6703.1,295.3,85.828,103.171,127.7,0.831900437138343,6718.84,1,0.45,1.83,0.97,18188.9,3
430,10.06,6.705627441,0.285895258,25.36602402,8.268404994,279.806366,268.6810388,-651.357605,-614.4768066,-637.6829885,16.22847099,0,17.95274603,12.37420913,146548.8,1997.4,238.615,865.013,66.8,0.275851345586714,165402.57,0.89,0.37,36.88,0.46,41485.97,4
431,60.05,0.304748535,0.285844475,9.141480446,4.406561495,288.9504089,287.5345548,-658.367981,-653.4912109,-656.794853,0,0,51.5181096,45.0783459,4616.4,265.7,67.034,100.057,137.2,0.669958123869394,4791.69,0.96,0.33,4.88,0.82,49521.63,4
432,10.67,8.229553223,0,15.49740696,6.206632696,206.959198,200.6975763,-576.9863892,-564.1848145,-569.7758636,13.33832118,2,20.09640392,2.311975672,83579.5,1577.9,205.856,649.928,14.1,0.316736623133639,102503.68,0.82,0.57,12.8,0.42,18413.83,3
433,0.3,0.30480957,0.404323131,2.303798676,1.484412084,312.4200134,312.1533051,-681.5328369,-680.6184082,-681.1041985,0,0,83.51185167,134.9037604,4627.7,249.6,65.362,88.312,65.7,0.740125917202645,4643.89,1,0.53,0.91,0.94,61084.76,4
434,1.22,0,0.639251232,3.193084717,1.599405062,196.2911682,196.0168884,-565.4039917,-564.489624,-565.08396,70.85150795,0,15.18246601,0,2937.1,198.2,56.796,68.096,89.7,0.83405780075188,2951.76,1,0.39,0.91,0.94,17165.43,3
435,7.32,4.571960449,0.000114499,13.91424465,7.685532701,206.3495789,202.3016373,-576.6815796,-567.5375977,-571.7272708,29.83928188,1,17.1801926,8.13798597,16438.6,469.8,129.307,154.872,90.1,0.834928198770598,16566.94,0.99,0.55,9.14,0.94,18851.74,3
436,18.59,3.962402344,0,20.38313484,7.073692211,330.7079773,309.9986465,-700.1256104,-637.9464111,-679.0055426,2.219661778,3,14.56314679,22.25075587,274559.8,4468.9,564.93,1096.478,104.2,0.51522237564274,468023.58,0.59,0.34,62.18,0.17,60024.34,4
437,3.05,0.914428711,0.404323488,7.953600407,2.959791434,350.8247986,349.7954235,-719.9376221,-715.9752197,-718.7905953,0,0,68.48686796,8.78036769,16928.8,507.8,122.406,189.624,136.3,0.645519554486774,17521.8,0.97,0.3,3.96,0.83,81108.43,4
438,0.61,0,0,2.424380064,1.216034694,408.4319763,408.0115725,-777.2399902,-776.6304321,-776.9982573,0,0,19.03880808,41.88537779,3903.6,221.9,69.546,69.635,178.9,0.998721907086953,3903.64,1,0.47,0.61,1,117656.94,4
439,2.44,2.438415527,0,17.48374558,6.075218495,254.8127747,244.8304694,-624.2304077,-602.8944092,-613.7708771,4.393021063,1,67.84776976,13.99258561,91356.7,1354.5,255.798,488.883,5.1,0.523229484355152,101722.29,0.9,0.49,21.34,0.63,32339,3
440,0.91,0,0.285903543,2.571363688,1.183980949,414.5279846,414.3996437,-783.6408081,-783.031189,-783.3440198,78.5416604,0,8.124999352,0,5488.3,287.4,69.612,101.206,168.7,0.687824832519811,5683.59,0.97,0.58,0.61,0.84,122080.11,4
441,57.91,41.75762939,0.903946817,38.18478394,13.90981582,240.7920227,204.1056121,-612.6480103,-543.7631836,-573.1598717,12.47042313,1,13.22335434,29.17608431,315867.2,2144.1,598.532,683.769,161.6,0.875342403648016,325783.16,0.97,0.57,68.88,0.87,19350.37,3
442,25.3,0.30480957,0,15.83738995,3.108488124,538.8863525,531.2747481,-907.9992065,-883.3104248,-900.1393887,7.626933989,0,48.33248056,13.711342,173452.2,2845.5,388.966,980.131,135.9,0.396851033178218,263252.26,0.66,0.32,24.69,0.27,217412.14,4
443,1.52,0,0,3.72252059,2.115708457,277.0632019,276.2694416,-646.480835,-643.4328003,-645.2235082,0,0,84.06753309,8.406753306,14145,510.9,99.428,203.977,96.9,0.487447114135417,15345.12,0.92,0.43,3.05,0.68,44634.78,4
444,0.3,0.30480957,0,5.762413979,1.857798108,191.7192078,189.4172776,-560.8320313,-556.2600098,-558.2740878,3.260700694,1,68.47471459,10.24791647,63820,1387.6,132.918,630.817,129.2,0.210707701282622,71570.15,0.89,0.57,4.57,0.42,15479.66,3
445,33.83,13.41119385,0,25.16322136,8.168948562,341.9855652,322.9318068,-712.0128174,-665.6832275,-691.9222899,7.384623268,2,25.26318486,2.953849307,573662.4,7603.4,952.252,1836.201,50.4,0.518598998693498,1400000,0.41,0.43,46.33,0.12,66528.82,4
446,75.59,0,0,12.22380352,7.080355521,304.8000183,298.2680582,-673.9127808,-659.2824097,-667.2142951,0,0,0,66.97401189,25523,688.9,139.806,251.367,110.5,0.556182792490661,27884.29,0.92,0.46,14.63,0.68,54413.99,4
447,8.53,5.79119873,0.857642829,18.22795105,6.926718015,204.2159729,198.4591375,-573.9384155,-558.3936157,-567.4799591,14.4231637,1,32.45211833,6.810938415,74201.4,1241.7,201.096,521.412,133.8,0.385675818738349,81834.36,0.91,0.42,15.54,0.61,17811.34,3
448,70.1,0,0.2859025,10.51637363,4.220274184,299.6183777,295.1519024,-668.4263916,-658.6727905,-664.156277,0,0,34.13491309,14.22288045,15676.3,518.9,103.654,206.302,153.2,0.502438173163614,16744.74,0.94,0.44,9.75,0.73,52969.9,4
449,2.44,0.609558105,0.285898626,4.429510117,2.153934113,372.7704163,368.9851096,-741.8831787,-731.21521,-737.8722069,8.630206533,0,18.33918888,55.55695455,55114.9,1190.4,179.87,436.746,176.8,0.411841207475283,63113.47,0.87,0.38,10.67,0.49,92406.95,4
450,7.92,5.48638916,0.285903037,9.501121521,4.250326349,203.3016052,197.8056701,-573.3287964,-561.4415894,-566.8743208,12.22166706,2,48.6024434,9.947868532,52297.1,1152.1,171.663,424.023,20.7,0.404843605181794,64125.3,0.82,0.55,11.89,0.5,17637.35,3
451,3.05,0,0,2.856705189,1.408653461,454.4568176,453.8956909,-823.2648315,-822.0455933,-822.7937622,0,0,95.65081998,0,6837.6,308,80.136,110.233,155.9,0.726969237887021,6875.12,0.99,0.42,1.22,0.91,151239.86,4
452,9.45,1.219177246,0,31.49497986,12.52459853,522.1224365,511.8191819,-892.1495972,-853.4400024,-880.9662689,0,0,25.74577586,26.14805361,36950,863.4,202.235,255.673,156.2,0.790990835950609,43279.17,0.85,0.29,38.71,0.62,199647.38,4
453,40.84,3.657592773,0,16.29933167,4.380660355,268.8335876,260.7284704,-639.1655884,-610.8192139,-629.6479603,12.34247416,3,52.52564287,5.540087833,211958.2,3159.8,493.5,1031.558,104.3,0.478402571644057,346271.94,0.61,0.34,28.35,0.27,38309.63,4
454,3.35,0.30480957,0,3.450298309,1.777856855,200.5583801,200.2592321,-569.6712036,-568.7568359,-569.247866,70.04547273,0,17.51136817,0,7639.5,385,61.201,154.368,173.6,0.396461701907131,8375.57,0.91,0.52,0.91,0.65,18295.06,3
455,21.34,10.66802979,0,22.12951279,7.01987215,510.5400085,473.4533805,-879.652832,-753.1608276,-842.39847,4.421408603,2,34.27708185,6.364148747,665647.7,8081,603.088,2606.667,83.5,0.231363653278305,1200000,0.55,0.29,126.49,0.13,166834.16,4
456,7.92,0,1.429244757,4.848686218,2.792466259,300.5328064,299.0595927,-669.6456299,-666.2927856,-668.202889,0,0,81.45539487,6.265799605,4744.5,287.3,59.257,110.069,45,0.538362300011811,5083.45,0.93,0.44,3.35,0.72,54783.89,4
457,7.92,0,1.429244757,4.848686218,2.792466259,300.5328064,299.0595927,-669.6456299,-666.2927856,-668.202889,0,0,81.45539487,6.265799605,4744.5,287.3,59.257,110.069,45,0.538362300011811,1200000,0,0.44,3.35,0.72,54783.89,4
458,3.05,0.609619141,0,6.055596828,4.211758231,176.7839661,175.7552884,-546.2015991,-543.7631836,-545.103049,0,0,86.09190635,4.199605188,7078.8,306.4,92.473,97.452,25.3,0.948908180437549,7155.92,0.99,0.47,2.44,0.95,12266.73,3
459,1.83,0.30480957,0.808620632,5.475269318,3.203693465,198.7295837,197.672022,-568.1472168,-564.489624,-566.7756042,30.33799666,0,53.09149415,6.06759933,9799,363.1,93.824,118.438,90.1,0.792178186055151,9852.5,0.99,0.39,3.66,0.94,17601.87,3
460,101.5,7.315185547,0,29.37234497,6.3286431,330.0984192,305.2775375,-699.8208008,-627.5831909,-674.2310432,6.326095904,2,24.15418436,11.05191458,594462.7,8223.4,988.618,1413.78,129.8,0.699272871309539,1100000,0.54,0.35,72.24,0.11,57733.3,4
461,0.61,0.30480957,0,4.511147022,1.691354189,203.9111633,202.9081235,-573.0239868,-569.6712036,-571.7840235,8.673651871,0,86.7365187,1.369523979,32560.5,792.9,168.168,303.036,109.9,0.554943967053419,36297.73,0.9,0.38,3.35,0.65,19018.65,3
462,0.61,0.609558105,0.285906643,3.426663876,1.796409507,273.7104187,272.8663342,-642.8231812,-640.6896362,-641.7798573,0,0,98.61869418,1.933699888,15373.8,479.1,112.451,181.83,109,0.61844030138041,15783.84,0.97,0.51,2.13,0.84,43208.41,4
463,12.8,4.571960449,0.285904318,9.954123497,4.979875351,212.7503967,206.0296405,-582.4727783,-567.5375977,-574.9926776,12.49726403,1,37.29952649,8.65195202,77310.5,1154.1,240.298,455.105,125.2,0.528005625075532,81862.41,0.94,0.5,14.94,0.73,19889.36,3
464,0.3,0.30480957,0,3.089603186,1.3191889,416.9664001,416.3139722,-786.0792236,-783.6408081,-785.1849617,0,0,95.42983096,1.659649234,17912.4,533.3,120.784,190.443,72.1,0.634226513970059,18934.78,0.95,0.38,2.44,0.79,123421.51,4
465,64.31,0.30480957,0.404289961,17.03425217,7.486309248,293.5223694,289.6664366,-662.6351929,-652.8815918,-658.8566585,0,0,12.76420039,44.67470139,9316.1,360.5,89.411,135.812,108,0.658343887138103,9447.18,0.99,0.39,9.75,0.9,50475.01,4
466,64.31,0.30480957,0.404289961,17.03425217,7.486309248,293.5223694,289.6664366,-662.6351929,-652.8815918,-658.8566585,0,0,12.76420039,44.67470139,9316.1,360.5,89.411,135.812,108,0.658343887138103,734737.01,0.01,0.39,9.75,0.9,50475.01,4
467,9.75,6.400817871,0.285905629,23.87076569,6.450504776,260.908783,254.4143064,-630.326416,-609.6000366,-623.3792129,23.15175238,1,11.41730254,5.18007245,140604.8,2043.3,256.386,873.402,88.7,0.293548675180501,167130.23,0.84,0.34,20.73,0.42,35877.78,4
468,16.46,0,0.808460951,10.12987041,4.868306867,245.6687927,243.0102587,-614.4768066,-608.3807983,-611.8792331,0,0,0,46.71409906,13046,468.4,105.561,170.923,73.1,0.61759388730598,13770.34,0.95,0.43,6.1,0.75,31687.65,3
469,2.13,0,0,3.036275148,1.737144937,211.835968,211.5693035,-580.9487915,-580.0344238,-580.6249542,0,0,67.0141942,30.1563874,4436.1,248.5,67.913,92.729,47.4,0.732381455639552,4503.42,0.99,0.4,0.91,0.9,21482.56,3
470,33.83,13.41119385,0,37.7069664,7.126350689,326.1360168,302.1656771,-695.8583984,-625.1448364,-671.1028743,11.70506003,1,24.81842116,11.68197312,643834.4,7204.7,965.859,1954.724,73.6,0.494115281748216,1200000,0.54,0.35,70.71,0.16,56247.56,4
471,2.44,1.219177246,0,3.882702589,1.706978416,196.2911682,195.526956,-565.7088013,-563.2703857,-564.467199,28.31050422,0,60.25056025,2.903641459,20476.6,553.9,129.687,209.939,142.2,0.617736580625801,21089.07,0.97,0.53,2.44,0.84,17037.29,3
472,7.01,3.962402344,1.429114938,29.51722336,13.66358549,454.1520081,437.1066409,-824.4840088,-787.2984009,-806.4304714,1.303061444,0,13.35637981,25.73546353,45628.4,927.6,204.299,347.068,155.6,0.588642571484551,51167.08,0.89,0.49,37.19,0.67,138463.35,4
473,1.52,1.219238281,0.639160991,36.19946289,12.82014087,458.7239685,454.7986747,-828.7512207,-811.0728149,-824.0350548,0,0,2.649994951,64.92487634,11218.2,400.5,98.569,150.743,126.8,0.653887742714421,11488.09,0.98,0.27,17.68,0.88,151943.01,4
474,58.22,1.523986816,0,17.69875145,6.589048388,286.816803,271.5649411,-656.5391846,-614.4768066,-640.5651485,4.626013189,1,24.33282938,15.54340432,160658.2,2319,321.05,923.959,146.5,0.347472128092264,209702.09,0.77,0.38,42.06,0.38,42669.07,4
475,4.57,2.133605957,1.830106616,7.266667843,5.185055378,178.917572,177.1679596,-548.9448242,-544.6776123,-546.4866143,16.86893859,1,35.03548785,5.190442644,11455,393.5,105.972,129.624,89.7,0.817533790038882,11481.9,1,0.59,4.27,0.93,12581.65,3
476,1.52,0.30480957,0.285909235,18.13036346,8.646382419,196.5959778,188.0728805,-565.7088013,-534.9240112,-557.1145745,0.368202866,0,29.82443217,21.35576624,40369.4,850.5,179.174,324.675,180,0.551856471856472,43796.56,0.92,0.28,30.78,0.7,15146.93,3
477,0.3,0,0,4.036547184,1.848697956,408.7367859,408.1152374,-777.8496094,-776.3256226,-777.0786384,0,0,93.55075686,7.961766544,7467.8,334.7,78.859,126.686,75.8,0.622476043130259,7672.34,0.97,0.54,1.52,0.84,117728.07,4
478,77.42,0,0.571803749,15.54106426,8.691232328,306.3240051,301.441275,-675.4368286,-660.1968384,-670.4327612,0,0,0,26.23893912,15295.3,468.5,117.824,178.482,89.9,0.660145000616309,15466.47,0.99,0.33,15.24,0.88,55904.48,4
479,2.74,1.828796387,0.28591001,13.49214077,6.258887748,199.3392029,195.3417104,-569.0615845,-557.7839966,-564.4205355,13.10940956,1,9.103756642,3.641502657,40818.7,1008.4,131.415,429.247,108.5,0.306152401764019,46984.12,0.87,0.42,11.28,0.51,16988.96,3
480,0.3,0,1.03076148,13.69563007,5.463993698,242.9255676,236.7762132,-612.3432007,-600.4559937,-605.8373651,0,0,29.5255357,30.66113323,26178.5,714.8,117.908,300.635,90.1,0.392196517371564,27718.32,0.94,0.55,11.89,0.65,29507.07,3
481,53.64,0,2.441168547,12.13251686,7.000179514,282.5495911,276.9641327,-651.9672241,-639.4703979,-646.1493385,0,0,0,87.43230676,11900.5,416.8,108.041,151.541,168.8,0.712948970905564,12275.29,0.97,0.47,12.5,0.86,44928.79,4
482,2.44,0.30480957,0.639294207,6.442025185,3.547380648,210.9216003,210.1631321,-580.3392334,-577.5960083,-579.3326629,25.55737236,1,55.76153968,4.646794973,6397.6,294.1,81.764,93.075,0.2,0.878474348643567,6473.07,0.99,0.38,2.74,0.93,21072.33,3
483,1.22,0.30480957,0,6.497799397,2.868241145,392.8871765,391.6139138,-761.6951904,-758.0375977,-760.5546614,0,0,71.17454141,10.51442089,18378,489.2,142.464,154.833,180,0.920113929201139,18423.08,1,0.32,3.66,0.97,106676.65,4
484,9.75,7.315185547,0.639293015,24.01047325,11.308512,240.4872131,224.826907,-610.8192139,-567.8424072,-593.8848785,9.192367969,1,18.21129503,27.75054481,85701.5,1245.4,274.719,430.93,124.7,0.637502610632817,92811.89,0.92,0.39,42.98,0.7,25544.64,3
485,0.3,0.30480957,0.404336303,10.12223053,4.003004795,486.1559753,485.4214843,-855.5736084,-852.2208252,-854.4593456,0,0,0,0,9013.7,428.2,60.966,183.213,104.1,0.33276022989635,9515,0.95,0.34,3.35,0.62,176754.22,4
486,2.44,0.609558105,0.857562542,7.636828423,4.186098404,191.7192078,190.646047,-561.1367798,-558.3936157,-559.9112625,49.76897178,1,8.655473358,6.491605019,6869.2,304.4,81.764,94.138,90,0.86855467505152,6891.26,1,0.46,2.74,0.93,15786.93,3
487,7.62,4.876831055,0,10.28336811,4.663734442,200.8631897,193.2567844,-569.9760132,-544.9824219,-562.1653626,16.35232636,1,26.87359061,22.81719957,117260,1582.3,225.938,660.724,142.5,0.341955188550741,127168.86,0.92,0.31,24.99,0.59,16449.8,3
488,3.66,1.524047852,2.000591516,7.239255428,4.90482199,179.5271912,178.072196,-549.2496338,-545.59198,-547.4035518,42.82940269,0,17.52111928,3.893582061,7635.2,316.2,89.383,105.184,108.9,0.849777532704594,7685.68,0.99,0.52,3.66,0.96,12785.32,3
489,2.74,0.609619141,1.429223776,15.11276722,6.528450007,199.948822,198.6567091,-569.9760132,-564.1848145,-568.0676959,0,0,30.79043138,41.78701402,6758.5,312.7,72.821,114.663,166,0.635087168485039,6903.45,0.98,0.34,5.79,0.87,17864.12,3
490,14.94,0.30480957,0,13.74252701,6.37451666,243.8399963,240.4762087,-613.2576294,-602.5895996,-609.6274673,0,0,0.893806267,14.30090028,16630.2,580.2,97.629,250.136,117.1,0.390303674800908,17845.5,0.93,0.34,10.67,0.62,30791.9,3
491,5.79,3.352844238,0.904060185,12.43895435,5.875346216,200.5583801,197.7670684,-570.5856323,-563.2703857,-567.0082183,30.51396518,1,26.15482729,6.102793036,17049.4,568.9,110.64,220.26,164.8,0.50231544538273,18936.29,0.9,0.5,7.32,0.66,17627.09,3
492,8.53,0.609619141,0,10.03589249,3.163857211,217.9319763,213.1550832,-587.0447998,-574.2432251,-582.0302598,2.183773893,3,66.21765998,1.972440935,211005.6,3382,292.709,1442.409,165.3,0.202930652817613,338625.85,0.62,0.39,12.8,0.23,21949.93,3
493,1.83,1.523986816,0.404257536,17.0154171,6.744582208,271.8816223,266.1706417,-640.9943848,-613.8671875,-635.1229655,15.82105088,1,36.62681643,8.885795702,68584.7,1111.5,203.294,423.177,90,0.480399454601739,72892.42,0.94,0.22,27.13,0.7,40469.63,4
494,5.79,0,0.285912871,10.22247601,4.709336661,206.6543884,202.9583198,-575.4624023,-565.0991821,-571.8935819,0,0,13.90397339,33.76679253,14966.8,492.3,129.534,159.008,126,0.814638257194606,16129.26,0.93,0.35,10.36,0.78,19032.5,3
495,1.22,0,0.571814597,5.1640172,2.642186027,205.1304016,204.2972697,-574.2432251,-571.8048096,-573.3135671,0,0,67.43598303,19.02040547,8596.3,341.1,88.13,128.971,132,0.683331911825139,8625.91,1,0.4,2.44,0.93,19403.73,3
496,3.96,0.914428711,0.63930285,6.095623493,4.139589414,200.2535706,199.4235028,-570.2808228,-567.2327881,-568.6984448,70.38818807,0,8.798523513,0,6757.6,298.5,81.739,93.872,89.9,0.870749531276632,6758.9,1,0.54,3.05,0.96,18069.68,3
497,3.35,0.30480957,0.639303446,8.75729084,4.422214248,204.2159729,202.8382898,-573.633606,-569.0615845,-571.9389136,2.078126957,0,35.32815824,2.078126955,7152.7,322.2,79.171,122.691,127.9,0.645287755418083,7261.71,0.98,0.38,4.57,0.87,18999.39,3
498,25.6,3.352783203,0.285904855,27.11706924,8.754980794,539.1911621,499.8456398,-908.3040161,-804.062439,-868.8559597,7.764700308,0,10.39771287,13.62180988,553239.3,7656,842.29,1627.898,89.4,0.5174095674299,991581.96,0.56,0.38,104.24,0.12,189090.73,4
499,7.32,0.304748535,0,2.45802474,1.098022795,458.7239685,458.1291872,-827.5319824,-826.0079956,-826.9981578,45.13560045,0,51.84494647,0.609940546,24369.8,676.7,121.24,283.547,12.4,0.427583434139666,25956.21,0.94,0.37,1.52,0.67,154550.56,4
500,76.5,0,0.404339612,8.467251778,4.50582392,305.714386,303.1644107,-674.5223999,-668.121582,-672.1112186,0,0,0,0,16544.2,560.9,93.125,232.702,108.3,0.400189942501569,17204.81,0.96,0.38,6.4,0.66,56722.29,4
501,0.61,0,0.903893888,3.722504377,2.300554014,197.8152161,197.120931,-566.9279785,-565.0991821,-566.1152106,0,0,5.901028918,88.51543378,2518.9,179.5,52.524,60.579,45.4,0.867033130292676,2519.82,1,0.47,1.83,0.98,17455.94,3
502,10.67,0,0.904012442,24.99677086,10.5924607,239.877594,230.5796421,-608.6856079,-582.4727783,-599.55607,0,0,0,1.351040109,44008,922.4,175.666,355.365,128.7,0.494325552600847,48254.29,0.91,0.35,26.21,0.65,27416.62,3
503,10.67,7.924804688,0.639298797,12.37404728,5.917540549,192.6335754,185.1016302,-562.9656372,-548.3352051,-554.1841115,9.191369103,1,34.5885732,4.111928283,61453,1106.3,196.189,458.507,126.6,0.427886597151188,65750.44,0.93,0.6,14.63,0.63,14424.4,3
504,1.52,0,0.285915971,10.29461575,4.428149628,260.2991638,229.5989696,-629.4119873,-568.7568359,-598.5344319,1.615560137,0,10.77040091,49.46691276,193212.9,2975,276.134,1316.889,128.1,0.209686617474973,257002.18,0.75,0.51,60.66,0.27,27092.82,3
505,0.3,0,0.285913378,4.848776817,2.090854134,187.1471863,185.0659489,-556.2600098,-551.0784302,-553.9842904,0,0,21.88060156,68.68077713,24455.9,665.8,139.171,251.496,135.2,0.553372618252378,27052.5,0.9,0.45,5.18,0.69,14415.83,3
506,0.91,0.914367676,0,10.50554657,4.787423722,481.8888245,479.8425897,-851.3063965,-843.9912109,-848.8658806,0,0,20.30460348,28.00634963,21229.7,587.4,121.661,225.632,106.1,0.539200999858176,22055.67,0.96,0.34,7.32,0.78,172094.37,4
507,23.16,7.315185547,0,21.44410133,7.298422191,251.1551819,239.2426389,-621.4871826,-600.7608032,-608.3737951,7.242033724,1,29.67467477,6.535493848,84151.8,1717,189.564,716.771,126.9,0.264469405151715,116787.95,0.72,0.64,20.73,0.36,30360.5,3
508,10.67,0,0,3.342672825,1.712135375,211.835968,211.5819973,-580.9487915,-580.0344238,-580.6439989,0,0,58.66787139,35.20072283,2533.6,184.1,54.449,60.447,26.7,0.90077257762999,2559.69,0.99,0.37,0.91,0.94,21486.28,3
509,1.83,1.219177246,1.457419157,9.2535429,5.449111037,202.9967957,201.4678739,-573.0239868,-567.5375977,-570.7232577,0,0,36.90087968,19.25263288,9264.7,345.6,105.914,105.959,0.1,0.999575307430232,9269.03,1,0.43,5.49,0.98,18623.48,3
510,0.3,0,0,10.79384804,4.21159319,528.8280029,494.818896,-897.9407959,-833.3231812,-863.7069219,1.585400353,1,27.06504888,9.436906861,393776.9,5430.4,430.114,2178.191,170.4,0.197463858770879,729268.62,0.54,0.53,64.62,0.17,184744.28,4
511,9.75,7.924804688,0.28591159,44.86280441,9.961048615,404.7743835,391.3951262,-775.7160034,-745.8455811,-760.5754322,13.34958019,1,13.82635091,13.82635091,62353.4,1418,283.758,422.919,5.9,0.670951175047704,83330.4,0.75,0.51,29.87,0.39,106533.78,4
512,2.44,2.438415527,0,13.11484909,4.244404181,210.0071716,197.5174625,-579.1199951,-540.4104004,-566.4256713,2.325452941,6,26.74270882,2.683214932,332380.6,5406.8,422.311,2026.744,159,0.208369187228382,726309.79,0.46,0.33,38.71,0.14,17560.88,3
513,7.01,1.219177246,1.178657174,8.761984825,4.429056595,207.2640076,206.4346533,-577.2911987,-574.2432251,-575.7813806,74.45417384,0,9.306771736,2.326692934,6388.5,290.5,81.798,93.384,90.6,0.875931637111282,6407.87,1,0.51,3.05,0.95,20003.76,3
514,0.3,0,1.429171681,12.72552109,6.485391381,451.1039734,441.0037065,-819.9119873,-794.918396,-809.943174,0,0,0,49.4175788,31281.8,805.1,153.33,329.09,147.6,0.465921176577836,35392.45,0.88,0.4,24.99,0.61,141378.79,4
515,1.52,0.914367676,0.285918325,13.49803162,6.408836671,425.1960144,423.9429268,-795.2232056,-790.3464355,-793.2299127,0,0,40.3685568,9.688453636,9205.3,402.8,69.408,166.323,90.1,0.4173084901066,9355.88,0.98,0.42,4.88,0.71,128840.02,4
516,5.49,4.267211914,1.666718006,10.86695766,7.025326696,192.0240173,189.00919,-562.9656372,-554.1264038,-558.4026598,36.99425289,1,13.99782542,9.998446727,14866.5,441.4,128.28,140.484,107.7,0.913128897240967,15009.78,0.99,0.52,8.84,0.96,15378.28,3
517,12.5,6.705566406,0.285897315,22.08551407,5.12938682,298.3992004,269.5248447,-668.121582,-597.7128296,-638.443321,4.910777903,2,10.148941,5.310915362,408623.5,5292,332.143,2301.78,48.3,0.144298325643632,625577.46,0.65,0.42,70.41,0.18,41830.41,4
518,0.3,0,0.285916746,4.906977654,2.41953077,218.2367859,215.6146485,-587.3496094,-581.5584106,-584.5674962,0,0,0,55.7542656,20528.3,622.1,120.831,248.438,108.1,0.486362794741545,21822.82,0.94,0.49,5.79,0.67,22684.77,3
519,63.7,0,1.539353967,7.568620682,4.209881881,292.9128113,291.0004904,-661.7208252,-657.1488037,-659.9045377,0,0,0,66.00620932,10809.3,476.2,69.541,209.55,108.8,0.331858744929611,11236.62,0.96,0.41,4.57,0.6,51076.22,4
520,28.35,7.619995117,0,26.97523117,5.807612639,336.1943665,281.1502111,-706.5264282,-597.7128296,-650.0989725,2.326541335,4,24.43814151,12.61628513,785840.2,11463.3,1105.242,3653.492,89.4,0.302516606030614,2900000,0.27,0.52,108.81,0.08,46720.91,4
521,5.79,0,0,2.303742647,0.844530486,359.6639709,358.2368949,-728.4719849,-725.4240112,-727.0995258,2.337270497,0,96.9967256,0.584317624,25438.5,906.2,114.862,366.726,160.8,0.313209317037788,32892.4,0.77,0.47,3.05,0.39,85987.88,4
522,4.57,2.438415527,0,7.898653507,3.320369648,210.0071716,207.9604091,-579.7296143,-573.3287964,-576.8816615,21.44704216,0,13.05472132,17.71712179,47821.3,959.7,173.358,386.395,166,0.448654873898472,51921.86,0.92,0.45,6.4,0.65,20437.68,3
523,15.24,8.229614258,0,22.7473774,7.415988557,214.5791931,206.2358848,-585.520813,-562.6608276,-575.2653927,11.54500194,1,26.0735437,11.93415931,114587.1,2255,194.634,980.18,113.1,0.198569650472362,161206.89,0.71,0.45,22.86,0.28,19947.58,3
524,96.01,0,2.813720465,23.9483757,9.702629691,325.2215881,318.1626025,-694.3344116,-673.9127808,-687.0368767,0,0,0,78.33259077,19924.5,624.4,120.947,225.462,96.9,0.536440730588747,22541.42,0.88,0.36,20.42,0.64,64091.3,4
525,2.44,0,0.808654308,3.722719193,1.853885825,211.835968,211.5650646,-580.9487915,-579.7296143,-580.598843,45.06949215,0,33.80211912,15.02316405,3957.7,230.9,62.819,79.926,34.9,0.78596451717839,3985.14,0.99,0.31,1.22,0.94,21481.32,3
526,1.52,0.30480957,0.285862088,3.611812592,1.751130712,293.827179,293.1833826,-662.9400024,-661.1112061,-662.1251345,7.29348715,1,64.59945759,4.167706943,14266,476.5,101.619,190.282,118.5,0.534044208070127,14774.07,0.97,0.47,1.83,0.79,52067.66,4
527,1.22,0.304748535,0.285917521,17.73198509,7.359375973,475.7928162,468.9126936,-845.2103882,-827.836792,-837.842861,0,0,4.611635674,66.10011133,38678.2,830.2,166.69,323.835,90.2,0.51473744345114,40652.75,0.95,0.43,17.37,0.71,163145.46,4
528,1.22,0.30480957,0.285862088,14.06870937,7.172133547,235.000824,231.997404,-604.418396,-594.3599854,-601.0358703,0,0,11.31347566,26.66747835,18393.8,541.6,110.142,212.592,110.6,0.5180909911944,19048.08,0.97,0.34,10.06,0.79,27888.13,3
529,3.35,2.438415527,0,13.94760323,5.218869947,264.5663757,258.7297676,-633.6791992,-603.5040283,-627.6281458,23.74921826,1,36.02772566,3.71586408,92004.3,1475.3,276.718,525.197,106.2,0.526884197739134,110431.8,0.83,0.2,30.18,0.53,37531.22,4
530,23.77,10.97283936,0,27.51481247,8.040096055,224.6376038,213.4609199,-594.0552368,-562.6608276,-582.4561745,9.110757714,6,12.24603871,1.327883715,402978.9,5622.5,334.065,2331.697,122.6,0.143271188323354,644179.82,0.63,0.37,31.39,0.16,22040.64,3
531,3.05,1.828796387,0.808647752,12.89848614,5.854622305,241.4015808,237.0430891,-610.8192139,-593.7504272,-606.1089074,3.946924979,1,39.46924979,12.71786938,33894.1,776.9,180.373,273.089,142.1,0.660491634595315,37988.01,0.89,0.28,17.07,0.71,29598.82,3
532,11.28,0.914428711,0,3.722590923,1.712877519,220.6752014,219.9714582,-589.7880249,-587.6544189,-588.8612761,37.76935048,1,27.40129349,0.740575499,40142.1,867,141.702,357.694,124.5,0.396154254754064,42881.32,0.94,0.46,2.13,0.67,24016.15,3
533,0.91,0.609619141,0.571827054,8.078288078,3.830622424,264.8711853,262.7375946,-634.2888184,-628.4976196,-631.7798535,0,0,5.642445816,53.60323523,15806.1,502.1,114.395,197.065,40.1,0.580493745718418,16395.86,0.96,0.44,5.79,0.79,39100.16,4
534,2.44,1.219238281,0.639315009,4.980684757,2.856633296,199.3392029,198.3724012,-568.7568359,-566.0136108,-567.4375916,50.58496545,1,18.39453289,3.06575548,9696.9,363,105.284,118.481,179.6,0.888615052202463,9900.04,0.98,0.5,2.74,0.93,17788.2,3
535,13.11,0,1.807615757,4.056797504,2.749695844,306.3240051,305.324924,-675.132019,-672.9984131,-674.1668057,0,0,26.96321301,59.31906865,2756.4,197.2,51.461,70.827,18.1,0.726573199486072,2813.51,0.98,0.47,2.13,0.89,57756.07,4
536,7.01,0,0,4.980599403,2.445244581,458.41922,455.6000341,-827.2272339,-818.0831909,-824.4992041,0,0,67.50015854,20.09307045,47344.9,910.5,177.707,378.671,161.9,0.469291284518751,49334.98,0.96,0.3,9.14,0.72,152568.39,4
537,3.66,0.914367676,0.285922199,8.439376831,3.210360595,209.7024231,208.5767115,-578.8151855,-575.7672119,-577.6063981,52.63624912,0,21.74105942,1.144266285,12990.1,448.1,99.643,181.512,124,0.548960950240205,13328.38,0.97,0.41,3.05,0.81,20614.27,3
538,7.32,4.572021484,0.904095411,8.46740818,5.562913729,198.1199646,194.3712858,-568.7568359,-558.6984253,-563.596745,19.09507099,1,39.28128889,7.638028395,27245,680.2,153.435,251.928,122,0.609043059921882,29786.77,0.91,0.52,10.06,0.74,16736.93,3
539,1.83,1.828796387,0,14.90485573,4.538240826,211.835968,208.6516958,-581.8632202,-570.8903809,-577.6056693,0.698285329,0,26.53484248,48.87997299,42573.3,815.1,228.995,251.318,153.3,0.91117627865891,45532.22,0.94,0.39,10.97,0.81,20635.81,3
540,11.58,6.400756836,0,13.24519825,5.679001744,239.5727844,230.3337684,-609.9047852,-589.4832153,-599.3629111,11.27024077,1,21.76322355,11.07592627,76495.3,1281,244.854,466.521,136,0.524850971338911,89469.43,0.85,0.52,20.42,0.59,27335.25,3
541,125.58,4.267211914,0.639292419,18.59385681,8.58579819,354.7872009,313.3233636,-723.9000244,-598.3223877,-682.2922214,4.528513037,1,18.87627711,12.73364062,331516.9,5117.4,720.764,1072.591,150.4,0.671984008816035,552640.33,0.6,0.33,125.58,0.16,61664.49,4
542,7.01,4.571960449,1.178732991,9.368183136,5.203741781,188.6711731,185.9745281,-559.3079834,-552.602417,-555.1827369,19.06998204,1,17.54438348,12.96758779,19486.3,528.5,132.682,186.435,126.2,0.711679673880977,20107.12,0.97,0.62,6.71,0.88,14634.84,3
543,4.27,1.523986816,0.285923481,5.257217407,2.728745301,210.3119812,208.592979,-579.4248047,-575.1575928,-577.5396705,28.38834667,1,56.30355422,1.419417333,31416,712.8,156.176,283.845,135.2,0.550215786785041,32302.86,0.97,0.45,4.27,0.78,20618.94,3
544,22.86,1.219238281,1.143496394,5.475426197,3.354069668,315.4679871,312.3999819,-684.8856201,-676.6560059,-681.4034988,4.497191926,1,47.47035924,25.48408759,29746.8,652.1,163.871,241.258,45.1,0.679235507216341,30437.83,0.98,0.43,8.23,0.88,61206.75,4
545,9.45,0,2.913187981,5.423732758,4.116549678,302.6664124,300.8110843,-671.4744263,-667.5120239,-669.7251189,0,0,505.908069,63.23850863,3525.7,248.2,49.525,97.553,21.9,0.507672752247496,3763.7,0.94,0.45,3.96,0.72,55606.87,4
546,16.76,10.36315918,0.63931793,12.73155212,5.248692283,213.3600159,203.5602016,-582.7775879,-563.8800049,-572.5383932,8.792924541,2,47.6616478,8.193406958,148761,1949.5,335.177,706.404,106.2,0.474483440071121,178095.87,0.84,0.54,18.9,0.49,19198.93,3
547,13.72,11.27758789,0.57183069,18.26057816,8.487531243,202.3871765,195.4187201,-575.1575928,-559.0032349,-564.8766538,20.03497713,1,44.81508042,5.272362404,28192.6,653.7,178.293,212.783,108.4,0.837909983410329,29452.75,0.96,0.64,16.15,0.83,17009.04,3
548,11.28,0.914428711,0.40435499,7.678795815,3.860416017,211.5312195,210.4824834,-581.5584106,-577.9008179,-579.7244439,58.58632475,0,33.73152031,3.550686351,8372.5,343.1,90.423,117.025,166.1,0.772681051057466,8525.66,0.98,0.52,3.66,0.9,21165.15,3
549,34.44,4.572021484,0.404353887,24.37600517,10.08950679,263.3471985,248.4234625,-632.7648315,-598.9320068,-617.4731989,11.85465663,1,6.794742212,25.0104341,102817,1584.6,242.634,657.933,114.3,0.368782231625409,116586.38,0.88,0.45,33.83,0.52,33644.17,3
550,4.27,2.133605957,0.639270782,15.20175076,8.043895179,232.5624084,228.0587123,-602.5895996,-590.0928345,-597.218823,17.8497591,1,17.8497591,6.909584165,25814.8,668.2,125.427,286.577,126.4,0.437672946537929,26637.44,0.97,0.43,12.5,0.73,26588.14,3
551,26.82,7.924804688,2.303963423,71.40206909,10.26199378,315.1631775,306.0408906,-688.8480225,-645.2615967,-675.1402733,5.074967371,1,40.59973897,21.99152528,43933.7,1373.2,255.379,321.481,79.7,0.794382871771582,60607.07,0.72,0.32,43.59,0.29,58100.71,4
552,1.22,1.219177246,0.285866767,14.8774147,4.3314364,430.0727844,427.8837827,-799.4904175,-793.6992188,-796.8857588,2.642195714,0,32.36689749,15.19262535,22502.7,650.9,116.503,266.271,97.6,0.437535443213869,24354.19,0.92,0.46,5.79,0.67,131684.64,4
553,4.88,3.657592773,0.904104412,7.730534077,3.789684718,209.3976135,203.7369067,-578.8151855,-566.62323,-572.7168189,11.73767001,1,30.77877914,46.95068004,56986.3,908.5,224.155,321.097,98.1,0.698091230998732,58403.34,0.98,0.5,12.19,0.87,19247.93,3
554,0.3,0.304748535,0.28586778,6.245815754,3.318329274,225.2472229,224.2515177,-594.3599854,-591.9216309,-593.3440125,0,0,85.06984949,14.17830825,4193.5,233.2,69.216,83.328,130.3,0.830645161290323,4193.49,1,0.43,2.44,0.97,25361.05,3
555,78.33,0,0.57183224,15.04193306,4.690353715,307.8479919,300.2773514,-676.6560059,-655.3200073,-669.2325696,0,0,0,74.3274318,51995.3,1022.2,199.939,375.7,145.8,0.532177269097684,60132,0.86,0.35,21.34,0.63,55355.43,4
556,2.44,1.219177246,2.080675364,29.0966835,16.06928257,374.5992126,358.8093594,-745.8455811,-705.3071899,-727.8355147,2.451234025,1,1.470740416,6.863455267,30319.7,750.8,178.942,252.167,179.7,0.7096170395016,34961.69,0.87,0.45,40.54,0.68,86323.94,4
557,1.52,0,0,3.722779512,1.068767259,198.1199646,197.8151932,-566.9279785,-565.7088013,-566.6788627,55.56338562,0,23.44080331,0.8681779,17121.1,527,103.629,202.608,22.8,0.511475361288794,17766.41,0.96,0.22,1.22,0.78,17639.88,3
558,32.31,0,0.571834803,3.330549955,2.000024818,325.2215881,322.6437104,-694.0296021,-688.2384033,-691.5085518,0.564588904,0,87.51128008,7.904244653,26327.4,737,156.633,225.17,34.8,0.695621086290358,30634.06,0.86,0.44,5.79,0.61,66380.28,4
559,1.22,1.219177246,1.03081286,15.09131241,7.974994892,374.9040222,367.5087015,-744.9312134,-726.3383789,-736.7394311,0,0,2.190058586,69.35185524,20361.3,618.5,118.403,242.306,48.4,0.488650714385942,23233.2,0.88,0.44,18.59,0.67,91511.51,4
560,5.79,0.609619141,0,6.882187366,2.557362839,215.1888123,214.0200404,-584.3016357,-580.6439819,-582.9836102,23.22358112,0,14.34397657,19.8083486,21761.5,615.8,117.214,250.123,123.2,0.468625436285348,22956.86,0.95,0.37,3.66,0.72,22206.97,3
561,28.04,8.229553223,0,15.44317913,5.901913577,242.9255676,229.1936054,-612.0383911,-574.2432251,-598.0755079,14.69700429,2,6.737311445,15.49297358,522879.5,3684.6,707.472,1014.771,121.5,0.697174042222334,597264.54,0.88,0.37,37.8,0.49,26959.54,3
562,20.73,15.23999023,0,22.61682892,7.481267797,328.2696228,309.8138474,-697.6871948,-658.6727905,-678.7798664,5.159138427,2,17.92581996,11.14898558,339973.2,4046.5,722.103,1037.316,97.7,0.696126349154934,517315.16,0.66,0.49,39.01,0.26,59933.82,4
563,2.13,0.914428711,0.571842074,10.43136501,4.003402204,426.4151917,425.6070159,-796.1376343,-793.0895996,-794.7198301,15.90619835,1,55.67169425,3.18123967,9344.9,394.6,69.079,165.635,90.2,0.417055574003079,9469.84,0.99,0.48,3.05,0.76,130037.42,4
564,1.52,0,0.285870641,4.036861897,1.767055378,207.5688171,207.3703365,-576.6815796,-575.4624023,-576.3059309,39.71477445,0,51.39559048,4.67232641,6362.6,309.6,70.934,118.572,138.3,0.598235671153392,6552.71,0.97,0.34,1.22,0.84,20269.31,3
565,7.32,7.315246582,0.285869092,26.08577919,8.260352895,241.7063904,217.8519234,-611.428833,-559.3079834,-586.7855169,3.820498827,2,54.62280755,8.467051454,287906.5,3037.1,387.705,1142.882,167.8,0.339234496649698,354104.7,0.81,0.47,52.12,0.39,23363.71,3
566,1.22,1.219177246,0,11.77842331,2.739663546,183.1847839,182.1251895,-552.2976074,-547.4207764,-551.0273875,3.484705377,1,11.76088065,1.742352688,34124.3,1006.8,113.269,446.824,137.8,0.253498021592394,39077.48,0.87,0.27,4.88,0.42,13718.31,3
567,11.89,10.36322021,2.555725574,17.11810684,7.731046257,322.7831726,313.7288421,-693.1152344,-675.132019,-682.9082505,15.03852121,1,29.22580537,28.09082263,52385.4,877.6,227.428,283.907,74.9,0.80106513752743,54775.98,0.96,0.57,17.98,0.86,61866.04,4
568,1.52,0.30480957,0.285928935,4.980823994,3.142466032,220.6752014,219.7156316,-590.0928345,-587.6544189,-588.941343,3.640023009,0,76.44048318,10.92006902,4083.5,231.9,68.598,69.948,0.4,0.980699948533196,4088.24,1,0.49,2.44,0.96,23936.93,3
569,0.91,0.30480957,0.285928935,2.813824892,1.447192085,379.1711731,378.7957264,-748.2839966,-747.0648193,-747.7406758,1.501493143,0,99.09854742,1.501493142,9899.6,370,104.42,124.099,17.9,0.841424991337561,10061.99,0.98,0.49,1.22,0.91,98467.76,4
570,3.35,1.523986816,0,12.01187611,4.257517271,198.1199646,196.3475442,-567.8424072,-560.5272217,-565.3963233,59.37422002,0,6.785625143,12.72304714,17524.3,552.3,118.161,216.824,154,0.54496273475261,18748.29,0.93,0.34,7.32,0.72,17252.18,3
571,10.97,0,0.808685064,3.722843647,2.252102226,462.0768127,461.0325792,-831.1896362,-828.4464111,-829.9478387,0,0,27.155527,77.58721999,7663.2,337.4,85.004,121.066,161.3,0.702129417012208,8014.64,0.96,0.47,2.74,0.85,156841.8,4
572,2.13,0.609619141,0,16.66868782,6.301968919,377.9519959,376.3242363,-747.3696289,-742.4927979,-745.6899687,44.85861661,1,24.67223914,2.24293083,6627.1,305.7,69.437,106.254,180,0.653500103525514,6637.09,1,0.35,4.88,0.89,96922.78,4
573,0.91,0.30480957,0.904120803,21.78300858,9.418989213,226.1615906,221.4859591,-595.5792236,-579.4248047,-590.4829508,0,0,0.660691489,33.69526591,22497.9,677,108.556,282.932,116.4,0.383682298220067,24273.36,0.93,0.32,16.15,0.62,24487.86,3
574,5.18,1.523986816,0.571839511,9.418701172,4.097706409,297.7895813,291.6503379,-667.2072144,-651.357605,-660.598107,0.438161231,0,26.28967389,25.19427082,67847.8,1155.3,277.574,411.959,48.6,0.673790352923471,75909.19,0.89,0.42,15.85,0.64,51370.38,4
575,14.33,2.743164063,0,13.60764217,4.713494838,215.1888123,212.0236319,-584.6063843,-572.4144287,-581.0238633,29.67883585,0,26.0814012,21.88439411,49582.5,961,177.964,374.512,108.1,0.475189046011877,53051.77,0.93,0.3,12.19,0.68,21615.95,3
576,3.05,0.914367676,0.285928428,3.97617054,1.778570958,291.9983826,291.249984,-661.1112061,-659.2824097,-660.1817276,74.58376498,0,27.21299533,0,14747.8,458.5,130.296,145.276,49.6,0.896885927475977,15304.99,0.96,0.54,1.83,0.88,51189.06,4
577,4.27,3.962402344,0,22.28744507,7.75757575,283.7687683,267.0634549,-652.8815918,-601.3704224,-636.0302138,6.257005555,2,23.60237539,12.83082152,187672.4,3027.3,458.966,869.042,73,0.528128675023762,270936.83,0.69,0.33,51.51,0.26,40829.64,4
578,5.79,4.572021484,2.304013252,17.06722069,9.4935365,178.3080139,173.1931976,-548.6400146,-535.5336304,-542.6170746,22.04429671,1,22.04429671,12.3999169,21577.1,570.5,126.784,225.602,34.2,0.561980833503249,22052.34,0.98,0.46,13.11,0.84,11705.77,3
579,9.14,4.267211914,0.28592816,15.94993114,6.540868305,222.1991882,215.5753045,-593.1408081,-577.5960083,-584.6440217,2.115882136,1,16.08070424,28.77599705,35125.2,731.9,194.882,249.022,120.6,0.782589490085213,37186.41,0.94,0.55,15.54,0.83,22672.92,3
580,4.57,2.74319458,0,9.907234192,4.931468164,132.8927917,126.2724582,-502.9200134,-484.9367981,-495.3093168,5.481282028,3,15.47656102,12.0910633,92201.2,1756.5,231.036,715.574,29.7,0.322868075139678,120831.14,0.76,0.43,17.98,0.38,3754.31,2
581,2.13,0.609619141,0.285930753,3.474096537,1.958168824,291.0840149,290.2445868,-660.1968384,-657.4536133,-659.1735559,41.52953063,0,50.31462365,1.59728964,18611.7,512.4,140.455,161.601,103.6,0.869146849338804,19162.25,0.97,0.39,2.74,0.89,50735.12,4
582,4.88,3.047973633,0.639339924,8.078550339,4.354480425,186.5375671,183.5758921,-556.2600098,-549.5543823,-552.677688,20.6085086,1,12.95391969,8.832217969,25244.2,637.7,140.139,247.028,112.9,0.567300063150736,26198.86,0.96,0.54,6.71,0.78,14060.24,3
583,0.3,0,0.404285759,2.424785376,1.375896407,295.0464172,294.572269,-664.1591797,-662.6351929,-663.5157488,0,0,98.46035664,0,5434.8,294.7,68.525,106.266,56.1,0.644844070539966,5758.18,0.94,0.45,1.52,0.79,52703.43,4
584,6.4,3.352783203,0.571792066,13.06942749,7.849117256,206.3495789,202.5185726,-575.7672119,-566.62323,-571.8941456,27.98110084,1,24.48346323,5.246456407,16999.1,481.8,128.473,174.603,162.1,0.735800644891554,17037.63,1,0.43,9.14,0.92,18911.36,3
585,24.08,7.315246582,0,22.3097744,6.141632963,449.5799866,437.2826519,-819.3024292,-789.7368164,-806.2633935,8.409190403,2,23.0694604,8.185937559,199739.6,3106.9,250.598,1341.057,84.9,0.186866031794323,276931.85,0.72,0.44,29.57,0.26,138594.37,4
586,0.3,0.30480957,0.404365629,8.278026581,5.214664614,169.1639709,167.3351949,-538.581604,-533.4000244,-536.567536,0,0,21.94369561,63.83620541,7451.1,320.3,79.674,119.609,33.6,0.666120442441622,7531.28,0.99,0.4,5.18,0.91,10472.49,3
587,4.57,2.438415527,0,25.16704178,8.030255061,263.6520081,224.1644085,-632.460022,-512.9783936,-593.0723201,5.827462164,1,23.76870394,12.73323426,647879.3,7607.6,705.304,2245.678,117.4,0.314071741362742,1100000,0.59,0.33,119.48,0.14,25333.31,3
588,6.71,0,0,2.28610611,1.013724272,185.3183899,185.0246654,-554.1264038,-553.5167847,-553.9047241,56.4349255,0,40.05059229,0,8165,348.8,86.252,120.003,26.5,0.718748697949218,8523.23,0.96,0.43,0.61,0.85,14405.92,3
589,5.18,3.352844238,2.441465378,13.38303757,8.861319333,164.8968201,161.3503151,-535.2288208,-524.8656006,-530.8473053,37.02372149,1,17.98295043,6.346923682,14051.7,437.9,105.878,155.097,0.1,0.682656660025661,14075.44,1,0.43,10.36,0.92,9283.38,3
590,6.1,0,3.330618382,14.588521,8.94401074,235.000824,225.0480903,-604.1135864,-582.7775879,-594.0085046,0,0,0,43.31208673,18188.9,562.1,146.148,170.239,103.6,0.85848718566251,20064.64,0.91,0.48,21.34,0.73,25615.39,3
591,6.1,0,3.330618382,14.588521,8.94401074,235.000824,225.0480903,-604.1135864,-582.7775879,-594.0085046,0,0,0,43.31208673,18188.9,562.1,146.148,170.239,103.6,0.85848718566251,2200000,0.01,0.48,21.34,0.73,25615.39,3
592,6.71,4.267211914,0.571850359,15.5875349,6.723678497,175.5647888,172.5191774,-546.5064087,-537.0576172,-541.8367758,19.81304393,1,24.56817447,11.88782636,18755.5,541.9,137.556,189.424,163.9,0.726180420643636,19841.63,0.95,0.5,9.45,0.8,11560.37,3
593,4.88,4.267211914,0,24.97533226,8.19066663,232.2575989,221.1463703,-602.28479,-568.1472168,-590.1365465,6.180123273,4,36.44455048,4.271555791,163550.4,2866,257.859,1155.627,166.6,0.223133415885922,236657.45,0.69,0.36,34.14,0.25,24381.69,3
594,10.67,6.400817871,0,26.22621918,7.0607742,296.2655945,282.7721115,-665.6832275,-612.0383911,-651.6911023,4.029237926,2,35.75369746,7.363779657,320949.1,4759.2,347.209,1402.214,92.1,0.247614843383392,457348.54,0.7,0.26,53.64,0.18,47424.69,4
595,1.22,0.914367676,0,7.914333344,3.806710535,184.4040222,183.5067231,-553.8215942,-550.468811,-552.5578881,0,0,11.34159999,12.47575999,13105.9,481.6,84.035,202.277,113.5,0.415445156888821,13577.38,0.97,0.39,3.35,0.71,14043.84,3
596,12.5,0,2.176429749,19.11862373,10.11513562,241.4015808,235.3280083,-610.8192139,-591.9216309,-604.3466914,0,0,0,52.13124574,10264.7,432.9,83.696,153.501,101.5,0.545247262232819,11170.76,0.92,0.34,18.9,0.69,29011.63,3
597,12.5,0,2.176429749,19.11862373,10.11513562,241.4015808,235.3280083,-610.8192139,-591.9216309,-604.3466914,0,0,0,52.13124574,10264.7,432.9,83.696,153.501,101.5,0.545247262232819,2200000,0,0.34,18.9,0.69,29011.63,3
598,8.84,6.096008301,0,24.60769844,5.017271655,208.4831848,193.4037688,-578.8151855,-551.9927979,-562.3610383,13.09956472,3,15.71947766,27.16436051,215594,3463.6,303.096,1445.719,131,0.209650699755623,336926.02,0.64,0.62,26.82,0.23,16487.53,3
599,3.96,3.047973633,0.639341652,11.17801189,5.227618384,199.3392029,195.1181256,-569.366394,-558.0888062,-564.2424732,30.12115272,0,24.6445795,15.33440502,27141.3,696.1,138.252,262.567,167,0.526539892675012,30096.89,0.9,0.46,11.28,0.71,16930.73,3
600,7.92,1.219238281,0.90400964,18.50487709,7.416479845,208.1783752,204.8110831,-578.2056274,-566.62323,-573.8894221,4.216369864,1,13.8537867,18.67249511,24677.4,830,123.992,322.348,144.7,0.384652611463387,28605.26,0.86,0.38,11.58,0.45,19547.14,3
601,1.83,0.914428711,0.639221191,4.565151691,2.803412679,171.6023865,170.4847921,-540.71521,-537.9719849,-539.5129388,0,0,49.42473389,16.4749113,13533.4,451.8,106.022,180.33,126.5,0.587933233516331,13811.29,0.98,0.45,2.74,0.84,11127.04,3
602,0.61,0.30480957,0,9.907601357,3.763223045,297.4847717,296.9338238,-666.9024048,-664.7687988,-666.1521301,0,0,79.98916211,7.61801544,3902.4,230,57.118,82.543,3.1,0.691978726239657,3902.98,1,0.37,2.13,0.93,53793.3,4
603,1.22,0,0,17.6168766,5.283289762,450.4944153,440.2660499,-819.3024292,-781.8120117,-809.1619941,3.66372332,0,52.46975183,6.149821287,113599.2,2237.7,356.556,705.145,155.5,0.505649192719228,167658.3,0.68,0.27,37.49,0.29,140824.61,4
604,20.42,0,1.429396153,17.4529705,8.098780934,249.6311951,246.2072727,-618.439209,-607.4664307,-615.0999525,0,0,0,53.73794904,13553.6,456.1,100.984,177.725,112.7,0.568203685469124,13939.52,0.97,0.31,10.97,0.82,32836.08,3
605,20.42,0,1.429396153,17.4529705,8.098780934,249.6311951,246.2072727,-618.439209,-607.4664307,-615.0999525,0,0,0,53.73794904,13553.6,456.1,100.984,177.725,112.7,0.568203685469124,2200000,0.01,0.31,10.97,0.82,32836.08,3
606,2.44,1.219177246,0.639225245,10.03754044,5.902454404,164.2872009,162.0096605,-534.3143921,-527.3040161,-531.3299077,6.885284588,1,22.03291068,26.16408144,10794.1,390.7,106.028,130.366,89.8,0.813310218922112,11062.51,0.98,0.43,7.01,0.89,9410.87,3
607,0.91,0.914428711,0,4.85752964,1.736778987,192.6335754,190.76205,-561.4415894,-557.479187,-559.6450383,6.705826584,3,83.01350841,1.618647796,64281.4,1655.9,127.128,745.862,15.7,0.170444398561664,82666.53,0.78,0.47,3.96,0.3,15816.09,3
608,29.57,22.55517578,0.571776032,27.76008224,12.80465275,540.1055908,487.2878489,-909.8280029,-767.7911987,-856.2348672,6.900659668,1,16.06136071,33.68968344,493270.1,3205.8,717.104,933.288,168.8,0.768363034775975,523718.27,0.94,0.38,142.04,0.6,178327.03,4
609,15.54,2.743225098,0,17.18819237,4.794899623,215.7983704,212.7915055,-585.8256226,-576.3768311,-581.8206764,22.02877029,0,34.68359577,4.21827516,31713.7,813.5,131.863,340.791,140.6,0.386932166635856,34648.81,0.92,0.43,9.45,0.6,21842.33,3
610,42.98,5.48638916,0,25.90632248,6.592958256,335.5848084,309.4966786,-705.0023804,-624.5352173,-678.4298295,5.110096475,2,45.09784171,6.052735631,599208.6,8076.6,575.668,2647.427,99.6,0.21744433368701,1100000,0.54,0.33,80.47,0.12,59778.63,4
611,0.3,0,0.285938531,6.645167351,2.672524563,189.5856018,188.8466825,-558.6984253,-556.2600098,-557.7840077,0,0,30.08902722,69.20476258,4940.1,260.3,69.247,92.915,88.4,0.745272560942797,4953.04,1,0.39,2.44,0.92,15338,3
612,6.1,4.572021484,0.808669508,11.9545927,5.635626963,188.061615,184.0215371,-558.6984253,-549.5543823,-553.2857798,21.67260789,1,35.0586304,8.924015009,23318.9,579.5,159.562,209.698,125.6,0.760913313431697,23993.67,0.97,0.6,9.14,0.87,14166.13,3
613,0.61,0.609619141,0,9.621729851,2.351643076,313.6391907,312.406329,-682.4472046,-677.265625,-681.2662822,0.894159182,0,64.82654066,8.047432632,33247.2,778.5,151.827,322.631,174.8,0.470590240863401,35120.22,0.95,0.23,5.18,0.69,61209.89,4
614,3.05,0.914367676,1.616939068,5.699790001,3.673042402,185.928009,185.0582,-555.6503906,-552.9072266,-554.3494337,68.82237038,0,16.6122963,2.373185188,6263.4,289.9,80.788,94.03,89.9,0.859172604487929,6291.65,1,0.49,2.74,0.94,14413.97,3
615,26.52,5.18157959,0,18.42568016,5.453343046,227.0760193,205.5993583,-596.1887817,-526.3895874,-574.5067247,5.332546951,2,50.50102727,5.987817551,657835.3,8313.2,898.017,2301.878,108.8,0.390123629488618,1400000,0.47,0.31,69.8,0.12,19768.18,3
616,6.71,3.352783203,0.285874009,16.46651649,6.423428268,202.0823669,195.1166247,-571.8048096,-549.2496338,-564.1176993,10.65576114,2,20.87659325,8.154919238,136704.1,2618.3,329.991,989.497,125.5,0.333493684164783,225548.15,0.61,0.34,22.56,0.25,16930.34,3
617,24.69,0.609558105,0,36.15445328,10.25340013,450.4944153,432.8532619,-819.9119873,-772.3632202,-801.8281377,5.355252756,1,10.15651385,63.52437751,80493,1654.1,197.894,702.857,91.3,0.281556561291984,104287.8,0.77,0.38,47.55,0.37,135316.02,4
618,0.61,0.30480957,0,4.874248981,1.464398604,323.3927917,322.2620222,-692.5056152,-688.5432129,-691.1377697,0,0,3.363961858,68.50249602,48605.1,940.7,211.584,350.897,33.9,0.602980361758579,54156.88,0.9,0.35,3.96,0.69,66183.75,4
619,18.9,4.87677002,0,23.88233376,5.349137194,445.0080261,423.7774388,-814.1207886,-755.2944336,-792.6836905,8.98668595,1,39.50452269,5.560676643,564020.2,6563.8,915.799,1974.878,124.3,0.463724341452991,1100000,0.51,0.37,58.83,0.16,128721.25,4
620,18.29,0,0,7.924416065,3.652744017,468.7823792,464.4426446,-837.5903931,-825.703186,-833.3305085,13.78378193,1,48.39306049,11.83607362,99210.9,1307.9,301.377,419.274,43.5,0.718806794602098,112443.02,0.88,0.36,11.89,0.73,159554.43,4
621,0.3,0,0,8.616709709,2.359092899,286.816803,285.1545666,-655.9296265,-651.6624146,-654.0476429,0,0,49.85532279,16.23196556,25640.5,670.7,153.279,266.096,135.1,0.576028951957188,27926.04,0.92,0.45,4.27,0.72,48468.03,4
622,7.01,4.876831055,0.808716595,12.22524071,6.027332121,185.928009,181.7817184,-556.5648193,-546.8112183,-551.0253986,18.93862146,1,30.8428978,12.98648329,27470.1,680.9,151.022,258.156,146.6,0.585002866483831,30238.81,0.91,0.57,9.75,0.75,13637.97,3
623,1.22,0,0,3.486095905,1.499932392,200.5583801,199.7834219,-569.366394,-567.2327881,-568.7016829,0,0,0,100.0630165,13666.4,533,89.934,217.971,82.7,0.412596171050277,15349.7,0.89,0.33,2.13,0.61,18166.57,3
624,16.76,0.30480957,0.285941631,3.231497288,1.744401548,217.9319763,217.3985919,-587.0447998,-585.520813,-586.3903782,85.82059314,0,8.877992392,0,10045.6,368.4,104.696,128.198,162.8,0.816674207085914,10239.26,0.98,0.46,1.52,0.93,23225.33,3
625,0.3,0.30480957,0,30.70503616,4.506820259,377.9519959,370.475755,-747.0648193,-712.0128174,-739.377075,1.483805993,1,70.99440983,11.75630902,130228.5,1655.5,363.264,529.134,178,0.686525530394947,148492.2,0.88,0.22,35.05,0.6,93315.44,4
626,7.92,5.79119873,0.857760131,9.911718369,6.050465249,175.5647888,170.0055064,-545.2872314,-532.1807861,-539.0896076,14.91120408,1,11.27432504,24.0034017,40870.6,756.6,217.449,259.252,115.1,0.838755342292441,42149.84,0.97,0.48,13.11,0.9,11026.16,3
627,1.52,0.30480957,0.404379159,9.622029305,5.718248191,153.3144226,151.234878,-523.0368042,-516.0264282,-520.5541657,0,0,48.15857158,12.84228576,9259.5,365,93.953,129.103,58.2,0.72773676831677,9469.9,0.98,0.36,7.01,0.88,7436.45,3
628,6.1,0,0.285941631,14.73428726,7.580683734,456.285614,447.7742871,-825.3984375,-802.5383911,-816.7716474,8.379053007,0,20.18590042,45.32305945,39027.2,871.2,145.349,349.788,101.5,0.415534552357428,41506.73,0.94,0.38,22.86,0.65,146516.15,4
629,0.61,0.609558105,0,15.88816357,4.993723466,359.3592224,357.048175,-728.4719849,-717.8040161,-725.9721935,0,0,0.744142094,34.23053635,19974.9,543.3,129.267,206.609,44.8,0.625660063211186,20476.13,0.98,0.24,10.67,0.85,85292.14,4
630,3.96,3.047973633,1.80781579,31.97722054,18.84391512,432.2063904,421.7497229,-804.6719971,-773.2775879,-791.2445532,5.512493967,1,4.134370477,1.378123491,10785.8,376.6,105.964,118.414,0.1,0.894860405019677,10827.53,1,0.43,31.39,0.96,127270.36,4
631,2.44,2.438354492,0,41.60050964,16.91956664,364.2359924,348.2241303,-734.5679932,-690.6768188,-717.3358449,1.45201964,1,26.86236333,5.082068739,40947.5,997.8,147.458,401.755,45.4,0.367034635536583,48382.22,0.85,0.39,43.89,0.52,80215.91,4
632,3.66,0.914367676,0.571753979,12.94098186,5.177477757,232.5624084,229.5339316,-601.9799805,-587.3496094,-598.5060695,23.30444812,0,32.75219735,11.33729908,23599.5,637.2,170.518,202.117,173.1,0.8436598603779,25812.59,0.91,0.24,14.63,0.73,27071.41,3
633,11.58,7.010375977,0,13.59650803,4.477293264,223.1136169,212.9569314,-592.8359985,-569.0615845,-581.87656,6.923189682,5,27.97727337,4.267719667,313463.2,4674.3,298.766,2064.636,148.4,0.144706379235856,476590.86,0.66,0.46,23.77,0.18,21891.25,3
634,12.19,8.229614258,0.571873128,11.37453365,4.160936296,213.3600159,207.6290541,-583.6920166,-573.9384155,-576.6912134,11.21194039,1,53.4723311,9.487026484,51703.9,866.5,226.101,291.67,104.3,0.775194569204923,53234.41,0.97,0.73,9.75,0.87,20343.05,3
635,1.22,0.914428711,0.285943955,7.441483021,3.715660041,303.8855896,298.3361011,-673.3032227,-659.5872192,-667.2525284,0.291404007,0,11.36475628,3.788252096,51008.7,895.2,227.785,300.777,0.1,0.757321869690834,54168.72,0.94,0.44,13.72,0.8,54445.74,4
636,3.05,0,0,3.193497896,1.224244311,187.4519959,186.7448499,-556.2600098,-554.4312134,-555.644303,41.55913388,0,47.49615301,0,7510.9,359.3,76.531,124.279,146.3,0.615799934019424,8035.42,0.93,0.36,1.83,0.73,14821.81,3
637,3.05,0,0,3.193497896,1.224244311,187.4519959,186.7448499,-556.2600098,-554.4312134,-555.644303,41.55913388,0,47.49615301,0,7510.9,359.3,76.531,124.279,146.3,0.615799934019424,283331.63,0.03,0.36,1.83,0.73,14821.81,3
638,1.83,0,0,2.94128871,1.363274171,229.2095642,227.9872042,-598.0175781,-594.3599854,-596.8590487,0,0,24.93399388,21.22042033,28018.6,672,159.535,248.481,99.6,0.642041041367348,30189.96,0.93,0.33,3.66,0.78,26564.83,3
639,0.91,0.609619141,0.285944492,6.946417809,2.591733442,427.0248108,426.4480182,-796.1376343,-794.0040283,-795.4107816,0,0,0,52.58320446,9328.4,373.1,81.544,143.156,90.8,0.569616362569505,9346.12,1,0.36,2.13,0.84,130644.67,4
640,2.13,0,0.571874738,4.439267159,2.238917775,168.8592224,168.6898838,-538.2767944,-537.3624268,-537.8873427,76.02064919,0,239.7574321,0,2541.9,182.7,49.852,64.017,24.3,0.778730649671181,2546.55,1,0.48,0.91,0.96,10751.59,3
641,8.84,6.705627441,1.917391658,15.88139629,8.824534355,188.6711731,183.9828517,-560.2224121,-546.8112183,-553.4656148,31.08628118,1,8.548727324,10.88019841,19126.3,510.6,147.615,179.084,118.1,0.82427799245047,19458.85,0.98,0.51,13.41,0.92,14156.92,3
642,28.35,0,0.285945266,3.438949347,1.955629436,454.4568176,453.9312839,-823.5695801,-821.7407837,-822.8444003,796.2348541,0,7.271551179,0,4088.3,268.6,66.127,92.02,147,0.718615518365573,4556.76,0.9,0.42,1.83,0.71,151267.54,4
643,9.75,4.876831055,0,14.05264568,5.300467767,206.6543884,177.4924781,-575.7672119,-501.7008057,-546.4255954,4.85409106,4,12.53461489,28.35649398,483825.8,6738.5,457.153,2609.874,133.7,0.175162862268447,935380.89,0.52,0.4,74.07,0.13,12654.56,3
644,58.52,2.743164063,0,19.49416542,6.650390629,288.0359802,227.1163936,-656.8439941,-555.6503906,-596.0495011,1.089294385,4,14.41713157,17.58890051,463952.5,6789.2,350.311,3033.652,104.2,0.11547501163614,795500.66,0.58,0.6,101.19,0.13,26281.73,3
645,1.52,0.914367676,0,10.03783131,3.178939262,418.1855774,413.8144255,-787.2984009,-770.5344238,-782.7132772,0.537585859,0,41.93169698,29.02963637,82949.4,1304,258.102,476.59,33.7,0.541559831301538,95149.37,0.87,0.28,16.76,0.61,121671.5,4
646,1.83,0,0,3.532320738,1.918804273,204.5207825,203.3200573,-573.3287964,-570.5856323,-572.2065809,0,0,64.41027111,25.46452578,9923.2,374,104.86,120.274,18.8,0.871842626003958,10202.99,0.97,0.42,2.74,0.89,19132.44,3
647,0.61,0.30480957,0.285945505,3.656962395,1.214596751,363.0168152,362.7932882,-732.1296387,-731.21521,-731.7130656,0,0,65.23793457,43.49195637,4101.2,237.7,60.767,86.51,135.4,0.702427465032944,4113.95,1,0.51,0.91,0.91,88680.84,4
648,13.72,6.400817871,0.808723927,44.26884842,15.30480059,462.0768127,451.8673347,-833.0184326,-793.0895996,-821.2196997,11.55694739,2,17.77991906,5.630307703,50160.4,945.3,170.833,367.1,94.8,0.465358213020975,53505.92,0.94,0.3,39.93,0.71,149666.33,4
649,17.07,3.657653809,0,23.03717422,7.083388332,246.2784119,230.9004013,-615.3912354,-567.8424072,-599.8957288,9.845793271,1,35.77003794,8.039225699,164556.7,2615.9,363.385,1006.955,133.8,0.360875113585016,239157.33,0.69,0.33,47.55,0.3,27522.94,3
650,3.96,3.657592773,0,21.21479988,6.182321806,205.4352112,193.5167681,-574.8527832,-542.2391968,-562.4775962,8.908668225,2,22.18076578,11.72671634,163513.3,2195.3,305.228,884.153,161.6,0.34522079323375,201748.87,0.81,0.38,32.61,0.43,16516.56,3
651,2.44,2.133605957,0,7.626901627,2.786146755,218.2367859,214.3810579,-587.3496094,-576.0720215,-583.2770157,5.363400752,3,49.31996779,2.098722034,127484.5,2343.2,182.034,1073.583,132.6,0.169557453871755,157779.42,0.81,0.36,11.28,0.29,22314.7,3
652,1.83,0,0.404386878,11.74973679,5.214817284,352.9584045,350.6901723,-722.6807861,-715.060791,-719.7750498,0,0,0,2.576879872,17304.8,547.7,106.198,226.21,37.8,0.469466425003315,18336.47,0.94,0.39,7.62,0.73,81618.87,4
653,1.83,0.609558105,0.404384673,6.621201992,3.667915973,168.5544128,167.5500563,-537.9719849,-534.3143921,-536.6278947,17.69557688,1,65.95624109,4.826066424,9239.9,360.3,92.347,136.557,61.5,0.676252407419612,9351.31,0.99,0.38,3.66,0.9,10516.51,3
654,28.96,2.133605957,0,21.523489,4.992300511,455.0663757,442.9121226,-824.1791992,-786.9935913,-811.8457365,10.35521357,0,45.04895831,20.78601264,196653.4,3477.8,354.951,919.153,80.2,0.386171834286566,260689.43,0.75,0.33,37.19,0.2,142817.57,4
655,16.15,0,0,5.874155521,2.53879122,217.3224182,216.5248423,-586.4351807,-583.387207,-585.5157298,65.64618475,0,23.56529709,3.366471014,8830.7,366.8,92.143,136.747,153.3,0.673820997901234,9249.24,0.95,0.31,3.05,0.83,22959.78,3
656,3.66,0.914367676,0.404383212,11.89022732,6.2224464,215.4936218,211.6327952,-584.9111938,-573.3287964,-580.6153888,6.997220187,1,65.77386977,25.18999268,31864.4,755.2,147.058,299.531,116.4,0.49096086882493,33681.6,0.95,0.37,11.58,0.7,21501.18,3
657,1.52,0,0.857784212,11.9580965,5.509426082,203.3016052,201.8191584,-572.4144287,-566.62323,-570.7518671,22.63339343,0,13.58003606,4.526678687,3283.7,267.2,66.111,75.328,42.9,0.877641779949023,3638.91,0.9,0.29,5.79,0.58,18719.48,3
658,0.61,0,0.639375269,6.424106598,3.027654915,363.9311829,363.0906807,-733.0440063,-730.3007813,-732.2404415,0,0,86.59445417,12.37063631,4806.3,273.8,57.166,105.686,0,0.540904187877297,4884.55,0.98,0.3,2.74,0.81,88858.05,4
659,14.33,7.924804688,0,27.42953682,7.671320642,313.0295715,299.8538085,-682.7520142,-647.7000122,-668.7728144,28.53958308,1,16.33315561,6.559325791,342182.4,3513.4,733.67,882.46,66.9,0.831391791129343,546324.7,0.63,0.4,35.05,0.35,55156.31,4
660,26.52,0,0.639250755,18.73400879,6.111709237,452.9327698,451.5750566,-821.7407837,-817.1688232,-820.5770319,64.27257707,0,13.7726951,0,3237.7,212.8,54.6,73.923,107.1,0.738606387727771,3286.72,0.99,0.26,4.57,0.9,149440.27,4
661,13.41,9.448852539,0.285941899,23.3467865,6.379999702,196.5959778,186.3746485,-566.62323,-540.1055908,-555.3174904,4.130404204,2,42.98420646,2.450239782,212324.1,3186.8,298.621,1334.546,139.9,0.223762238244317,283331.63,0.75,0.43,26.52,0.26,14731.81,3
662,0.61,0.30480957,0.285946816,8.762867928,3.858358275,192.6335754,190.6426632,-561.7463989,-555.0408325,-559.5674088,0,0,23.23895537,28.16843075,21107.5,588,116.968,243.369,128.4,0.480619963923096,21692.61,0.97,0.33,6.71,0.77,15786.08,3
663,6.4,2.133605957,0.571875215,15.25388718,3.984987668,319.1255798,315.8418024,-688.5432129,-674.2175903,-684.7730511,13.76835456,1,48.32422481,5.9392902,55059,1028.6,206.727,369.818,167.1,0.558996587510613,60385.76,0.91,0.27,14.33,0.66,62921.61,4
664,31.7,4.267211914,0,26.06268692,8.071354547,261.2135925,233.9130483,-630.0216064,-575.4624023,-602.8534435,6.678589081,2,24.39961807,13.9263761,391712.9,5250.3,384.767,2212.573,104.9,0.17390025097477,686272.02,0.57,0.5,54.56,0.18,28531.62,3
665,11.28,8.839233398,0,9.112545967,4.277734911,208.7879944,199.6568529,-578.2056274,-556.8696289,-568.5429713,7.362586568,2,27.17890999,17.54488714,189774.3,2133.8,518.515,579.364,139.1,0.894972763236929,226096.66,0.84,0.46,21.34,0.53,18132.47,3
666,0.91,0.30480957,0.808739305,16.06587029,7.023907657,151.4855652,149.3519849,-520.9031982,-513.2832031,-518.5343135,0,0,0,1.851350948,8028.8,328.1,93.647,106.333,3.5,0.880695550769752,8113.04,0.99,0.32,7.62,0.94,7115.26,3
667,4.27,0,1.807743192,7.134316921,4.082540363,355.3968201,354.317304,-724.5095825,-721.4616089,-723.3158137,0,0,3.959460435,91.06759007,3754.1,229.2,54.806,86.947,64.2,0.63033802201341,3783.64,0.99,0.4,3.05,0.9,83704.5,4
668,21.95,19.50720215,1.212976456,20.10526848,5.802923225,231.0384216,210.6655093,-603.5040283,-564.489624,-579.6621343,3.51172973,1,26.63775479,38.88598287,173541.2,2166.6,481.061,605.411,75.9,0.794602344522977,219130.77,0.79,0.61,39.01,0.47,21218.44,3
669,3.96,1.219177246,1.429337621,8.580108643,5.370626812,170.0783997,168.3551014,-540.1055908,-534.6192017,-537.7668551,36.15974122,0,28.12424317,12.05324707,7399.2,332.1,80.692,117.809,180,0.684939181217055,7532.51,0.98,0.43,5.49,0.85,10682.28,3
670,3.05,1.828796387,0,16.14578629,6.422869733,231.6479797,226.6247517,-600.7608032,-581.5584106,-595.5451508,42.03806571,0,4.504078468,4.128738597,79203.6,1667.5,204.681,595.26,102.8,0.343851426267513,93662.79,0.85,0.27,19.2,0.36,26122.56,3
671,1.22,0,0,6.888669491,4.330886972,181.6607971,179.7278191,-550.7736206,-545.2872314,-548.8097704,5.093814661,0,49.66469295,26.74252697,11672.3,399.6,101.181,148.073,71.6,0.683318363239753,11791.05,0.99,0.36,5.49,0.92,13162.47,3
672,2.74,1.219177246,0.571885586,15.72995377,7.799313831,176.4792175,170.4523885,-545.8967896,-525.4752197,-539.4894122,11.9931342,0,25.62169579,2.725712318,27266.5,847.1,119.678,326.195,111.7,0.366890970125232,33109.66,0.82,0.32,20.42,0.48,11120.21,3
673,5.79,4.572021484,2.695638657,13.24680042,8.065600239,140.8175964,137.0517464,-511.7592163,-502.3103943,-506.5092391,31.42196933,1,16.18707511,3.808723554,15610.6,459.2,130.149,172.607,47.9,0.754019246032895,15665.24,1,0.56,9.45,0.93,5191.45,3
674,9.14,4.87677002,0,23.98588371,6.562812162,209.7024231,199.9089344,-579.4248047,-553.8215942,-568.8711065,7.059616095,3,17.79410084,26.49773712,153702.8,2579.2,277.547,1095.948,162.1,0.253248329300295,235372.43,0.65,0.41,25.6,0.29,18200.42,3
675,4.27,2.438354492,1.457702279,8.004950523,4.950636844,169.7735901,167.7771545,-539.8007813,-534.9240112,-537.0842781,40.4461887,1,27.80675473,1.263943396,11760.1,420.9,109.499,154.852,44.8,0.707120347170201,12156.96,0.97,0.57,4.88,0.84,10563.14,3
676,0.91,0.30480957,0.285952508,6.252896309,2.320027117,177.0887756,176.4208225,-546.2015991,-544.0679932,-545.4493278,4.26681844,0,83.2029596,6.40022766,6967.3,311.1,75.443,118.714,115.6,0.635502131172398,6996.46,1,0.37,2.13,0.91,12414.6,3
677,2.13,2.133605957,0,18.60872841,5.822043664,408.1271667,401.7332603,-777.2399902,-756.8184204,-770.7376085,7.709159982,1,23.12747995,26.98205994,65555.9,1317.8,273.282,482.777,158.6,0.566062592045603,88448.01,0.74,0.32,20.42,0.48,113389.29,4
678,2.74,1.523986816,0,18.3886261,7.229413917,406.2983704,387.7209573,-775.4111938,-723.9000244,-756.6482403,1.580360892,2,18.37169537,31.01458251,150488.6,2343.4,478.182,536.801,21.1,0.890799383756737,205659.94,0.73,0.36,51.51,0.35,104148.82,4
679,7.01,4.876831055,0.904122889,10.49187088,5.812408699,174.9551697,170.5013542,-544.6776123,-535.2288208,-539.7229289,19.51582725,1,18.18520266,3.104790697,33512.4,806.3,163.454,302.413,17,0.540499251024262,37546.86,0.89,0.53,9.45,0.65,11130.54,3
680,16.15,0.30480957,0,5.476043224,2.634816333,467.5632019,464.0698646,-836.3712158,-826.6176147,-832.9604878,24.03118019,0,8.114424482,44.3172414,47627.3,995.4,175.539,416.872,172.5,0.421086088775451,51899.4,0.92,0.35,9.75,0.61,159256.76,4
681,1.83,0.609619141,1.429485559,6.246479511,3.286898353,188.9759827,187.8329915,-558.3936157,-555.3455811,-556.962132,36.28256103,1,18.14128052,9.07064026,8193.5,332.8,89.654,116.699,72.1,0.768249942158887,8272.49,0.99,0.49,3.05,0.93,15087.94,3
682,1.83,1.828796387,0.639362991,8.312119484,4.705851393,174.040802,172.0748299,-543.7631836,-538.2767944,-541.2371765,1.275119732,0,58.6555077,10.20095786,11657.1,393.9,114.28,129.808,115.3,0.880377172439295,11718.38,0.99,0.47,5.49,0.95,11465.02,3
683,0.61,0.609619141,0,26.416605,9.416106697,395.6304016,375.0274099,-764.4384155,-686.1047974,-743.9384084,5.505529277,1,24.42056551,14.39069039,272685.6,4108.4,775.205,813.094,89.9,0.953401451738667,498495.01,0.55,0.26,78.33,0.2,96116.99,4
684,3.96,1.828796387,0.40439713,17.49516678,8.590717279,175.2599792,171.5726579,-545.8967896,-528.8280029,-540.8638916,30.80462295,0,3.696554756,3.696554753,12063.2,425.7,104.922,154.981,44.6,0.676999116020674,12614,0.96,0.3,17.07,0.84,11357.73,3
685,5.49,0.914428711,0.404398233,3.142175198,1.707331584,395.9352112,394.8192881,-765.0480347,-761.6951904,-763.7204376,40.17495353,0,42.92666267,3.852392804,27008.9,622.9,167.933,204.784,123.4,0.820049417923275,28045.82,0.96,0.41,3.35,0.88,108780.76,4
686,1.22,0.914428711,1.178863287,11.37512302,6.679099667,217.0176086,214.2334472,-587.3496094,-579.7296143,-583.5828211,3.002559799,0,7.506399496,63.05375579,9901,366.8,99.116,126.705,124,0.782258000868158,9993.91,0.99,0.5,7.62,0.93,22270.62,3
687,19.81,3.657592773,0,19.76433182,4.94048693,470.0016174,454.9198047,-839.1143799,-791.8704224,-823.8251522,9.382757928,0,27.37225621,8.677287407,421396.6,5629.9,608.665,1680.987,131.6,0.362087868615284,840243.5,0.5,0.32,47.24,0.17,152037.45,4
688,3.35,2.133605957,1.429447532,8.5802145,4.42007648,166.4208069,164.7965329,-536.447998,-531.8759766,-533.989555,39.67757154,0,34.20480305,2.736384245,10864.1,399.8,98.919,153.452,55.1,0.644625029325131,11123.65,0.98,0.55,4.57,0.86,9959.35,3
689,2.44,0.609619141,0.9042027,6.492682457,3.242613026,94.79278564,93.96003287,-464.2104187,-461.4671936,-463.0674057,61.11543134,0,10.78507611,7.190050746,8269.3,329.9,93.976,106.12,90.3,0.885563513004146,8301.18,1,0.43,2.74,0.96,838.68,2
690,0.3,0.304748535,0,5.164670944,2.375220695,503.224823,501.3986419,-872.3375854,-867.765625,-870.3069352,0,0,53.88555316,19.12068016,34205,739.9,167.139,268.307,59.7,0.622939394052336,35416.53,0.97,0.45,4.57,0.79,190443.77,4
691,6.4,3.962402344,0.639393806,10.28496361,6.026304715,178.0032043,175.126798,-547.7255859,-541.6295776,-544.3676804,32.85934404,1,19.37858751,2.527641849,17641.9,494.5,117.987,179.467,179.9,0.657430056779241,17749.45,0.99,0.56,6.1,0.91,12127.91,3
692,5.79,3.352813721,0.285925686,8.538531303,4.246566632,101.4983826,97.14160589,-470.9160156,-460.2480164,-466.13909,17.15559588,1,26.23797016,19.17390127,44188,858.7,216.357,288.579,30.3,0.749732309003774,48241.8,0.92,0.45,10.67,0.75,1033.08,2
693,6.1,3.352783203,1.429413199,11.80579376,7.455499445,181.3559875,178.955691,-552.602417,-544.9824219,-548.5892037,49.4308611,1,5.492317904,9.611556327,10825.4,374.7,114.276,119.081,24.1,0.959649314332261,10866.24,1,0.53,7.62,0.97,12985.9,3
694,4.27,0,1.030915618,10.24673939,5.521930292,205.4352112,197.2582211,-574.2432251,-557.1743774,-566.1605253,0,0,4.353762276,79.81897504,40969.1,896,163.912,342.175,151.2,0.479029736246073,44810.68,0.91,0.48,17.07,0.64,17492.24,3
695,7.32,4.571960449,0.285953552,34.13311005,9.487979703,446.2272034,417.530534,-815.949585,-751.6367798,-786.640757,4.041462338,1,1.943010739,18.49746224,191251.4,3441.2,455.314,1151.008,92.7,0.395578484250327,330212.89,0.58,0.46,64.31,0.2,124277.78,4
696,8.53,7.619995117,0.285953015,16.93220139,9.051392629,160.019989,152.4734031,-530.3519897,-511.4544067,-521.5784901,13.36486796,2,18.99218079,3.657753337,105657.1,1744.2,265.826,668.729,8.8,0.397509304965091,144577.13,0.73,0.47,18.9,0.44,7651.6,3
697,0.91,0,0.639398456,4.989448071,2.941183814,204.825592,203.4308934,-573.9384155,-570.2808228,-572.4744374,0,0,70.73505737,18.45262366,9666.4,360.2,93.809,117.223,0.1,0.800261040922003,9722.74,0.99,0.41,3.66,0.94,19163.11,3
698,10.67,8.839172363,0,27.89488602,6.019917851,210.3119812,194.6193199,-579.4248047,-538.2767944,-563.5379226,6.431209063,5,52.08642588,6.431209063,466872.9,5810.3,424.724,2313.158,118.5,0.183612187321402,748249.45,0.62,0.39,41.15,0.17,16801.17,3
699,5.49,2.133605957,0,18.71882248,5.743643457,185.3183899,175.7448417,-554.7360229,-530.3519897,-544.7123299,1.346391281,1,45.77730354,6.731956403,176639.8,3400.8,220.174,1530.644,121.2,0.143844029049211,270944.84,0.65,0.41,24.38,0.19,12264.42,3
700,16.46,14.02075195,0.285894483,17.11120415,5.914910886,198.4247742,187.9889945,-570.8903809,-548.9448242,-557.0735459,6.926030952,1,46.84184091,22.60073258,81552.8,1203.3,281.145,437.8,12.6,0.64217679305619,87620.6,0.93,0.63,21.95,0.71,15126.29,3
701,1.52,0.609619141,1.178878188,6.621396065,4.062391095,134.4167786,133.711937,-504.1392212,-501.3959961,-503.043829,0,0,31.65864551,25.32691641,4695.1,247.9,69.742,81.07,0.6,0.8602689034168,4711.51,1,0.41,2.74,0.96,4721.33,3
702,3.96,2.743225098,0,15.09289646,5.407052561,363.9311829,355.34769,-733.3488159,-699.8208008,-724.2507748,17.97714416,0,15.56872293,22.53594148,172808.6,2490.2,488.146,792.965,152.6,0.615595896414091,269611.49,0.64,0.27,33.53,0.35,84301.78,4
703,1.83,0.30480957,0.285956651,12.70611858,5.127478886,217.0176086,214.4328918,-586.1304321,-576.9863892,-583.4034676,26.09495954,0,20.0730458,23.41855343,22215.1,641,119.105,254.136,116.5,0.468666383353795,23629.79,0.94,0.3,9.14,0.68,22330.19,3
704,14.63,11.58239746,0,24.92742538,9.339025001,201.4728088,172.1512252,-571.8048096,-477.9263916,-541.109895,2.804474947,10,9.027422313,1.642858105,895725.7,10509.4,661.473,4008.523,136.1,0.165016640792631,2200000,0.41,0.33,93.88,0.1,11481.39,3
705,0.61,0.609619141,0.904083312,33.07741547,13.0099763,426.4151917,418.1552752,-796.1376343,-766.5720215,-787.1962782,0,0,4.145227657,43.52489039,28686.8,746.3,134.486,276.954,127.9,0.485589664709663,32506.56,0.88,0.3,29.57,0.65,124718.65,4
706,6.4,3.657653809,0.571785569,10.28123093,5.950366085,168.5544128,166.1635463,-539.4960327,-532.1807861,-535.4687539,35.75051167,1,14.72079892,7.009904248,21204.5,577.5,130.925,211.021,24.3,0.620435880789116,22347.38,0.95,0.56,7.32,0.8,10234.06,3
707,9.45,5.79119873,0.285955101,14.79591751,6.40368616,181.051178,175.3059637,-550.7736206,-537.0576172,-544.315246,18.9249657,2,5.461567282,9.14494987,117028.3,1518.2,368.267,463.737,13.4,0.794128999842583,133702.44,0.88,0.47,13.72,0.64,12167.41,3
708,3.96,2.43838501,1.178853631,9.008278847,5.778933635,136.5503845,134.6952511,-506.5776062,-501.7008057,-504.0376071,18.17791944,1,18.17791945,2.423722593,12265.5,426.4,107.41,159.51,66.6,0.673374710049527,12471.16,0.98,0.53,4.88,0.85,4857.43,3
709,5.49,3.962341309,2.000799418,22.79824448,11.26784658,161.5439758,153.6912062,-531.8759766,-509.0159912,-522.9932652,8.285062013,1,9.942074412,17.12246149,26911.3,656.7,158.061,225.663,169,0.700429401363981,28715.67,0.94,0.39,22.86,0.79,7866.13,3
710,6.71,0,0,2.913589001,1.475461911,458.1144104,455.3618637,-826.9224243,-821.7407837,-824.2310453,0,0,97.84532411,1.019222127,43751.4,869,188.25,319.645,10.3,0.588934599321122,47519.85,0.92,0.53,5.18,0.73,152382.38,4
711,1.52,0.30480957,0.857710123,5.203803539,2.933288757,162.7632141,162.2958394,-532.1807861,-530.6567993,-531.5203979,17.07828136,1,64.89746919,10.24696882,4351.8,239,69.83,70.022,90.7,0.997258004627117,4351.77,1,0.46,1.52,0.96,9466.48,3
712,4.88,3.352844238,0.904214144,11.19652176,6.154691124,173.4311829,169.8359755,-543.4584351,-534.3143921,-539.0183073,29.29741021,1,25.19577278,6.445430245,25367.7,627.8,135.522,249.877,64.1,0.542354838580582,26028.81,0.97,0.49,9.14,0.81,10990.58,3
713,5.18,2.743225098,0.808747649,8.538619995,4.503094625,94.48800659,91.69563126,-464.2104187,-457.2000122,-460.7986135,25.73684739,1,23.16316266,15.44210843,23101.7,568.6,152.404,212.581,63.8,0.716922020312257,23239.4,0.99,0.49,7.01,0.9,712.66,2
714,3.35,1.523986816,0.857794464,9.297451019,4.764693721,139.2935791,137.3504954,-509.0159912,-503.5296021,-506.5395078,0,0,29.17928797,34.7906895,13244.6,425.1,113.916,151.026,124.3,0.754280719876048,13373.84,0.99,0.46,5.49,0.92,5234.59,3
715,1.52,0,0.857827723,8.13342762,3.97924772,134.7215881,134.0144482,-504.1392212,-502.0056152,-503.2248059,0,0,53.59026555,20.61164059,3605.8,220.8,53.487,84.501,43.5,0.632974757695175,3609.33,1,0.45,2.13,0.93,4762.99,3
716,2.74,0.609619141,0.857821524,7.284480095,3.323390137,330.4031677,328.3353809,-699.8208008,-693.7247925,-697.3824094,0,0,20.37658101,45.11957223,20425.2,587.2,121.56,231.677,133.3,0.524696020753031,21999.73,0.93,0.41,6.1,0.75,69345.52,4
717,0.3,0,0,9.348405838,3.413527106,182.8799744,182.0930492,-551.9927979,-548.9448242,-551.1449041,34.59771818,0,46.13029093,13.45466819,7733.3,323.2,85.819,112.792,45.1,0.760860699340379,7841.83,0.99,0.29,3.05,0.93,13710.78,3
718,3.96,0,0,6.036863804,2.923628211,164.2872009,163.7721821,-533.4000244,-531.8759766,-532.9795974,43.67003272,0,20.15539971,6.718466569,4424.9,271.2,48.553,114.308,114.2,0.424755922595094,4479.34,0.99,0.3,1.52,0.76,9755.94,3
719,1.52,0.30480957,0.639408886,4.243207932,2.402892447,186.2328186,185.3009862,-555.9552002,-552.2976074,-554.3658962,19.48935541,0,43.15500126,18.0972586,10677.5,431.8,95.206,166.167,82,0.572953715238284,11814.49,0.9,0.45,3.66,0.72,14472.33,3
720,3.05,0.609558105,0.904096425,6.272397518,4.113531926,164.5920105,163.5844557,-534.0095825,-531.2664185,-532.9343397,46.22452579,0,40.78634628,2.719089753,5466.6,271.4,69.125,95.22,4.6,0.725950430581811,5473.27,1,0.41,2.74,0.93,9718.89,3
721,0.3,0.30480957,0,19.99238968,9.141883232,377.3423767,373.3007404,-746.4552002,-729.9960327,-742.2946826,0,0,5.016571586,35.11600109,14815,468.3,113.151,171.026,123.9,0.661601160057535,15471.9,0.96,0.25,16.46,0.85,95049.35,4
722,1.52,0.914428711,0.404404819,8.968709946,4.214868308,167.030365,163.4687088,-536.7528076,-526.3895874,-532.517576,0,0,6.311197703,64.51446541,21196.8,630,118.03,239.796,179.7,0.492210045205091,24129.34,0.88,0.41,10.36,0.67,9696.09,3
723,3.66,1.523986816,2.000828505,6.699923992,4.459025514,185.3183899,184.0026733,-555.3455811,-551.3831787,-553.288208,59.22516384,0,25.38221307,1.692147538,8784.2,344.7,98.086,113.135,65.2,0.86698192424979,8834.09,0.99,0.53,3.96,0.93,14161.64,3
724,0.91,0,0.639408886,13.67858887,6.888359057,173.7359924,169.6684875,-542.8488159,-530.9616089,-538.6262765,0,0,8.816336896,10.57960427,16859.8,502,123.366,174.65,161.4,0.706361294016605,17471.5,0.96,0.36,11.89,0.84,10955.49,3
725,7.62,5.486419678,1.143674254,11.01450062,6.183715825,96.01199341,90.85468834,-466.0392151,-454.1520081,-459.9443106,19.79175051,1,17.63265045,9.715950248,41306.5,784.3,172.306,302.384,45.9,0.569825123022382,42282.31,0.98,0.52,11.89,0.85,668.46,2
726,12.8,8.534423828,0.404404819,14.97654247,7.240085091,185.0135803,177.3235413,-554.1264038,-538.2767944,-546.4470502,17.13044256,2,16.78084169,4.544811291,85034.9,1262.5,334.641,417.305,94.5,0.80190987407292,97193.26,0.87,0.49,15.85,0.67,12616.58,3
727,8.53,0,4.457882881,13.94141388,9.121306088,337.1087952,330.5767593,-705.9168091,-690.3720093,-699.4736718,0,0,0,27.29385664,10891.9,404.5,103.464,152.269,114.8,0.679481706716403,11328.49,0.96,0.42,15.54,0.84,70531.02,4
728,3.66,2.438415527,0.639411151,8.906761169,4.529238169,166.4208069,164.6479181,-536.7528076,-530.9616089,-533.8026756,11.46467674,1,50.26819803,2.645694632,16854.7,483.8,125.445,169.413,26.1,0.740468559083423,17034.44,0.99,0.52,5.79,0.91,9929.71,3
729,1.52,1.523986816,0,6.929457664,3.236740775,193.8528137,191.5867038,-563.2703857,-556.2600098,-560.5019341,19.3616234,1,23.38481787,15.08697927,59113.8,1208.7,157.961,529.373,112.9,0.298392626749003,64912.11,0.91,0.4,7.01,0.51,16024.19,3
730,2.13,0,0,2.286511421,1.320138641,215.1888123,215.0364075,-584.3016357,-583.6920166,-584.0476278,88.67321784,0,11.44170554,0,5196.5,264,69.643,82.03,0,0.848994270388882,5196.48,1,0.5,0.61,0.94,22510.92,3
731,4.57,4.267211914,0.285962611,12.5820055,6.528758429,214.2743835,190.2527153,-583.6920166,-531.8759766,-559.2229361,2.389755958,2,48.88137186,5.576097234,205258.1,2730.8,317.437,1161.968,68.2,0.273189106756813,264448.63,0.78,0.47,51.82,0.35,15688.24,3
732,18.9,15.84960938,0.904201865,11.37503719,5.520002263,198.1199646,182.8603348,-567.8424072,-538.581604,-551.8016313,5.1881613,1,29.84969516,39.51531073,209145.9,2092.1,500.665,618.026,2.9,0.810103458430552,235416.4,0.89,0.55,29.26,0.6,13891.06,3
733,3.05,0,0,4.037428856,2.09500097,393.8016052,392.3939416,-762.6096191,-758.6472168,-761.2756991,33.35712441,0,26.90090678,16.6785622,27627.6,626.9,165.135,208.332,48.2,0.792653072979667,28464.34,0.97,0.35,3.96,0.89,107186.79,4
734,15.24,2.133605957,0.285964429,16.72506142,5.693929808,343.509613,338.784468,-712.9271851,-698.6016235,-707.7492366,10.21352581,1,47.90629966,6.079479653,61124.2,1366.9,142.361,594.106,90.1,0.239622222297031,70182.21,0.87,0.36,14.33,0.41,74957.93,4
735,4.57,2.743225098,0.904227257,9.130460739,5.216243277,165.2015686,162.7731033,-535.2288208,-528.5231934,-531.937956,33.60105912,1,16.39076055,9.014918304,18137.2,511.5,121.136,197.461,59.2,0.613467975954745,18355.03,0.99,0.5,6.71,0.87,9559.58,3
736,6.4,4.572021484,1.807954907,12.11560535,7.591758488,165.8111877,162.5726852,-537.0576172,-528.2183838,-532.1288452,38.7318641,1,15.94841463,7.974207316,13048.2,421,118.108,141.857,0.4,0.832584927074448,13207.64,0.99,0.56,8.84,0.93,9520.43,3
737,6.1,5.181610107,0,21.69416046,7.424548531,142.3415833,134.9296306,-511.7592163,-482.8031921,-503.9708408,20.11650941,1,28.09925125,8.302051505,46550.9,987.8,214.64,312.901,41.4,0.68596776616246,54950.77,0.85,0.27,28.96,0.6,4890.15,3
738,3.66,2.438354492,1.143601775,7.251486778,4.881467373,187.1471863,185.3434419,-557.1743774,-552.602417,-554.6692003,42.65496714,1,8.25580009,2.751933362,10802.7,373,113.6,119.837,115.1,0.947954304597078,10845.61,1,0.56,4.57,0.98,14482.54,3
739,8.53,7.010437012,0,16.78593636,5.370838745,167.9447937,162.111505,-539.1912231,-526.0847778,-531.202001,8.940653949,3,26.19819529,4.990132437,71489,1412,243.117,519.644,49.8,0.467852991663523,88073.37,0.81,0.61,13.11,0.45,9430.64,3
740,0.3,0.30480957,0,23.4518795,6.313991531,448.9703674,435.9496839,-817.7783813,-758.6472168,-804.8372639,3.904185282,1,25.57914496,14.00121619,110409.8,2325.7,378.03,756.278,10.9,0.499855873104864,196885.74,0.56,0.22,59.13,0.26,137603.67,4
741,4.57,2.743225098,0.404373109,16.19198227,8.395382646,176.7839661,172.5067052,-546.8112183,-534.6192017,-541.8193517,30.34095469,1,19.55305969,6.742434376,22045.7,585.3,122.813,221.265,82.1,0.555049375183603,22831.86,0.97,0.41,12.19,0.81,11557.69,3
742,18.29,4.267211914,0,15.26218987,4.874498936,346.5575867,342.9737994,-715.9752197,-703.7832031,-711.8905495,17.75097596,2,24.85136635,4.484457086,79550.2,1442.9,188.364,620.503,86.6,0.303566622562663,90740.79,0.88,0.34,12.19,0.48,77269.43,4
743,8.84,5.18157959,0,12.05812645,4.835062352,200.5583801,191.5725284,-569.366394,-547.1160278,-560.4769357,15.30175988,1,28.03987413,30.92397547,185537.6,1914.3,492.909,550.977,47.9,0.894609030866987,199505.17,0.93,0.4,22.25,0.64,16020.6,3
744,1.22,1.219177246,0.285964698,9.420077324,3.42283227,166.4208069,165.206944,-536.1431885,-530.9616089,-534.2047863,0,0,66.21516655,5.36879729,16611.7,477.6,118.113,167.006,0.1,0.707238063303115,16652.84,1,0.38,5.18,0.92,10041.43,3
745,1.83,0,0.404375315,5.242636204,3.388896428,135.9407959,135.1547273,-505.3583984,-502.6152039,-504.3718173,0,0,11.16113264,33.48339791,5327.1,265.7,76.594,92.32,155.5,0.829657712305026,5342.89,1,0.37,2.74,0.95,4921.69,3
746,2.44,0,0.285968065,4.11705637,2.546224857,163.3727722,162.9155904,-532.4855957,-531.2664185,-532.0791931,50.41255193,0,50.41255192,0,4422.8,245.1,57.43,92.399,90,0.621543523198303,4422.75,1,0.36,1.22,0.93,9587.46,3
747,10.67,6.096008301,0,28.99503899,7.992945716,370.3320007,349.4587199,-739.4448242,-677.8751831,-718.3802884,3.234742606,1,21.54569629,10.62843999,514657.3,7126.3,559.608,2368.499,97.7,0.23627115738702,964712.65,0.53,0.34,61.57,0.13,80916.76,4
748,28.65,1.219177246,0,13.34119892,2.649212063,455.0663757,443.4194514,-823.8743896,-798.2712402,-812.292009,10.44750527,1,68.93445261,9.016340169,311581.3,4646.7,384.511,1728.244,130.7,0.222486523893617,547137.41,0.57,0.45,25.6,0.18,143201.28,4
749,0.91,0,0.404414713,14.34640884,8.487081807,181.9656067,176.8157972,-551.0784302,-538.8864136,-545.7589854,6.121220889,0,3.497840506,34.10394494,16998.1,555.6,111.851,225.211,53.6,0.496649808401899,17997.59,0.94,0.44,12.19,0.69,12502.77,3
750,2.13,0.30480957,0.857847929,5.41714859,3.143823353,158.1911926,157.3362553,-527.6088257,-524.8656006,-526.501115,0,0,75.67974838,12.6132914,5892.3,281.5,81.897,81.961,0.1,0.999219140810874,5892.61,1,0.42,2.74,0.94,8525.98,3
751,2.44,0,2.304219723,24.03632736,11.21743149,428.243988,418.8804498,-797.6616211,-772.9728394,-787.9996594,0,0,15.08199107,24.67962175,21682.2,615.6,145.68,217.248,120.3,0.670570039770217,23399.71,0.93,0.39,24.69,0.72,125231.37,4
752,6.4,3.04800415,0,8.13851738,4.680789629,90.8303833,87.58510376,-459.9432068,-451.4088135,-456.5915149,27.56607967,1,33.00675329,8.342366218,40980.6,749.8,207.225,245.368,167.6,0.844547781291774,41970.09,0.98,0.4,8.53,0.92,510.09,2
753,1.22,0.914367676,0,8.520256996,4.44503755,164.2872009,162.3505956,-534.0095825,-527.6088257,-531.4039381,0,0,31.511911,36.55381676,11792.5,403.2,117.248,140.42,122.7,0.834980771969805,11971.38,0.99,0.41,6.4,0.91,9477.14,3
754,7.32,4.876831055,0,11.61787796,5.461385892,188.9759827,183.879167,-558.3936157,-544.0679932,-552.8690259,8.929241044,4,20.83489577,6.059127851,139831.4,2199.7,355.506,696.818,111.8,0.510184868932777,179370.11,0.78,0.39,14.33,0.36,14132.26,3
755,0.61,0.30480957,0.639423907,7.284792423,3.868267298,157.8863831,156.5462322,-526.9992065,-522.7319946,-525.5622859,0,0,50.12643213,27.48868858,9192.5,353.8,93.831,106.112,90,0.884263796743064,9199.88,1,0.34,4.27,0.93,8380.71,3
756,1.22,0,0.639422178,7.859621525,3.157743127,352.3487854,351.3930555,-721.4616089,-718.1088257,-720.4697121,0,0,34.36485072,41.23782087,8650.8,397.7,77.732,159.859,19.3,0.486253510906486,9180.78,0.94,0.3,3.35,0.69,82020.98,4
757,1.52,0.30480957,0.285969853,3.883558273,2.292597506,206.6543884,206.2009076,-576.0720215,-574.2432251,-575.2914205,69.08028622,0,21.43870951,2.382078835,6240,283.8,81.908,93.771,90.1,0.873489671646884,6241.74,1,0.45,1.83,0.98,19937.7,3
758,3.05,0.609558105,0.404418379,4.609942913,2.471263745,155.4479675,154.5804913,-524.560791,-522.4271851,-523.6034249,15.39091066,1,47.45530787,2.565151775,11589.3,414.4,95.194,153.671,120.3,0.619466262339674,12013.34,0.96,0.47,2.13,0.85,8024.66,3
759,1.22,0,0.285970122,7.731732368,3.865447172,330.0984192,327.7317146,-698.9064331,-692.5056152,-696.7145422,0,0,52.43225397,10.4864508,9922.2,385.7,96.002,139.224,78.8,0.689550652186405,10320.99,0.96,0.35,6.4,0.84,69027.95,4
760,0.61,0,0,2.556067467,1.288999039,382.5240173,382.1647775,-751.6367798,-749.8079834,-751.0489858,2.408548349,0,65.03080544,25.28975767,12342.8,424.6,110.314,156.417,11.5,0.70525582257683,12846.95,0.96,0.34,1.83,0.86,100593.5,4
761,5.49,2.743225098,1.539590836,10.55575848,6.693606863,160.3247986,157.9811212,-530.9616089,-524.2559814,-527.4605218,41.77762134,1,25.60563889,4.042995615,11029.6,386.5,105.469,135.349,76.2,0.779237378924115,11214.7,0.98,0.53,6.71,0.93,8645.49,3
762,8.84,6.705627441,1.738923192,11.57831573,6.419597526,184.0992126,179.8214804,-555.0408325,-546.2015991,-549.1171753,22.06258962,1,24.82041332,4.136735553,21559.2,570.8,133.411,209.474,37.3,0.636885723287854,22306.42,0.97,0.68,8.84,0.83,13183.97,3
763,11.28,9.448791504,0.285949916,22.61981392,7.877167053,181.3559875,159.6881012,-551.3831787,-501.3959961,-528.6408016,4.181541696,5,16.8058152,5.416092101,373243.9,4965.5,320.33,2255.677,115.8,0.142010580415547,530804.69,0.7,0.46,49.99,0.19,8965.84,3
764,4.57,3.352783203,0,14.90680408,3.935935301,166.4208069,158.8527702,-535.8383789,-519.0744019,-527.7620218,7.409298411,3,59.39293606,1.066938971,250768.4,3588.4,395.293,1287.37,120.7,0.307054692901031,352181.67,0.71,0.48,16.76,0.25,8808.34,3
765,1.22,0.30480957,0.285914689,4.6797328,2.922306912,162.7632141,161.5679016,-532.1807861,-528.5231934,-530.710594,16.27818684,1,56.97365394,8.139093422,7305.1,332.3,79.974,117.137,91,0.68273901499953,7591.1,0.96,0.41,3.66,0.83,9325.36,3
766,1.22,0,0.285972714,5.424651146,2.333025768,216.7127991,216.0460447,-585.8256226,-583.387207,-585.0445608,33.01384065,0,33.01384066,14.44355529,7203.8,313.3,86.462,107.093,124.3,0.807354355560121,7244.1,0.99,0.33,2.44,0.92,22814.91,3
767,3.05,1.219177246,0.639430881,8.07472229,4.450044001,182.5751648,180.7731897,-551.6879883,-547.4207764,-549.9496379,48.05969952,0,22.8855712,5.721392804,12990,435.4,101.211,158.253,170.8,0.639551856836837,13298.77,0.98,0.42,4.27,0.86,13403.43,3
768,0.91,0,0,6.6399827,2.4579696,162.4584045,160.6905538,-531.2664185,-526.0847778,-529.5816954,0,0,608.5018888,1.821861942,24476.3,652.3,128.385,261.746,104.1,0.490494601636701,25616.85,0.96,0.33,5.18,0.72,9156.68,3
769,1.52,1.524017334,0.404378623,10.59643745,5.041493472,153.6191711,144.2701047,-522.7319946,-505.0536194,-513.3727206,1.120413658,0,9.336780481,42.20224777,39800,1052,116.918,457.81,68.9,0.255385421899915,46909.48,0.85,0.53,17.68,0.45,6283.75,3
770,0.3,0.30480957,0,13.96354675,4.119883101,274.3199768,272.607733,-643.4328003,-634.5936279,-641.6577938,3.892097129,0,57.40843266,6.811169976,15276.2,518.4,108.71,190.582,57.6,0.570410636891207,16573.56,0.92,0.2,8.84,0.72,43100.97,4
771,1.83,0,0.639431477,8.76361084,5.083254344,188.061615,185.5075855,-557.479187,-549.5543823,-554.5468196,0,0,28.51755601,10.26632016,13030.7,461,113.116,148.238,115.5,0.763070197924959,14011.78,0.93,0.37,7.92,0.77,14522.08,3
772,0.61,0,0,7.803664684,2.967347453,344.1191711,343.2093456,-713.2319946,-710.184021,-712.140185,0,0,24.17539697,58.92753011,9837.5,451.8,69.08,196.433,9.6,0.351672071393299,10310.79,0.95,0.37,3.05,0.61,77400.44,4
773,12.8,7.010375977,0.285968572,9.688147545,3.148677101,364.540802,358.3377945,-735.1776123,-721.1567993,-727.2835013,5.569499096,2,54.72032862,11.27823567,106753.9,1716.2,388.423,515.21,40.1,0.753911997049747,131525.85,0.81,0.57,14.02,0.46,86047.06,4
774,12.5,0.609619141,0,8.826810837,2.34013844,341.0711975,338.2144817,-710.184021,-701.6495972,-707.0967692,9.987590533,0,74.55852467,7.66489506,63995.2,1437.6,280.525,486.996,88,0.576031425309448,95169.25,0.67,0.37,8.53,0.39,74646.15,4
775,0.61,0,0.808807433,6.096884251,2.828351708,320.0400085,319.7497137,-689.4575806,-687.9335938,-688.8044724,0,0,64.02742186,13.72016182,3250.1,214.7,53.704,81.863,65.3,0.656022867473706,3272.4,0.99,0.46,1.52,0.89,64897.42,4
776,55.78,2.133605957,0,9.631132126,2.510792836,482.193573,479.8939863,-851.0015869,-842.7720337,-848.7675607,35.6983532,2,46.21997309,5.636582085,118668.8,1372.7,368.724,436.018,55.4,0.845662335041214,126196.09,0.94,0.27,8.23,0.79,172137.02,4
777,1.83,0,0.285973489,8.079778671,3.054274705,157.8863831,157.3464504,-526.9992065,-524.2559814,-526.4157244,78.93356718,0,8.457167909,2.819055971,5272.7,263.8,69.651,93.025,90.5,0.748734211233539,5283.29,1,0.22,2.74,0.95,8527.87,3
778,26.21,9.143981934,0,28.10523415,8.147599635,348.0815735,335.5818954,-716.8895874,-668.4263916,-704.4473539,36.51057319,1,3.069868603,4.679314279,498720.6,3542.1,773.115,934.039,2.3,0.827711690839462,555301.83,0.9,0.26,48.46,0.5,73214.56,4
779,0.91,0.30480957,0,13.69577026,5.648818378,295.6559753,293.5460958,-664.7687988,-656.5391846,-662.6182685,0,0,0,63.2437317,13161.7,421.7,105.798,142.767,89.8,0.741053604824644,13229.79,0.99,0.26,8.23,0.93,52233.32,4
780,0.61,0,0.571929634,10.81875229,6.013818125,164.2872009,159.4245669,-533.4000244,-519.3792114,-528.3956157,0,0,0.584878075,49.71463642,25414.1,628,143.633,229.747,74.4,0.6251790012492,26783.58,0.95,0.36,14.02,0.81,8916,3
781,3.35,0.609558105,0.285915971,11.0712719,4.469890209,454.4568176,449.1599899,-823.5695801,-807.7200317,-818.0723245,3.542848743,1,31.59040129,36.31419962,50346.4,969.3,177.72,388.712,81.9,0.457202247422256,53852.33,0.93,0.35,15.85,0.68,147578.9,4
782,2.44,1.523986816,0.639436662,9.229752541,4.700599197,155.143219,153.5961091,-524.560791,-520.9031982,-522.8474639,44.57578384,1,21.51934392,3.074191989,9670.3,362,93.83,129.457,90.7,0.724796650625304,9762.61,0.99,0.48,3.66,0.93,7849.27,3
783,0.3,0,0,1.617298484,0.78989625,509.0160217,508.5370353,-877.8240356,-876.6047974,-877.4010346,0,0,100.8536363,0,7221.8,343.4,81.232,120.845,71.5,0.672199925524432,7716.76,0.94,0.38,1.22,0.77,196725.1,4
784,3.66,2.438415527,1.807934999,16.58770943,8.445060137,168.8592224,163.9983717,-538.8864136,-521.2080078,-533.1664914,6.88876524,1,8.104429694,12.56186602,36681.5,928,170.05,304.769,51,0.55796357241058,42964.51,0.85,0.33,17.68,0.54,9800.68,3
785,5.18,3.962402344,0.285969853,10.46273804,3.849669407,328.2696228,323.3870849,-698.6016235,-685.4951782,-692.3499973,13.59395624,1,45.23506127,20.1565558,63419.4,1223.4,240.291,457.06,38.4,0.525731851398066,80808.79,0.78,0.48,13.11,0.53,66763.89,4
786,4.57,0.609558105,0,5.643523693,2.102089018,325.8312073,323.5857636,-695.2487793,-689.7623901,-692.5110928,0,0,89.17698956,8.270446613,41337,881.8,198.194,316.86,34,0.625493908981885,47010.48,0.88,0.51,5.49,0.67,66866.6,4
787,1.52,0.30480957,0.285975814,4.087449074,2.418122407,222.5039978,221.9379368,-591.9216309,-590.0928345,-590.9985038,53.69636509,0,28.26124478,5.652248957,5259.6,271.1,69.608,93.656,90.8,0.743230545827283,5358.6,0.98,0.53,1.83,0.9,24629.52,3
788,0.91,0.914428711,0,17.09318161,4.950158901,285.9023743,279.9083718,-655.0151978,-637.0319824,-648.8747691,1.330071664,2,73.15394152,1.900102377,78228.1,1627.4,147.55,701.234,97.1,0.210414783082395,90905.15,0.86,0.34,17.98,0.37,46185.61,4
789,0.61,0.30480957,0,14.6824789,4.606812877,491.6424255,488.3213509,-860.4504395,-847.0391846,-857.2284256,0,0,42.24022438,30.11184312,35541.4,775.1,163.151,292.659,60.6,0.557478157172682,37453.98,0.95,0.24,13.41,0.75,179200.97,4
790,0.3,0,0.285973758,7.415423393,4.04164525,320.0400085,316.9720565,-689.152832,-680.3135986,-685.8740753,0,0,11.12774856,73.257678,16029.3,542.9,119.881,194.637,32.2,0.615920919455191,17776.1,0.9,0.38,8.84,0.69,63489.92,4
791,39.93,7.924804688,0,20.86346436,7.49791727,390.7535706,370.9050672,-760.1712036,-701.3447876,-739.8413934,7.975352765,0,11.1227142,18.12024594,486441.4,5827.9,827.275,1343.936,168,0.615561306490785,764869.24,0.64,0.35,58.83,0.18,93577.91,4
792,2.13,1.523986816,0.571880639,12.73391438,5.435181176,160.019989,158.9251155,-530.3519897,-523.6464233,-528.0619981,14.70019757,1,14.70019757,8.018289585,11122.7,431.5,81.235,179.516,116.9,0.452522337841752,11394.75,0.98,0.35,6.71,0.75,8821.93,3
793,0.3,0,0.404426426,4.907975197,2.604307193,348.3863831,347.3268515,-717.4992065,-714.4512329,-716.3477415,0,0,89.5318204,3.255702558,9131.1,366.5,81.315,136.114,25.6,0.597403646943004,9339.65,0.98,0.39,3.05,0.86,79708.45,4
794,2.44,0.914428711,0.639439583,11.4337225,5.257684697,336.499176,334.3860871,-705.9168091,-697.9920044,-703.4220591,28.48936132,1,9.217146312,14.24468066,17739.3,527.1,119.412,207.387,46.1,0.575793082497939,18406.14,0.96,0.32,7.92,0.8,72568.86,4
795,14.02,6.705627441,0,19.06935501,7.583471153,342.2903748,334.2242096,-711.7080078,-680.6184082,-703.1315366,17.41686835,3,10.045907,2.972161834,250056.1,3220.7,584.184,697.867,125.8,0.837099332680869,348051.19,0.72,0.28,31.09,0.3,72481.68,4
796,19.81,17.06878662,0.285972446,19.02319336,8.87506327,191.7192078,178.3106894,-561.1367798,-525.1704102,-547.3135119,16.74616646,1,11.03276849,11.03276849,150894.5,1481.9,418.374,489.999,93.8,0.853826232298433,155738.66,0.97,0.39,35.97,0.87,12839.31,3
797,5.18,3.047973633,0.808795989,6.748006344,4.515718903,81.07678223,78.78063445,-450.7991943,-445.6176147,-447.9273139,23.65630641,1,23.65630641,10.34963406,20106.8,532.9,136.087,196.642,62.2,0.692054596678227,20296.95,0.99,0.57,5.18,0.89,189.91,2
798,5.18,3.352783203,3.257142782,13.43313313,7.751430719,150.5711975,147.2254809,-521.5128174,-511.7592163,-516.6962593,26.77481972,1,10.47710337,18.62596154,12768.5,411.8,118.241,130.597,180,0.905388332044381,12800.69,1,0.5,9.75,0.95,6761.03,3
799,1.22,0,0.808819175,5.476610661,3.048846025,452.3232117,450.4036067,-821.4360352,-816.2543945,-819.2505318,0,0,0,41.39557979,13644.9,480.9,105.942,166.719,89.8,0.635452467925071,14668.59,0.93,0.43,5.18,0.74,148535.94,4
800,22.56,6.096008301,0,26.84067154,5.888496204,351.1296082,341.6116748,-720.2424316,-679.0944214,-710.5331719,15.71869367,6,17.87104592,8.250683609,455796,6957.4,890.54,1113.134,83,0.800029466353557,774541.58,0.59,0.24,41.15,0.12,76514.02,4
801,0.91,0,0,17.63797379,5.772869571,183.7944031,176.3481882,-552.602417,-524.2559814,-545.2259833,3.683959659,0,29.47167728,14.51913513,68592.1,1538.7,194.272,555.972,36.6,0.349427669019303,91651.53,0.75,0.26,28.35,0.36,12398.42,3
802,8.53,4.876831055,0,19.27477646,7.010069042,158.1911926,153.5027963,-529.1328125,-515.7216187,-522.6856464,13.85326034,3,37.27186711,0.989518595,45064.8,1216.8,154.034,496.133,66.1,0.310469168549562,62813.36,0.72,0.48,13.41,0.38,7832.74,3
803,0.91,0.914428711,0,8.279340744,4.093280877,165.8111877,162.2295949,-535.2288208,-525.1704102,-531.1990204,5.128075094,2,26.66599049,6.666497623,57971.6,1124.3,215.59,456.665,134.7,0.47209661349129,65838.23,0.88,0.4,10.06,0.58,9453.59,3
804,7.92,0,0.571943104,9.255527496,5.675750592,336.8039856,334.9751892,-705.6119995,-701.0400391,-704.0118042,0,0,15.32037847,86.81547801,2910.7,198,56.632,68.231,89.5,0.830003957145579,2938.33,0.99,0.36,4.57,0.94,72886.6,4
805,2.74,2.743225098,0,16.14734459,5.987479722,164.5920105,152.999114,-534.6192017,-507.4920044,-522.0730183,1.982566705,3,24.12122825,16.6866031,89969.1,1988.6,334.921,656.214,48.6,0.510383807721262,147874.63,0.61,0.46,27.13,0.29,7743.84,3
806,3.96,2.743225098,0.404419094,20.98364067,8.76786054,163.0679626,151.5425561,-533.0952148,-504.4440002,-520.5797013,2.234486792,2,6.005183253,42.59490447,106434.4,1875.7,238.305,758.34,169.2,0.314245589049767,138936.43,0.77,0.44,28.65,0.38,7489.61,3
807,0.3,0.30480957,0.285978675,7.383118153,3.755124862,148.4375916,145.0897895,-517.550415,-509.0159912,-514.1301507,0,0,0.809596076,74.48283896,18359.9,590.6,114.87,234.875,118.7,0.489068653539117,19998,0.92,0.41,8.53,0.66,6414.37,3
808,0.91,0.30480957,0.285923213,6.889374256,3.633509697,155.143219,154.5998681,-524.8656006,-521.817627,-523.7789307,0,0,34.15102798,78.05949254,3046.7,197,57.353,68.225,178.9,0.840644924880909,3046.73,1,0.37,3.05,0.99,8028.14,3
809,5.49,3.352813721,0.404431194,9.420431137,4.778753058,81.07678223,77.76104569,-450.4944153,-441.0455933,-446.7770414,24.76005796,1,34.19246099,9.43240303,37820.6,706.8,211.468,235.144,103.7,0.899312761541864,38299.44,0.99,0.4,9.45,0.95,162.84,2
810,7.01,6.096008301,0.285918832,13.7208128,3.865556039,161.5439758,155.4240502,-532.1807861,-519.3792114,-524.4668806,12.77552556,1,60.53165683,10.03791294,48866.4,957.5,206.619,348.981,6.4,0.592063751321705,54321.57,0.9,0.61,12.8,0.67,8176.51,3
811,2.13,2.133636475,0.857884467,10.98698711,5.391344856,142.3415833,136.5341187,-512.3688354,-498.0432129,-505.6350955,0.49129961,0,14.24768871,9.825992214,30254.7,775.6,124.764,326.994,102.4,0.381548285289638,31918.93,0.95,0.47,14.33,0.63,5117.13,3
812,6.1,4.571960449,0,14.39628792,4.805875836,167.3351746,157.9696739,-536.7528076,-511.1495972,-526.8740831,11.35336782,5,27.85840831,3.675078599,452992.8,6429.7,287.652,2756.607,106.3,0.104350021602644,644430.17,0.7,0.39,25.6,0.14,8643.36,3
813,1.22,0.914428711,0,10.35802364,5.343984243,143.8655701,141.3453508,-513.5880127,-505.663208,-510.3622083,0,0,30.4516473,20.3010982,16108.1,458.4,130.237,154.763,90.6,0.841525429204655,16193.86,0.99,0.41,7.92,0.97,5828.61,3
814,1.22,0,0,5.700647831,2.648648655,348.6911926,348.1778484,-717.8040161,-715.6704102,-717.1061771,0,0,72.49516799,11.15310277,5330.9,320.3,54.691,132.351,168.8,0.413226949550816,5742.67,0.93,0.34,2.13,0.65,80189.69,4
815,0.91,0.30480957,0.285983324,2.634619474,1.36882668,226.4664001,225.8849182,-595.5792236,-594.0552368,-594.8336135,39.06509208,0,54.69112893,1.562603683,9512.4,383.9,83.397,142.866,140.7,0.583742807945907,9926.51,0.96,0.52,1.52,0.81,25883.96,3
816,2.44,2.133605957,0,17.44711876,5.43482808,176.7839661,160.0465055,-545.8967896,-515.4168091,-528.9674361,5.124134176,2,57.30281755,4.186792558,237866.5,3287,252.55,1473.569,106.3,0.171386613046284,297980.64,0.8,0.56,30.48,0.28,9033.84,3
817,3.35,0,0.904290318,8.075177193,3.952135974,331.9272156,325.326599,-701.0400391,-688.8480225,-694.2206564,0,0,1.923446685,66.35891066,30911.5,758.4,158.67,299.457,68.1,0.529859044871217,33906.3,0.91,0.56,12.19,0.68,67769.94,4
818,1.52,1.219238281,0,9.586464882,4.61723561,150.8760071,147.1135721,-519.9888306,-509.6256104,-516.1270862,0,0,17.35450973,47.95325057,32547,780.9,205.635,233.616,116.7,0.88022652558044,37650.51,0.86,0.38,10.36,0.67,6742.64,3
819,9.75,0.30480957,0.285982549,14.51366234,6.740743306,338.3279724,331.8685811,-707.4407959,-685.7999878,-700.7883537,1.541671299,1,24.923686,33.91676858,57849.5,1297.2,216.392,434.898,77.1,0.497569545042746,69950.39,0.83,0.31,21.64,0.43,71218.84,4
820,1.22,0.914428711,0,15.32878399,5.70084216,208.1783752,193.1776825,-577.9008179,-544.3728027,-562.1699413,1.791454467,1,20.00457488,46.27924038,99567,1762.2,172.369,768.046,98.1,0.224425359939379,113293.91,0.88,0.47,33.53,0.4,16429.52,3
821,36.27,31.69921875,0.639429033,27.67496872,12.87397868,109.1183777,85.87495349,-478.5360107,-435.8640137,-455.0045313,13.23846775,1,19.25595309,16.54808469,148209.5,1438.1,422.866,447.255,90,0.945469586701099,151639.25,0.98,0.55,42.67,0.9,435.76,2
822,2.44,2.133605957,0.285977632,10.72498798,4.089115476,173.7359924,166.6595094,-543.1536255,-526.0847778,-535.5822414,2.321022408,2,49.96306131,6.596590003,121678.6,1876.8,403.773,518.796,28.8,0.778288575856406,159202.63,0.76,0.45,17.07,0.44,10334.66,3
823,0.3,0.30480957,0.285987228,17.84475327,4.154666864,177.3935852,173.0650707,-546.5064087,-530.6567993,-541.9885113,0,0,9.926366483,70.38696234,49415.5,1014.9,224.334,349.627,103.3,0.641638088591556,58196.09,0.85,0.29,15.85,0.6,11678.06,3
824,8.23,6.096008301,0.857892215,14.22091961,6.898351717,143.256012,136.8381833,-513.5880127,-498.3479919,-505.9972616,11.1417654,2,15.15280094,8.022071087,66704.6,1211.7,255.951,403.286,26.5,0.634663737397281,77668.49,0.86,0.5,15.24,0.57,5160.72,3
825,14.63,13.41122437,0,22.26647758,8.386594984,146.6087952,121.4431302,-516.0264282,-445.3128052,-490.4419554,5.169693323,2,31.83442731,2.775309047,273148.4,4711.6,433.221,1243.314,139.6,0.348440538753686,428139.27,0.64,0.36,70.71,0.15,3185.83,2
826,1.22,0,0,9.745383263,4.632191744,283.4640198,282.0892913,-652.5767822,-648.0048218,-651.0901365,0,0,13.9568032,65.79635792,7455.1,346.6,68.858,142.294,92.7,0.483913587361379,7524.04,0.99,0.33,4.57,0.78,47127.76,4
827,5.18,3.352813721,1.429573178,12.50069904,7.545180327,141.122406,137.7662801,-511.4544067,-502.0056152,-507.2369023,33.36698372,1,4.448931165,3.336698371,13364.2,416.7,118.133,130.543,0.1,0.904935538481573,13369.03,1,0.45,9.45,0.97,5294.93,3
828,0.91,0,1.91762042,3.976964712,2.798827209,452.3232117,450.896182,-821.1312256,-818.3880005,-819.7734708,0,0,67.14011835,8.952015788,3320.8,238.6,46.487,97.311,108.2,0.477715777250259,3474.16,0.96,0.51,2.74,0.73,148915.86,4
829,6.4,3.352783203,0.285988271,11.29092598,5.732159494,118.5671997,114.6324996,-487.9848022,-477.6216125,-483.7499328,18.69914941,1,9.096883495,32.34447466,29411.7,631.5,189.672,214.883,59.2,0.882675688630557,29997.15,0.98,0.41,10.36,0.93,2463.39,2
830,1.52,1.523986816,0,16.53108215,5.073626128,294.1319885,289.9499505,-663.244812,-647.3952026,-658.8478334,11.35764807,1,20.42292679,5.001533093,142652,2452.7,258.811,1052.302,83,0.24594745614852,197135.28,0.72,0.28,15.85,0.3,50602.48,4
831,6.1,3.657592773,0.285961688,13.5181036,4.318343513,142.3415833,138.7735813,-511.4544067,-503.8344116,-507.7442199,22.18993024,1,21.86833704,10.61257533,46220.3,845.6,203.41,313.123,90.2,0.64961692370091,48287.48,0.96,0.49,7.62,0.81,5442.54,3
832,11.58,10.66802979,0,19.08524323,7.200810737,156.3623962,144.1584277,-526.9992065,-498.9576111,-513.1779169,7.008772483,4,18.95330024,7.107487589,150576.2,2661,256.338,984.031,102.2,0.26049789081848,196046.28,0.77,0.49,28.04,0.27,6266.06,3
833,9.75,9.448822021,0,20.02658844,5.956656597,164.8968201,136.9433289,-534.6192017,-480.6696167,-505.910911,2.210265799,3,28.07856182,4.788909232,363152.6,5439.2,421.836,2291.075,142.4,0.184121427714064,673148.43,0.54,0.53,53.95,0.15,5175.84,3
834,0.3,0,0.285990834,3.532898426,2.192838115,425.8055725,424.0315623,-794.918396,-790.041626,-792.9229212,0,0,8.758741816,83.60617186,18667.7,547.9,123.738,201.197,71,0.615009170116851,19783.77,0.94,0.42,4.88,0.78,128903.66,4
835,3.96,1.828796387,0.285990059,9.905498505,4.163294563,306.6288147,303.3077111,-676.0463867,-663.8544312,-672.2464652,12.42231486,0,11.15473171,23.0700133,58631.8,1354.7,205.508,508.892,87.1,0.403834212367261,73790.45,0.79,0.31,12.19,0.4,56790.57,4
836,0.3,0,0.404411227,8.800349236,5.103718907,277.9775696,276.1640381,-647.0903931,-641.9088135,-645.4063843,0,0,25.93092501,70.01349753,5732.2,273.1,81.402,91.91,153.5,0.885670764878686,5744.02,1,0.33,5.18,0.97,44590.25,4
837,9.45,6.096008301,0,20.52373123,7.470572736,189.2807922,179.4130695,-558.6984253,-534.9240112,-548.31669,31.01431151,1,6.45889039,0.698258421,255449.4,3721.6,246.668,1663.607,113,0.148272999572615,326813.67,0.78,0.44,23.77,0.23,13090.35,3
838,11.58,7.010375977,0.285962224,15.77668762,9.494311655,138.9888,130.2797669,-509.0159912,-489.8135986,-499.6328227,19.34327765,1,15.82631808,7.033919146,42264.2,929,239.502,290.994,157.3,0.823047897894802,49341.69,0.86,0.49,19.2,0.62,4261.45,3
839,23.47,0,2.232566118,23.26293755,11.32981165,448.9703674,439.1519457,-817.7783813,-794.6135864,-808.2161209,0,0,1.070692945,4.282771777,13882.7,480.8,118.052,167.103,89.6,0.706462481224155,14886.56,0.93,0.41,23.16,0.76,139989.68,4
840,23.47,0,2.232566118,23.26293755,11.32981165,448.9703674,439.1519457,-817.7783813,-794.6135864,-808.2161209,0,0,1.070692945,4.282771777,13882.7,480.8,118.052,167.103,89.6,0.706462481224155,1900000,0.01,0.41,23.16,0.76,139989.68,4
841,5.49,3.352783203,0.285987467,22.0665493,9.030611358,158.1911926,142.8174098,-527.3040161,-483.1080017,-511.7709082,12.45497155,0,9.539978209,17.31329379,168273.7,3076.5,376.11,1056.902,82.9,0.355860808286861,288461.88,0.58,0.35,44.2,0.22,6055.55,3
842,10.97,9.753601074,2.081087589,15.47380543,8.031834486,184.7087708,178.0475008,-556.8696289,-541.0200195,-547.3778383,16.91201351,1,37.82950391,14.24169559,33398.6,679.9,202.172,219.398,26.2,0.92148515483277,34467.08,0.97,0.6,15.85,0.91,12779.74,3
843,8.53,5.79119873,0,23.28359604,5.921227867,213.3600159,201.3449744,-582.4727783,-541.3248291,-570.2760963,17.64895712,1,15.62808416,17.98576927,220659.2,3038.1,300.957,1337.054,90,0.225089637366928,278837.38,0.79,0.3,41.15,0.3,18589.95,3
844,19.2,4.572021484,0.404428631,19.94831276,5.567453303,370.3320007,356.8652412,-739.4448242,-709.5744019,-725.8134748,11.41653303,1,32.10290058,10.14802936,152332.1,2398.3,212.599,1063.233,31.6,0.199955230885422,186711.74,0.82,0.46,29.87,0.33,85185.32,4
845,7.01,4.267150879,2.232485533,19.46375847,10.8835964,191.1095886,183.88053,-561.1367798,-540.71521,-553.2335414,18.88905573,1,15.11124458,11.33343343,27542.1,613.3,172.348,208.24,42.9,0.827641183250096,28018.43,0.98,0.39,20.42,0.92,14132.58,3
846,3.66,1.828796387,0.857927978,11.24284363,4.922288905,293.5223694,291.5612776,-663.244812,-656.5391846,-660.657553,0.790536423,0,49.80379463,122.5331455,18802.6,558.6,104.838,226.975,90,0.46189227888534,19316.52,0.97,0.39,6.71,0.76,51330.01,4
847,1.22,0.609558105,0.404454648,12.72859001,5.137213479,300.5328064,296.7966305,-669.9503784,-660.1968384,-665.7355846,3.884762376,1,42.97518378,10.92589418,61220.3,1479,134.895,645.643,94.1,0.208931251481082,71703.12,0.85,0.44,9.75,0.35,53729.68,4
848,5.49,3.657592773,0.808788717,11.96006966,8.011078059,142.0368042,138.7151645,-512.673584,-503.8344116,-508.2436152,30.73208891,1,11.38225515,7.967578609,13059,414.3,118.174,130.242,180,0.907341717725465,13113.12,1,0.51,8.84,0.96,5433.93,3
849,0.91,0,0.571948647,4.512526989,2.169568405,57.60717773,56.99758911,-426.4151917,-424.8912048,-425.9942859,0,0,54.210006,31.62250349,3290.3,213.4,54.425,77.974,107.5,0.697989073280837,3318.56,0.99,0.3,1.52,0.91,64.04,2
850,1.52,0,0.639382899,6.09736681,2.653801703,276.7583923,275.4037229,-645.8712158,-642.213623,-644.4778326,0,0,77.23975963,24.65098711,9044.8,424.8,68.293,178.859,90,0.381825907558468,9699.78,0.93,0.39,3.66,0.63,44269.73,4
851,2.44,1.523986816,1.17899251,9.268810272,4.450760114,112.776001,111.0901885,-483.1080017,-477.6216125,-480.2782585,15.7820994,1,32.77820645,26.70816821,12243.9,409.1,111.84,141.521,120.8,0.790271408483547,12517.69,0.98,0.53,5.49,0.92,2124.31,2
852,0.3,0,0.404455751,3.723634005,2.149074318,56.99758911,56.21381705,-425.805603,-423.9768066,-425.1524604,0,0,41.26689,34.38907499,4322.3,238.6,66.919,82.208,73,0.814020533281432,4340.52,1,0.38,1.83,0.96,77.2,2
853,0.91,0.914428711,0.904330432,7.512440205,3.810658642,272.79599,270.279054,-642.213623,-635.8128052,-639.2965017,0.621810226,0,47.2575772,9.948963619,23904.6,705.5,115.432,297.5,94.5,0.388006722689076,25641.16,0.93,0.46,6.4,0.6,42139.49,4
854,4.57,3.04800415,1.179006338,6.999353409,4.825428322,131.0639954,127.1163397,-501.091217,-491.0328064,-496.2094899,18.0230135,1,15.8384058,43.14600201,27216.1,634.1,177.915,201.586,90.8,0.882576170964253,28523.46,0.95,0.49,10.06,0.85,3858.44,3
855,3.96,3.657592773,0.285989553,19.10745621,7.239762014,112.776001,103.87555,-482.4984131,-449.2752075,-472.8560257,12.7967615,1,38.39028452,20.94015519,63885.5,1143.8,244.323,405.32,150.9,0.602790387841705,74762.01,0.85,0.29,33.22,0.62,1511.31,2
856,9.14,6.705596924,0.63944751,17.82322311,7.646864833,122.8343811,117.4108203,-492.5567932,-478.5360107,-486.4828805,27.99972127,1,13.71986342,5.879941465,53086.8,914.5,199.179,340.228,80.5,0.58542800710112,55233.13,0.96,0.44,14.02,0.8,2746.89,2
857,7.92,4.87677002,1.178972125,13.34049034,7.514643704,176.7839661,173.1076767,-547.4207764,-538.581604,-542.5707424,33.02060802,1,20.5263239,6.247142057,16655.5,508.5,122.893,181.64,81.9,0.676574543052191,17691.73,0.94,0.55,8.84,0.81,11687.27,3
858,50.29,36.88079834,0,20.35306549,8.088595289,500.7864075,478.2963338,-870.5087891,-821.4360352,-847.1858073,17.08202451,1,23.58008571,13.93144939,603893,2981,862.209,902.797,126.9,0.955041941876191,622038.73,0.97,0.48,49.07,0.86,170813.86,4
859,7.01,3.962432861,0,17.75228691,5.436759029,143.256012,129.4721352,-512.3688354,-478.2312012,-498.384732,11.57414343,2,51.93054832,5.266541457,242724.1,2668.4,300.903,1107.321,111,0.271739631055493,287511.71,0.84,0.41,34.14,0.43,4156.66,3
860,0.3,0.30480957,0,5.102405548,2.418493886,459.3335876,456.5330799,-828.1416016,-820.5216064,-825.4027487,0,0,46.0330063,42.33899962,52310.1,886.7,234.818,306.917,154.3,0.76508632627062,54801.68,0.95,0.36,7.62,0.84,153298.15,4
861,6.1,4.876831055,0,9.3706007,4.74393701,208.1783752,203.9057692,-578.2056274,-567.8424072,-572.9838726,16.77514999,1,41.75941593,2.855344678,41645.8,877,180.197,350.027,110.6,0.514808857602414,45721.86,0.91,0.51,10.36,0.68,19294.81,3
862,1.52,0,0.285970241,4.087857723,2.640905024,106.0704041,105.3177247,-475.183197,-473.0495911,-474.4056552,48.6616132,0,42.57891155,4.055134433,7331,312.9,92.398,109.212,117.4,0.846042559425704,7370.05,0.99,0.38,2.13,0.94,1625.52,2
863,8.23,0,1.278825283,7.394500732,4.11397525,459.3335876,457.0797932,-828.1416016,-823.2648315,-825.9736655,0,0,0,93.64691229,10634.6,416.1,79.225,162.85,23.8,0.486490635554191,11045.33,0.96,0.45,4.88,0.77,153726.56,4
864,10.97,5.181640625,0,25.21382141,8.124507809,358.4447937,343.1904185,-728.1672363,-663.244812,-712.1081543,14.49756961,0,21.62265502,13.11213634,300408.6,4550.5,348.999,1700.148,33.1,0.205275658354449,458735.48,0.65,0.25,64.92,0.18,77389.91,4
865,10.97,6.400817871,0.285957962,22.41890335,7.159163979,323.6976013,289.0179557,-693.1152344,-594.3599854,-657.9724389,5.949443548,2,28.45533857,13.66672175,437221.6,5300.8,410.54,2117.761,180,0.193855680598519,638858.74,0.68,0.36,98.76,0.2,50184.04,4
866,5.18,1.828796387,0,27.48711205,8.175024981,148.7424011,139.8547013,-518.4647827,-484.9367981,-508.8736509,6.641878715,1,9.73378777,8.817666569,129800.7,2724.9,209.301,1013.567,49,0.206499422337152,177181.74,0.73,0.29,33.53,0.22,5603.23,3
867,1.22,1.219238281,0,8.07553196,3.488452254,281.0256042,277.2827414,-650.1384277,-637.9464111,-646.2028667,11.85743006,1,33.82283328,17.88333713,76467.9,1650.4,169.167,705.655,87.7,0.239730463186685,96172.95,0.8,0.33,12.19,0.35,45063.96,4
868,4.27,2.133605957,0,11.29134178,4.312087014,297.4847717,293.268553,-666.5975952,-653.1864014,-662.185956,12.50641265,1,28.87282921,2.779202812,96270.3,1871.6,191.218,827.076,81.7,0.231197616664007,123188.01,0.78,0.33,13.41,0.35,52106.53,4
869,5.79,3.962402344,0.90434438,13.47658539,8.639690614,302.9712219,298.5826382,-673.3032227,-662.3303833,-668.0962078,24.78103085,1,15.24986514,12.39051543,15595.3,454.1,130.307,142.697,90,0.913172666559213,15652.4,1,0.48,10.97,0.95,54560.85,4
870,6.1,4.87677002,0.808799744,17.39664078,9.474356467,175.8695984,168.6479319,-545.8967896,-527.3040161,-537.9155648,12.93703909,1,19.40555863,10.24182261,27575,625,171.655,197.533,9.2,0.868994041501926,28270.38,0.98,0.43,18.59,0.89,10742.89,3
871,2.44,1.524017334,0.639492273,6.27315855,3.644898377,129.8447876,126.2961683,-499.2624207,-490.7279968,-495.3306556,0,0,27.59007352,51.80177069,26398.7,635.3,156.732,231.713,43,0.676405726049035,27744,0.95,0.47,8.53,0.82,3757.22,3
872,0.91,0,1.179055452,11.180686,4.419160713,216.7127991,215.1602192,-586.1304321,-581.8632202,-584.4730606,0,0,69.86936871,9.527641192,4680.3,270.9,60.27,99.192,11.1,0.607609484635858,4930.56,0.95,0.4,4.27,0.8,22548.09,3
873,0.3,0,0.28600198,4.156851768,1.374808441,341.3760071,341.1502222,-710.4888306,-709.2695923,-710.0824178,0,0,104.9298546,0,3824.8,228.6,57.318,81.45,1.8,0.703720073664825,3825.66,1,0.36,1.22,0.92,76258.95,4
874,9.14,7.010406494,2.061426163,14.75758839,9.458976619,109.7279968,103.887072,-480.0599976,-467.2583923,-473.3479201,28.02223935,1,17.96297394,7.185189575,20687.2,525.6,151.045,174.216,108.6,0.86699843871975,20747.06,1,0.53,12.8,0.94,1512.2,2
875,2.44,2.133605957,0.28599757,15.62658501,5.829997696,144.1703796,137.2055229,-513.2832031,-491.9472046,-506.2354972,10.38373094,2,20.76746188,8.930008611,71574.2,1869.6,136.507,845.124,108.7,0.161523042772422,100461.35,0.71,0.33,21.34,0.26,5213.64,3
876,0.91,0.30480957,0.639446259,12.82479763,5.088718641,197.8152161,194.5653715,-567.2327881,-557.479187,-563.5710895,0,0,32.90793836,37.70701271,21681.1,588,118.584,234.551,116.5,0.505578744068454,22291.48,0.97,0.38,9.75,0.79,16787.19,3
877,1.52,0.914367676,0.404464155,3.533147573,1.990062337,202.0823669,201.3082056,-571.5,-569.366394,-570.2625208,0,0,99.57216231,0,14928,465.7,122.231,161.1,128.7,0.758727498448169,15435.77,0.97,0.61,2.13,0.87,18579.93,3
878,3.96,1.523986816,0,8.139484406,4.821395332,115.214386,114.0229,-485.2416077,-481.5840149,-483.45437,23.65945066,1,37.85512103,2.365945065,6282.5,285,81.893,93.299,0.2,0.87774788582943,6284.36,1,0.5,3.66,0.97,2403.24,2
879,0.3,0,0,19.79620934,7.38210618,97.53598022,91.33925409,-466.3439941,-450.7991943,-460.3539103,0,0,2.53596674,58.32723502,17584,528.4,133.667,186.208,119.9,0.717837042447156,18689.71,0.94,0.39,15.54,0.79,693.76,2
880,5.79,0,0.285946786,4.601597309,2.509226559,289.2552185,288.3331787,-658.367981,-655.9296265,-657.3012131,0,0,5.087064398,83.93656252,5843.9,294.3,73.206,111.657,76.3,0.655632875681776,6010.52,0.97,0.46,2.44,0.85,49877.71,4
881,0.61,0,0.28594628,3.451631784,1.238153169,228.9048157,228.7524109,-598.0175781,-597.1032104,-597.6958822,19.65846639,1,44.93363746,0,5292.8,271.3,69.596,93.188,90,0.746834356354895,5368.14,0.99,0.4,0.91,0.91,26814.85,3
882,3.05,0.30480957,0,7.378162384,1.981170469,434.6448059,433.5060295,-803.7576294,-800.4047852,-802.3874209,26.58366887,0,54.10009805,4.663801557,31871.3,944.6,99.016,418.796,14.8,0.236430147374856,36447.93,0.87,0.42,3.35,0.45,135796.69,4
883,1.22,0.30480957,0.571992815,6.01099062,3.312562334,293.5223694,292.7150937,-662.9400024,-660.1968384,-661.9020419,0,0,44.9916007,50.61555079,5286,264.3,69.66,91.863,89.9,0.758303125306162,5300.05,1,0.39,2.74,0.95,51854.16,4
884,16.46,11.58239746,0,14.85804844,6.059998419,174.9551697,161.2751977,-544.6776123,-519.0744019,-530.2692373,5.434413622,3,31.38373867,4.483391238,218815,3063.6,458.35,872.211,34.5,0.525503576542832,284183.15,0.77,0.56,25.6,0.29,9268.91,3
885,3.35,1.219177246,1.739174843,11.78153515,6.603608664,151.1808167,147.5864586,-521.2080078,-511.4544067,-516.8286634,2.948173519,0,23.58538813,30.46445967,15125.4,457.6,128.103,161.441,57.2,0.793497314808506,15391.19,0.98,0.45,9.75,0.91,6820.52,3
886,9.75,8.22958374,1.808166742,17.09670258,9.868955428,135.6359863,127.9129916,-506.8824158,-488.5943909,-497.3663404,13.5151758,2,6.584316415,6.237773445,42892.6,1018.5,190.946,343.247,23.2,0.556293281514478,52825.96,0.81,0.52,18.29,0.52,3958.04,3
887,2.13,0.914428711,1.739170194,8.38506794,4.891700748,148.132782,146.1322722,-518.1600342,-511.4544067,-515.3309455,0,0,6.922298749,67.83852776,10736.4,388.2,102.312,139.419,48.6,0.733845458653412,10960.4,0.98,0.43,6.71,0.9,6582.45,3
888,14.63,11.88717651,1.808212757,17.72479057,11.91292957,115.5191956,105.9786407,-485.8511963,-466.0392151,-475.5144428,22.07723799,1,34.39941733,7.18793795,28951,640.2,183.575,193.886,80.5,0.946819264928876,29848.13,0.97,0.52,19.81,0.89,1679.25,2
889,1.22,0,0.857958257,5.929930687,2.621191028,103.0223999,102.7853292,-472.4400024,-470.9160156,-471.9489356,5.945587763,0,77.29264087,5.945587759,2500,178.9,53.314,59.408,43.1,0.897421222730945,2500.03,1,0.34,1.52,0.98,1427.73,2
890,6.1,5.18157959,0.286004573,10.81993866,6.045202961,212.7503967,208.2075112,-583.0823975,-572.1096191,-577.4251604,22.51106939,1,9.647601167,16.07933528,23110.6,561.6,151.141,183.569,99.6,0.823347079299882,23464.56,0.98,0.52,10.97,0.92,20508.39,3
891,2.44,1.523986816,1.179049015,7.252598763,3.842576995,121.9199829,120.4460349,-491.642395,-487.3752136,-489.6407348,19.45116669,1,22.44365388,28.42862825,9934.3,385.7,97.376,131.438,71.6,0.740851199805232,10268.98,0.97,0.48,4.27,0.84,3074.26,2
892,0.3,0,0,11.12506485,5.019909383,324.3072205,321.7284345,-693.4199829,-683.9711914,-690.6728002,0,0,10.28466421,41.13865682,11562.2,444.4,95.234,169.792,111.8,0.560886260836788,12676.84,0.91,0.29,9.45,0.74,65909.49,4
893,0.3,0,0,5.535830498,3.351552701,223.723175,222.7493145,-592.8359985,-589.4832153,-591.802657,0,0,14.37362199,21.56043299,6204.8,290.4,80.785,93.996,90.1,0.859451466019831,6282.17,0.99,0.32,3.35,0.93,24884.85,3
894,0.3,0.30480957,0.404470384,6.324463844,3.553496385,116.4335938,115.3219688,-485.5464172,-482.1936035,-484.4168558,0,0,43.06041332,43.06041331,7594.2,320.4,91.983,109.167,114.7,0.842589793618951,7673.57,0.99,0.35,3.35,0.93,2532.3,2
895,4.88,2.133605957,0.639457285,12.12688828,5.51343743,168.2496033,165.9218411,-538.2767944,-529.4376221,-534.9887273,19.7861772,1,16.37476733,4.775973806,21785.9,592.3,125.373,239.315,116.7,0.52388274867852,22374.16,0.97,0.38,8.84,0.78,10185.22,3
896,17.68,11.58239746,0.285946012,13.20590019,3.723057577,165.2015686,156.6131073,-537.0576172,-518.4647827,-525.6030847,6.164041628,1,60.73836141,9.321233682,98868.6,1559.2,263.554,526.56,152.6,0.500520358553631,114975.48,0.86,0.62,18.59,0.51,8392.96,3
897,9.75,7.315185547,2.081217527,15.56039047,9.063817836,103.327179,96.49209215,-474.2687988,-457.8096008,-465.8354794,23.95897999,1,7.291863474,12.50033738,28538.4,627.2,179.18,211.292,154.6,0.848020748537569,29157.09,0.98,0.52,16.46,0.91,991.75,2
898,10.06,6.400817871,0.404467821,17.44042969,7.996944713,153.6191711,147.1992235,-523.0368042,-503.8344116,-516.2673082,31.11592272,1,8.409708841,12.40432054,70699.9,992.2,268.206,333.016,173.7,0.805384726259399,72322.9,0.98,0.35,19.2,0.9,6756.71,3
899,0.91,0.914428711,0,11.11468983,6.037121918,192.3287659,190.0210171,-562.0512085,-554.4312134,-559.1813339,0,0,36.49301619,44.31294824,11404.8,396.4,114.794,130.335,155.2,0.880761115586757,11629.13,0.98,0.38,7.62,0.91,15630.25,3
900,1.52,0,0,7.961522579,1.438418483,466.0392151,465.6363395,-834.847229,-831.4943848,-834.4814607,0,0,82.46429971,0.877279784,16943.4,510.8,137.597,167.6,75.7,0.820984486873508,17982.61,0.94,0.11,3.35,0.82,160509.48,4
901,8.84,7.315216064,1.917800665,14.55353928,7.864190004,117.3479919,112.3960664,-488.2896118,-476.4024048,-481.7986545,28.85104414,1,26.73999213,8.444208038,21123.3,530.8,154.658,178.303,90.1,0.867388658631655,21391.16,0.99,0.55,11.89,0.94,2246.39,2
902,1.22,0.30480957,1.031114459,11.56979084,4.636731749,168.2496033,167.1319949,-537.6672363,-533.4000244,-536.276563,0,0,0,92.56862782,6744.1,304.3,81.534,95.673,92.9,0.852215358565112,6812.85,0.99,0.33,4.27,0.92,10430.94,3
903,4.57,1.828796387,1.617431164,9.383547783,6.101763261,135.6359863,133.0162574,-505.9680176,-498.9576111,-502.3721383,14.21992902,1,7.756324917,15.51264984,11498.3,394.3,105.987,129.467,90,0.818641043663636,11581.8,0.99,0.52,7.01,0.93,4626.21,3
904,6.71,4.876800537,1.179078937,10.2982378,6.220686893,125.2727966,120.8795324,-495.9096069,-485.5464172,-490.1071171,25.12378214,1,38.31376777,6.280945534,23665.5,568.6,163.785,182.194,9.3,0.898959351021439,24238.54,0.98,0.57,10.36,0.92,3122.52,2
905,0.91,0.304748535,0.571941793,12.46154118,5.986938404,145.0848084,140.9118434,-514.5023804,-503.2247925,-509.8662427,0,0,15.87746442,43.00146614,22468.3,656.5,144.439,235.493,58.1,0.613347318179309,25464.11,0.88,0.41,11.28,0.66,5762.61,3
906,4.27,1.523986816,0,7.586782932,3.68139788,98.14559937,96.4207425,-467.2583923,-462.9912109,-465.4207972,21.00174884,1,39.08658812,4.6670553,25479.3,656.8,141.281,231.47,162.7,0.610364194064026,27859.57,0.91,0.44,4.27,0.74,987.26,2
907,1.22,0,0,1.429765105,0.752756982,490.4231873,490.1887184,-859.2312012,-858.9263916,-859.0787964,98.86796348,0,12.89582132,0,3457.9,225.6,52.595,82.223,166.1,0.639662868053951,3593.36,0.96,0.74,0.3,0.86,180785.45,4
908,2.13,0.30480957,0.808909297,7.068087578,4.480425405,107.8992004,106.9937556,-477.6216125,-474.878418,-476.429298,44.13193506,0,8.826387009,2.942129005,5052.2,258.7,69.699,81.835,0,0.851701594672206,5053.76,1,0.45,2.74,0.95,1763.48,2
909,4.27,0,0,3.841976166,1.862283016,154.8384094,154.1384809,-523.6464233,-521.817627,-523.0819657,0,0,98.22117046,0,4086,234.6,61.588,84.501,41.4,0.728843445639696,4090.13,1,0.33,1.83,0.94,7945.67,3
910,4.27,2.743225098,1.61745429,11.84393311,6.589781387,110.642395,107.5147275,-480.6696167,-472.744812,-476.894241,30.92538738,1,5.726923586,19.4715402,12977.4,415.3,118.234,130.741,89.5,0.904337583466548,13058.8,0.99,0.48,7.92,0.95,1807.5,2
911,4.27,2.43838501,0.639509082,11.24337673,5.466297604,112.1663818,108.0414324,-482.1936035,-472.1351929,-477.1423926,8.046024968,3,32.46154901,2.774491368,53574.3,1108.2,244.115,385.972,131.4,0.632468158312002,63505.19,0.84,0.51,10.06,0.55,1852.56,2
912,4.57,3.657592773,0,16.15929413,6.061575915,424.2815857,410.6618276,-794.0040283,-757.7327881,-779.6308679,8.451655741,3,19.84573978,6.385695449,237428,4039.9,258.989,1744.507,152.9,0.148459708100913,360236.53,0.66,0.4,36.27,0.18,119482.1,4
913,1.22,0.609619141,1.03102994,7.681059361,4.29450841,133.5023804,132.1968308,-502.9200134,-498.9576111,-501.355365,0,0,8.378769342,70.38166246,8870.1,344.8,97.424,116.079,71.6,0.839290483205403,8968.97,0.99,0.41,3.96,0.94,4515.41,3
914,0.61,0.30480957,0.639514863,18.55147743,7.542385327,149.9615784,144.9924284,-519.0744019,-502.6152039,-513.9559206,0,0,0,52.52381619,29431.8,777.7,135.927,305.152,108.4,0.445440305159396,32505.01,0.91,0.31,16.46,0.61,6398.79,3
915,7.32,4.267211914,0.808889747,13.1194706,7.302007286,138.0744019,134.0211202,-507.4920044,-497.7384033,-503.2759219,30.92062241,1,18.93099331,6.941364214,23555.3,607.2,128.45,240.03,83.8,0.535141440653252,24383.64,0.97,0.44,9.75,0.8,4763.92,3
916,2.44,0,0.286010265,3.037348986,1.504202289,152.7048035,152.3872935,-521.817627,-520.5983887,-521.309611,0,0,100.961285,0,3533.4,223.4,55.591,81.233,90.4,0.684340108084153,3607.14,0.98,0.45,1.22,0.89,7636.54,3
917,1.52,0.914367676,0,6.49394846,1.918356613,285.2928162,284.0727683,-654.4055786,-649.5288086,-652.9386033,40.54281787,0,27.66132055,4.067841258,109621.9,1959.5,261.703,797.62,56.9,0.328104861964344,150540.93,0.73,0.31,4.88,0.36,47992.88,4
918,15.85,12.80157471,0.639448524,21.33086014,6.866402389,137.7695923,124.8913499,-508.101593,-481.8887939,-493.9190458,5.381835367,1,40.71475452,3.041906947,127047.8,1998.6,212.076,893.961,98.1,0.237231825549437,144690.17,0.88,0.54,26.21,0.4,3586.97,2
919,0.3,0,0,12.03781796,6.125995383,196.9007874,191.1391839,-566.0136108,-549.2496338,-560.1158741,0.497876999,0,18.91932598,54.26859292,29855.1,738.5,130.038,281.055,83.6,0.462678123498959,31761.33,0.94,0.35,16.76,0.69,15911.09,3
920,4.27,3.04800415,1.458043814,12.64494896,5.595642311,119.1767883,115.9362861,-488.8992004,-480.9743958,-485.0544476,22.33680986,1,24.688053,11.75621571,25287.3,700.4,118.818,294.348,81.8,0.403665049533206,26855.03,0.94,0.49,7.92,0.65,2594.51,2
921,7.32,7.010406494,0,18.81126595,10.9707593,117.3479919,109.925467,-487.9848022,-469.6968079,-479.2686697,16.45447229,1,25.38690011,9.872683371,31617.2,669.3,166.773,239.841,90.1,0.695348168161407,32302.36,0.98,0.48,18.29,0.89,2018.3,2
922,0.61,0.30480957,0,3.232274294,1.626148798,285.9023743,285.4741215,-655.0151978,-653.4912109,-654.4094563,22.63635448,1,76.71209019,0,11819.7,437.8,90.962,178.651,58.2,0.509160318162227,12163.11,0.97,0.43,1.52,0.78,48608.84,4
923,2.44,2.133605957,0.286011577,6.400448322,3.670531139,104.8511963,102.8783417,-474.2687988,-469.3919983,-471.9159993,24.83941976,1,42.7790007,6.209854942,21542.7,550.8,151.047,193.162,71.6,0.781970573922407,22089.62,0.98,0.49,4.88,0.89,1434.77,2
924,2.13,1.828796387,0.404479921,21.82097816,7.951154011,184.0992126,178.0544547,-554.1264038,-538.8864136,-547.1492587,4.189701795,1,16.29328475,19.08641928,31930,995,120.801,432.283,98.1,0.279448879553441,38155.55,0.84,0.46,15.24,0.41,12781.31,3
925,11.89,9.753601074,0.639482796,18.17384911,9.561467598,122.5296021,112.9018543,-493.1664124,-471.2207947,-482.140531,11.66889566,2,27.31018134,8.193054401,59869.8,1063.6,197.849,412.143,15.5,0.480049400329497,66287.78,0.9,0.5,21.95,0.67,2294.59,2
926,1.22,0.30480957,0,16.06913948,5.753019704,490.1183777,483.4365889,-859.2312012,-837.2855835,-852.3788731,12.90838367,0,22.12865772,38.17193457,80605.8,1373.7,192.516,584.642,59.3,0.329288692909507,89166.25,0.9,0.31,21.95,0.54,175089.18,4
927,4.57,3.04800415,0.286012352,8.470191956,5.125365511,130.7591858,127.3010968,-500.4815979,-491.642395,-496.4360781,14.70647049,1,22.67247534,35.54063702,24257.3,589.5,139.446,219.979,80.5,0.633905963751085,24693.93,0.98,0.46,8.84,0.88,3881.43,3
928,0.91,0.30480957,0,6.640924931,4.014598017,150.5711975,148.8800433,-519.9888306,-515.1119995,-517.978111,0,0,26.96837864,42.8321308,9369.9,361.2,102.625,116.836,75.4,0.878367968776747,9654.13,0.97,0.42,4.88,0.9,7035.86,3
929,0.3,0.304748535,0,4.282062531,2.569916255,372.7704163,371.0252132,-741.8831787,-737.3112183,-739.9815814,0,0,44.13018843,48.54320727,16841.2,519.4,98.711,212.511,26.7,0.464498308322863,17088.83,0.99,0.43,4.57,0.79,93651.43,4
930,6.1,3.352783203,0.808840752,14.68450165,7.509225151,189.2807922,182.2649856,-559.9176025,-542.8488159,-551.6032404,11.21984282,1,15.94398717,9.448288693,25171.4,733.6,163.222,241.993,139,0.674490584438393,29251.37,0.86,0.49,17.07,0.59,13751.08,3
931,7.32,2.743164063,0.28600949,22.06761169,7.772261633,143.256012,127.2369064,-512.673584,-474.5736084,-496.2022301,7.137391558,2,29.5228469,8.564869869,229083.1,4159.5,239.722,1658.38,100.5,0.144551912106996,327356.95,0.7,0.43,38.1,0.17,3873.43,3
932,3.35,2.133605957,0.404480636,11.35355949,5.088245804,62.48397827,60.6238563,-432.5112,-425.805603,-429.7252748,0,0,29.19917588,24.48963138,15780.9,492.8,114.607,185.297,63.8,0.618504347075236,16432.37,0.96,0.42,6.71,0.82,19.15,2
933,0.61,0,0.285983443,17.47599411,4.42860119,131.3688049,129.2919677,-500.4815979,-493.4711914,-498.2912298,0,0,52.18077463,6.76417449,15382.4,550.2,82.08,217.781,26.6,0.376892382714746,16760.73,0.92,0.32,7.01,0.64,4133.46,3
934,6.1,0,0.639398992,3.232321024,1.662370042,289.8647766,288.7116333,-658.6727905,-656.5391846,-657.6364868,0,0,73.82767987,18.45691997,8858.8,388.1,78.365,152.919,128.8,0.512460845284105,9383.02,0.94,0.51,2.13,0.74,50046.89,4
935,10.06,5.79119873,1.808286428,14.64374352,8.082269673,126.1871948,121.5470107,-496.8240051,-486.7655945,-490.9325407,29.85150332,1,21.22773569,13.93070154,22407.1,597.3,119.921,236.971,79.1,0.506057703263268,22933.12,0.98,0.59,10.06,0.79,3197.56,2
936,3.66,1.523986816,3.257431746,8.076018333,5.049406573,127.101593,125.9226506,-497.4335938,-493.1664124,-495.311509,28.10080001,1,35.59434668,3.746773334,7934.4,327.4,94.052,106.184,90.1,0.88574549838017,8034.87,0.99,0.51,4.27,0.93,3711.57,2
937,0.91,0.914428711,0,10.37414837,4.5427797,328.8791809,325.0355939,-697.6871948,-687.3240356,-693.9504082,7.836216323,2,33.8916356,9.207554179,75874.1,1607.8,193.854,700.829,51.8,0.276606704345853,91336.94,0.83,0.36,10.36,0.37,67618.51,4
938,3.05,1.219207764,1.031117797,11.1986618,5.616493468,124.3583984,122.9118875,-494.3856201,-489.20401,-492.2158436,10.65626632,1,47.95319847,15.9843995,8369.2,336.2,93.87,106.629,89.3,0.880342120811411,8456.36,0.99,0.43,5.18,0.93,3353.79,2
939,2.13,1.219238281,0,9.39192009,2.654214394,201.4728088,195.9504785,-570.5856323,-557.479187,-564.8617101,8.847253159,2,78.02637726,0.532967058,139447.1,2813.7,351.271,942.837,122.5,0.372568110924794,236224.18,0.59,0.44,13.11,0.22,17148.03,3
940,4.27,3.352813721,0.808923185,8.085835457,5.138288201,105.4607849,102.6562695,-474.878418,-467.8680115,-471.7672802,28.75457908,1,31.150794,7.787698501,24812.7,594.8,157.613,211.116,24.1,0.746570605733341,25371.5,0.98,0.45,7.01,0.88,1417.99,2
941,2.13,0.914398193,0.639528751,7.285883904,4.335512788,123.4440002,121.6564678,-492.8616028,-487.9848022,-490.7438822,2.084387855,0,44.81433885,17.71729676,14262.4,470.1,105.845,178.677,90,0.592381783889365,14720.25,0.97,0.44,4.88,0.81,3209.96,2
942,11.28,0.609619141,0,13.91938496,3.189146679,475.4880066,474.2339136,-844.6008301,-837.5903931,-843.1374636,61.99241639,0,10.41472595,4.95939331,29971.7,725.7,157.257,271.686,116.5,0.578818930677326,32816.61,0.91,0.21,7.01,0.72,167472.4,4
943,0.91,0.304748535,0,17.15659142,4.133800965,172.5168152,169.5314389,-541.6295776,-531.2664185,-538.4338847,0,0,0,74.80823147,48482,904.8,189.834,331.158,102.8,0.573242983711703,51359.25,0.94,0.31,10.36,0.75,10926.82,3
944,3.96,3.352813721,0.286012352,8.280379295,4.456820538,114.2999878,111.187737,-484.3272095,-477.0119934,-480.3021991,19.9103245,1,14.52915571,13.45292196,27622.5,839,141.63,352.803,37.7,0.401442164607444,32983.98,0.84,0.56,7.32,0.49,2133.31,2
945,2.44,2.133605957,0.571957827,9.222653389,4.948559068,405.6888123,403.6286752,-776.020813,-769.6199951,-772.7387679,6.225005922,1,35.5714624,15.11787152,16714.7,493.5,117.854,178.935,180,0.658641406097186,17127.26,0.98,0.52,6.4,0.86,114669.38,4
946,1.22,0.914428711,0,5.771605492,2.695252855,188.9759827,188.179771,-558.3936157,-555.6503906,-557.1712902,23.17044822,1,68.45814247,6.31921315,14113.3,469.6,93.686,179.63,90,0.521549852474531,14260.52,0.99,0.46,2.74,0.81,15173.26,3
947,0.3,0,0,12.5018959,4.141901447,128.3208008,127.6635714,-497.7384033,-494.0808105,-496.7763805,0,0,39.0091252,39.0091252,4953.6,264.2,62.569,98.006,18.4,0.638420096728772,5031.85,0.98,0.27,3.66,0.89,3926.72,3
948,0.3,0.30480957,0,6.117554665,2.470217188,376.428009,374.423217,-745.5408325,-738.2255859,-743.3117455,0,0,0,67.70166504,39519.6,833.2,230.743,241.387,159.7,0.955904833317453,44062.99,0.9,0.31,7.32,0.72,95742.73,4
949,5.49,2.743225098,1.458099604,14.08130074,7.551352386,188.6711731,185.0220535,-559.0032349,-548.3352051,-554.3691141,24.52833689,1,4.716987862,24.52833689,15756,468.4,126.481,161.032,38.8,0.785440160961796,16019.42,0.98,0.44,10.67,0.9,14405.29,3
950,4.57,2.74319458,0.404458582,10.83108807,5.622300552,135.3312073,128.539198,-504.7488098,-487.3752136,-497.6091606,15.7203147,1,16.63163729,21.87174219,65242.1,1458.6,240.803,517.547,41.4,0.465277549671817,90286.02,0.72,0.41,17.37,0.39,4037.23,3
951,1.52,0.30480957,0,2.556418657,1.555769459,233.7815857,233.1623609,-602.8944092,-601.0656128,-602.0826699,49.41564952,0,39.95307834,4.205587192,14137.5,454.2,118.323,166.292,0.2,0.711537536381786,14514.16,0.97,0.47,1.83,0.86,28278.58,3
952,13.11,9.448852539,0.286011308,16.727705,8.425345032,153.9239807,143.4530849,-523.9512329,-500.1768188,-512.5587484,7.203016578,3,39.98409203,4.41001015,101116.4,1476.7,301.535,496.674,127.4,0.607108485646521,121311.41,0.83,0.48,23.77,0.58,6154.89,3
953,0.61,0,0.404481739,15.47742367,8.92164367,118.2623901,107.6777029,-487.3752136,-462.3815918,-476.565981,0,0,0,26.36225293,44543.5,951.7,210.375,321.872,111.6,0.65359832479992,49438.2,0.9,0.43,24.99,0.62,1821.39,2
954,2.44,0.914398193,0.572021306,7.313348293,4.038296227,119.4815979,118.6712669,-489.20401,-485.8511963,-487.9848,0,0,73.1691271,20.18458678,5891.3,279.4,81.616,81.957,180,0.995839281574484,5891.72,1,0.37,3.35,0.95,2880.6,2
955,1.22,0.609558105,0.808892965,5.357958794,3.107052897,166.7256165,165.9552818,-536.1431885,-533.704834,-535.0680919,0,0,39.32020996,55.40575038,8316.6,359.9,90.699,135.389,104.3,0.669914099372918,8832.77,0.94,0.46,2.44,0.81,10191.97,3
956,2.74,1.219238281,1.179123759,10.97066021,6.692841417,177.0887756,174.5691121,-547.1160278,-539.1912231,-543.8800446,1.769850914,0,28.31761464,26.54776371,8398.5,331.2,93.684,106.335,90,0.881026943151361,8420.45,1,0.41,7.92,0.96,12005.39,3
957,2.74,2.133605957,0,7.65515995,3.590866054,288.6455994,286.7957157,-657.7584229,-653.7960205,-655.8031486,32.52307897,1,26.12509622,1.599495688,27879.1,774.6,119.317,337.707,64.5,0.353315151892025,29498.03,0.95,0.51,3.96,0.59,49193.34,4
958,7.01,5.181640625,0.286011577,12.4432888,6.014626702,413.0039978,401.4143806,-782.4216309,-755.2944336,-770.4496432,7.427705187,1,9.18689852,27.16976371,76044.7,1290,203.447,526.755,38.3,0.386226993573863,86797.16,0.88,0.44,27.13,0.58,113174.64,4
959,4.27,3.962402344,0.404462963,12.9499588,6.153404891,123.1391907,115.855776,-492.5567932,-476.4024048,-484.920507,13.3475722,1,23.75867851,22.42392129,55681.1,1100.2,161.043,476.263,70,0.338138801460538,59582.27,0.93,0.48,16.15,0.58,2586.31,2
960,0.91,0,0,3.723833323,2.013830108,290.4743958,289.8150947,-659.5872192,-657.1488037,-658.7523207,14.1632995,1,67.54804375,14.1632995,13643.3,433.6,118.24,155.054,0.5,0.762573039070259,13843.68,0.99,0.36,2.44,0.91,50541.83,4
961,0.3,0,0.639469922,5.622897625,3.59173165,121.3103943,120.0027013,-490.7279968,-486.4608154,-489.1941745,0,0,22.84420148,9.79037206,4554.7,269,57.091,104.351,179.1,0.547105442209466,4759.98,0.96,0.37,4.27,0.79,3025.3,2
962,9.45,7.315185547,0.286012858,17.36600685,6.872188544,128.0159912,117.8107769,-497.4335938,-458.41922,-486.7883458,7.146830385,3,9.376116927,11.14643271,226700.7,3528.1,370.946,1290.492,67.9,0.287445408417875,354806.07,0.64,0.27,39.01,0.23,2788.98,2
963,1.83,0.30480957,0,11.18126869,4.400913574,369.1128235,366.9703583,-738.2255859,-732.1296387,-735.9801028,10.21150371,0,21.39553158,22.36805575,30568.2,941.9,113.466,409.19,72.3,0.277294166524109,35748.44,0.86,0.37,6.1,0.43,91186.1,4
964,13.41,10.05838013,0.286017805,18.55213165,9.954348493,89.30639648,79.88895379,-458.723999,-438.6072083,-449.1419166,22.76555633,1,13.14630718,8.977965878,46357.5,795.1,223.213,283.286,117,0.787942220935733,46934.56,0.99,0.48,20.12,0.92,221.68,2
965,3.05,0.30480957,0.571968734,9.830824852,4.499556275,361.1880188,360.0111372,-730.6055908,-726.947998,-729.2763451,0,0,40.43389495,28.88135354,5146.6,272.2,62.739,101.451,71.7,0.618416772629151,5239.03,0.98,0.37,3.66,0.87,87031.57,4
966,0.3,0.30480957,0.404404789,9.471766472,4.374393501,186.5375671,181.8195717,-555.6503906,-544.9824219,-550.7920356,0,0,0.936015842,68.79716436,31760.5,720.9,167.846,261.097,40,0.642849209297694,32545.92,0.98,0.46,10.67,0.77,13646.81,3
967,2.44,0.609619141,0,5.304964066,3.126434079,32.918396,31.90645182,-402.0312195,-399.2879944,-400.9826925,41.24143267,0,19.95553194,13.30368796,11172.9,390.1,104.925,129.449,90.1,0.810550873316905,11351.96,0.98,0.4,2.74,0.92,1095.18,2
968,0.61,0.30480957,0,5.868787289,1.978339563,333.1463928,332.2717548,-702.2592163,-699.5159912,-701.1857868,0,0,33.25279883,52.5044192,16986.2,521.1,119.733,198.373,45,0.603575083302667,17854.02,0.95,0.41,2.74,0.79,71434.19,4
969,11.89,8.534393311,1.458056688,16.18351173,10.06908198,109.7279968,103.7664611,-480.9743958,-467.5632019,-473.3431991,28.16574044,1,28.90694414,9.635648047,20054.1,518.3,142.445,166.997,179.9,0.852979394839428,20319.74,0.99,0.57,13.41,0.94,1502.84,2
970,11.28,8.839202881,0.28598994,14.46098614,8.302190842,112.776001,106.2026626,-483.4128113,-468.7824097,-475.4569498,27.0000185,1,9.507048767,15.97184193,39087.2,754.3,203.466,262.557,90,0.774940298678001,40512.08,0.96,0.55,14.63,0.87,1697.66,2
971,3.66,1.828796387,0.285991758,8.540365219,4.513913192,106.9848022,104.4494123,-476.4024048,-469.3919983,-473.5050734,22.28163943,1,15.42575037,21.13899125,26017,787.5,131.965,332.824,71.8,0.396500853303848,29767.99,0.87,0.42,7.01,0.53,1556.26,2
972,2.74,1.219238281,0,8.19320488,2.693905107,343.2048035,340.2317262,-712.6224365,-698.9064331,-709.1213061,1.281005129,1,70.19908106,12.42574975,116035,2277.1,373.352,837.19,180,0.445958504043288,207688.9,0.56,0.26,13.72,0.28,75752.5,4
973,10.06,7.315185547,0.858001828,13.95217896,8.206080017,115.8240051,109.6948069,-486.1560059,-471.2207947,-478.9182339,19.61100843,1,27.78226195,6.537002811,36381.5,718.1,179.497,256.789,26.3,0.699005798534984,37457.86,0.97,0.49,14.94,0.89,1997.63,2
974,10.97,10.05841064,0.285990179,15.11793804,6.821309654,109.7279968,102.2629967,-479.4504089,-463.6007996,-471.250243,8.046154329,3,18.57463287,3.252700686,173651.8,2376.7,287.386,949.987,74.9,0.30251571863615,238390.13,0.73,0.52,15.85,0.39,1388.53,2
975,6.71,2.743225098,1.458126068,11.68665981,6.267233246,373.3799744,370.1066129,-743.7120361,-735.1776123,-739.3288978,27.2669973,1,17.47884442,13.98307554,21260.2,567,135.633,213.115,71.3,0.636431034887267,22035.86,0.96,0.52,8.53,0.83,93090.05,4
976,8.84,6.400817871,0.285983443,16.52611542,6.876865088,152.7048035,144.0971062,-522.7319946,-506.5776062,-513.2010375,10.54519566,2,38.36269457,2.545392057,81754.8,1622.6,183.482,682.971,141.7,0.268652695356025,104713.91,0.78,0.59,16.15,0.39,6256.35,3
977,5.18,3.657592773,0.285990953,11.98365688,4.920246855,61.56958008,58.91077997,-431.5968018,-423.9768066,-427.9971437,6.633358623,1,14.51047199,17.41256639,35853.1,738.4,181.565,260.438,20.9,0.697152489268079,37815.13,0.95,0.48,7.62,0.83,37.08,2
978,2.74,0.30480957,0.286021948,6.622920036,3.246014676,370.0271912,369.6135254,-739.7496338,-737.3112183,-738.7590092,51.55401493,0,37.80627764,3.436934331,4324.8,254.8,59.292,93.929,71.9,0.631242747181382,4536.21,0.95,0.42,2.44,0.84,92789.4,4
979,1.22,1.219207764,0.286019355,9.256871223,4.748185699,106.9848022,102.6284678,-476.7072144,-465.7344055,-471.7216752,0,0,16.49023322,31.80259264,25238.9,689,127.995,285.935,48.8,0.447636700648749,27473.5,0.92,0.46,10.97,0.67,1415.9,2
980,2.44,0.914367676,0.28602168,6.890357018,4.195891131,156.9720154,155.4207003,-526.3895874,-522.1224365,-524.5881011,31.46104004,1,14.98144764,16.4795924,9921.7,360.9,103.421,124.973,114.9,0.827546750098021,9959.96,1,0.43,4.27,0.96,8175.9,3
981,1.22,0.914428711,0,5.813566685,2.896078119,142.6463928,141.4341226,-512.0640259,-508.4064026,-510.4568832,4.539415599,1,70.36094176,7.943977297,13097.8,412.3,122.533,137.319,46.4,0.892323713397272,13141.41,1,0.45,3.66,0.97,5842.18,3
982,11.28,0.609619141,0.286017269,17.29328156,5.741992552,475.183197,463.9006149,-844.6008301,-809.8536377,-832.8220851,7.597973322,0,17.88446028,29.80743381,127161.5,2482.1,380.784,702.665,116.6,0.541913998847246,191166.25,0.67,0.34,34.75,0.26,159121.7,4
983,2.74,1.523986816,0.858006477,5.484784126,3.265127514,124.6631775,122.7505198,-493.776001,-488.8992004,-491.746732,36.79101661,1,27.2526049,12.2636722,21816.8,543.7,142.224,179.304,0.5,0.793200374782492,21901.09,1,0.42,4.88,0.93,3335.12,2
984,8.53,3.352844238,0,9.256883621,4.290758181,192.3287659,189.1618209,-562.9656372,-554.7360229,-558.2667707,14.06639664,3,46.12469597,5.561133557,45438.7,1226.7,228.066,410.088,90,0.556139170129338,65479.35,0.69,0.58,8.23,0.38,15416.16,3
985,1.22,0,0.404494584,7.639682293,4.681042962,134.4167786,132.7549068,-504.1392212,-498.6528015,-502.0564067,0,0,24.48722691,26.93594961,6070.2,296.8,74.913,108.02,79,0.693510461025736,6255.93,0.97,0.39,5.49,0.87,4590.73,3
986,1.52,1.523986816,0,8.837081909,3.561427315,153.9239807,150.3021486,-523.3416138,-512.3688354,-519.2344271,1.15555826,2,17.3333739,21.95560693,77179,1786.6,180.431,800.963,104.3,0.225267584145585,101681.6,0.76,0.38,10.97,0.3,7276.46,3
987,8.23,6.095977783,2.914261103,13.81081963,7.901791511,72.54238892,67.71677987,-444.0935974,-431.9016113,-437.1530065,20.58737873,1,10.67493712,18.2998922,19494.1,520.8,146.979,180.309,26.5,0.815150658037036,19923.29,0.98,0.57,12.19,0.91,7.38,2
988,3.05,1.219177246,0.286023736,9.269694328,2.886973384,402.9455872,401.7899897,-772.0584106,-768.4008179,-770.7536924,2.172911308,0,70.25746563,4.345822618,20522,636.1,119.187,264.411,156,0.450764151264509,22249.47,0.92,0.37,3.66,0.64,113427.5,4
989,12.8,9.753601074,2.061610937,23.20150757,9.369139402,181.9656067,161.5806436,-551.9927979,-489.5088196,-530.6614462,8.876154983,1,16.06890126,9.794377913,97127.7,1566.7,265.202,514.84,105.8,0.515115375650688,115804.36,0.84,0.34,62.48,0.5,9327.82,3
990,2.13,1.523986816,0.639494896,6.011415005,3.806612156,141.7319946,140.2554924,-511.1495972,-507.796814,-509.4237251,36.19770103,1,25.85550073,2.585550074,11497.9,386.9,116.684,119.642,17.4,0.975276240785009,11547.07,1,0.53,3.35,0.97,5663.39,3
991,3.05,2.133605957,0.904390931,13.23858261,6.651118726,130.4544067,126.4334531,-500.1768188,-488.8992004,-495.592694,6.613060784,1,32.40399785,11.90350941,22476.9,553.1,163.996,181.726,76.4,0.902435534816152,22991.68,0.98,0.41,11.28,0.93,3774.07,3
992,2.74,2.74319458,0.285991758,10.90662289,4.857762612,120.3959961,116.7607345,-489.8135986,-477.6216125,-485.7340074,21.38088825,1,16.00118089,5.655589796,107757.1,2240.6,241.147,918.199,73.9,0.262630431965184,151295.61,0.71,0.34,12.19,0.27,2679.17,2
993,3.35,1.828796387,0.639508903,7.291583061,3.760758697,114.2999878,112.8042713,-484.0223999,-479.7552185,-481.920228,15.57122062,1,32.18052262,14.53313924,14318.9,458.6,117.781,154.77,90.4,0.761006655036506,14779.25,0.97,0.5,4.27,0.86,2285.25,2
994,4.27,4.267211914,0,10.28355217,3.354547908,126.1871948,121.3086599,-494.9952087,-483.1080017,-490.2817741,7.240013565,1,26.10215417,12.19370706,78016.1,1604.3,181.446,683.36,60.1,0.265520369936783,102175.22,0.76,0.4,11.89,0.38,3170.67,2
995,3.05,1.219177246,0,11.70002174,4.311061105,370.6368103,367.4564578,-740.0543823,-730.3007813,-736.3848426,21.49908308,0,38.83705331,4.854631665,64298.8,1197.5,185.554,503.23,49.7,0.368726029847187,70376.45,0.91,0.38,9.75,0.56,91479.91,4
996,3.66,3.657592773,0.285950422,22.16466904,7.292840098,224.3327942,208.844859,-594.3599854,-560.2224121,-577.8876292,2.754094283,3,39.59010533,12.04916249,129530.6,1994.5,249.343,840.851,169.3,0.296536485060968,157505.44,0.82,0.48,34.14,0.41,20691.34,3
997,3.96,1.828796387,1.429835081,10.81708527,5.943312534,261.8232117,258.7142334,-631.8504028,-624.2304077,-627.9870651,5.850977675,1,46.80782141,21.73220279,17783.2,530.9,110.001,211.703,54.5,0.519600572500154,18393.75,0.97,0.51,7.62,0.79,37525.2,4
998,0.91,0,0.286025047,2.588160515,1.484225492,330.7079773,330.5860565,-699.8208008,-699.2111816,-699.6226746,0,0,78.45644734,9.807055918,3031.3,200,54.757,70.567,63.4,0.775957600578174,3042.58,1,0.39,0.61,0.95,70535.95,4
999,1.83,0.609619141,0,13.02081013,7.769017922,142.3415833,133.6328186,-512.0640259,-488.5943909,-502.6265477,0,0,0.936251923,10.76689712,31752.4,731,159.474,263.657,80.5,0.60485403383942,34022.71,0.93,0.4,23.47,0.75,4710.46,3
1000,1.52,0.609619141,0.639547288,22.8935318,8.498633378,128.6255798,125.1503918,-498.0432129,-483.7176209,-494.2392061,8.599253634,1,28.14301189,15.63500661,19013.9,539.8,122.342,205.833,44.9,0.594375051619517,19524.32,0.97,0.27,14.33,0.82,3618.07,2
1001,2.44,0.609558105,0.904385984,10.35951614,5.522234455,200.8631897,199.0186241,-570.8903809,-564.489624,-568.3101207,0,0,1.758169675,80.87580507,8454.3,338.1,92.729,116.348,90.7,0.796996940213841,8605.82,0.98,0.41,6.4,0.93,17960.99,3
1002,11.28,4.87677002,0,21.75087738,5.211500609,196.5959778,191.8031297,-565.7088013,-544.0679932,-560.7260272,19.92615711,1,58.94240879,2.368843852,106672.5,1583.9,217.236,644.864,88.3,0.336871030170703,116827.27,0.91,0.23,21.64,0.54,16079.03,3
1003,5.79,0,0,3.96709466,1.664679571,191.1095886,190.9170837,-560.2224121,-559.0032349,-559.9015631,0,0,80.58747408,10.74499655,2766.7,208.3,51.978,75.691,57.8,0.686713083457743,2931.56,0.94,0.29,1.22,0.8,15855.11,3
1004,2.13,0.30480957,0,9.558974266,3.860731656,194.1576233,193.2008692,-563.5751953,-560.2224121,-562.3475444,0,0,9.780833399,43.31511935,10638.1,406.3,93.879,141.938,0.1,0.661408502303823,11229.97,0.95,0.38,3.35,0.81,16435.46,3
1005,8.23,5.181610107,0.572025478,14.35441971,7.270167017,126.7967834,122.4265813,-496.8240051,-482.1936035,-491.4617845,27.68338547,1,8.151219056,3.229728305,96648.1,1749,203.383,726.523,54,0.279940208362295,119465.18,0.81,0.37,14.63,0.4,3297.81,2
1006,7.01,3.962402344,0.404496402,11.29224205,4.172443694,176.174408,173.0288129,-546.5064087,-538.581604,-542.0641711,17.39527395,2,17.72979845,9.366685974,44433.6,919.8,199.359,358.752,67.5,0.555701431629649,49470.19,0.9,0.57,7.92,0.66,11670.22,3
1007,0.3,0,0,5.425602436,2.041587118,365.1504211,363.9814228,-733.9584351,-729.9960327,-732.8431244,0.5674871,0,78.88070695,2.269948401,26192.9,676.7,147.349,256.062,63.6,0.575442666229273,28638.87,0.91,0.29,3.96,0.72,89389.89,4
1008,3.66,3.352783203,1.808328032,9.075915337,5.135866519,115.214386,112.6985822,-484.9367981,-478.5360107,-481.862195,31.25517863,1,26.44668961,3.205659346,18547.4,522.7,120.694,206.2,44.7,0.585324927255092,18867.87,0.98,0.49,6.4,0.86,2275.15,2
1009,2.74,0.609619141,0,4.842304707,2.064195751,416.9664001,414.9466635,-785.7744141,-779.6784058,-783.824885,30.50570376,0,29.94596607,32.1849168,53111.1,883.7,234.845,307.571,149.6,0.763547278514554,55072.63,0.96,0.33,6.1,0.86,122462.67,4
1010,0.3,0.30480957,0.639502466,8.633008957,3.728252522,184.7087708,182.9617682,-553.8215942,-548.6400146,-551.918463,0,0,44.90583465,22.45291732,11916.3,416.5,103.389,153.938,78.8,0.671627538359599,12251.11,0.97,0.37,5.18,0.87,13914.98,3
1011,1.22,0,0,8.970811844,2.775416357,479.4504089,476.0234835,-848.2584229,-837.5903931,-844.8781255,11.06243002,0,32.5365589,25.21583315,91368.9,1561.1,346.926,465.384,22.2,0.745461812180909,115814.23,0.79,0.32,10.67,0.47,168940.3,4
1012,0.61,0.304779053,0,5.875777721,2.915912198,95.40240479,93.49687683,-464.5151978,-459.6383972,-462.476986,0,0,65.77522441,8.907061642,21694.5,631.8,127.389,239.983,176.6,0.530825100111258,24009.78,0.9,0.43,4.88,0.68,812.07,2
1013,0.91,0,0.404499322,5.448003292,3.613601968,191.4143982,189.8294295,-560.5272217,-556.2600098,-558.9089955,0,0,25.54892792,66.82027302,7563.3,318.1,81.613,106.175,179.9,0.768664939957617,7563.48,1,0.39,4.27,0.94,15582.39,3
1014,1.22,0,0.639557719,10.12618732,7.175172901,155.4479675,151.7337847,-524.8656006,-515.7216187,-520.6288862,0,0,2.939754755,23.51803802,10112.5,413.8,85.703,155.969,77.5,0.549487398136809,10695.43,0.95,0.47,9.14,0.74,7522.75,3
1015,0.3,0.30480957,0.286026597,9.91070652,3.852314972,179.5271912,177.1569432,-548.6400146,-540.4104004,-546.0804413,0,0,5.69806499,54.44817658,23477.7,665.1,130.159,263.231,89.9,0.49446683711265,25280.7,0.93,0.31,8.23,0.67,12579.18,3
1016,4.57,0,0.572035313,8.442350388,2.77524811,189.8904114,187.3137906,-559.0032349,-552.2976074,-556.2316087,0,0,52.77860165,19.02484478,24220.4,668.7,183.444,213.294,69.7,0.860052322146896,26435.6,0.92,0.42,6.71,0.68,14960.66,3
1017,2.13,0,0,10.68616486,3.922361235,434.0351868,420.3157576,-802.8432007,-764.7432251,-789.2044407,2.768116185,0,50.87348664,19.07755749,198681.4,2573.4,278.308,1080.406,19,0.257595755669628,241340.44,0.82,0.36,38.1,0.38,126249.29,4
1018,2.13,0.914367676,0.857912123,15.10874462,6.64749902,160.9344177,157.497881,-530.3519897,-519.9888306,-526.5742059,0,0,15.19862453,30.39724905,20537.8,567.7,116.997,215.486,90,0.542944785276074,21111.38,0.97,0.37,10.36,0.8,8555.86,3
1019,3.05,1.219207764,0.286026597,19.15556717,7.066129515,137.4647827,133.1490702,-506.5776062,-484.3272095,-502.2042589,25.9748699,1,7.992267661,27.47342008,29757,654.7,179.011,211.833,108.2,0.845057191278035,30785.4,0.97,0.2,22.25,0.87,4644.3,3
1020,1.83,0,0,4.645880699,1.871371421,30.78479004,30.57831007,-399.8976135,-398.9832153,-399.6223036,0,0,41.11645375,61.67468063,4338.2,249.6,57.434,92.586,90,0.620331367593373,4343,1,0.34,0.91,0.88,1184.85,2
1021,0.3,0,0.572043061,9.132490158,4.667631656,118.8719788,117.5088577,-487.9848022,-484.632019,-486.6894023,0,0,5.863039123,76.21950857,5070.5,258.8,69.626,82.278,0.6,0.846228639490508,5070.46,1,0.4,3.35,0.95,2757.18,2
1022,10.06,2.133605957,0.286028147,10.68645668,3.687843158,195.071991,193.1283593,-564.489624,-559.3079834,-562.115001,10.24110889,1,60.98114839,10.24110889,31931.2,727.4,147.997,293.749,84.4,0.50382128960439,33101.15,0.96,0.47,5.18,0.76,16416.88,3
1023,0.61,0.30480957,0.639558315,4.038216114,2.629042228,213.969574,213.4164304,-583.387207,-581.5584106,-582.5518234,0,0,38.67235102,21.48463947,3459.2,211.3,62.459,68.48,43.2,0.912076518691589,3459.56,1,0.48,1.83,0.98,22027.44,3
1024,6.4,2.743225098,0,13.75323009,4.012219629,391.9728088,387.5023971,-760.7808228,-747.3696289,-756.4224691,29.36336538,2,12.40878621,7.494415433,120985.1,1869.9,341.788,705.432,85,0.484508783270393,161470.78,0.75,0.33,13.41,0.44,104007.8,4
1025,0.61,0.609619141,0,13.72262096,3.822234262,210.0071716,200.6452051,-579.1199951,-552.9072266,-569.5665941,3.159931325,2,43.42648478,14.98710286,164638.1,2889.1,318.553,1167.692,1.3,0.272805671358543,252049.78,0.65,0.37,26.21,0.25,18399.62,3
1026,1.22,1.219238281,0,10.76273727,3.800932352,354.4823914,348.6071101,-723.5952148,-707.1359863,-717.5232933,1.430556928,2,56.79311004,8.583341569,103904.6,1653,356.994,563.648,7.3,0.633363375723856,135224.87,0.77,0.37,16.46,0.48,80432.99,4
1027,1.22,0,0.404420912,16.37325287,6.346443527,387.7055969,385.7369453,-756.8184204,-749.8079834,-754.7959724,0,0,7.994185687,34.26079579,13015.6,518,80.618,222.074,56.7,0.363023136432,14183.5,0.92,0.29,7.01,0.61,102872.19,4
1028,4.27,1.828796387,0.286027372,21.46607971,7.414118089,379.4759827,374.643386,-748.5888062,-735.7872314,-743.7550673,22.82230414,1,7.730135273,9.570643674,40380.5,1084.2,127.391,479.203,56.3,0.265839320705421,47379.27,0.85,0.38,12.8,0.43,95879.03,4
1029,5.49,1.219177246,0,9.350467682,3.840673485,367.2839661,364.3076384,-736.3967896,-728.7767944,-733.2520266,32.79104005,0,22.68562519,5.56828982,72074.5,1405.5,179.517,607.415,70.9,0.295542586205477,86430.26,0.83,0.42,7.62,0.46,89585.06,4
1030,2.44,0.30480957,0.286058336,6.855438232,4.474891387,110.642395,109.7056885,-480.3648071,-477.316803,-479.0192246,20.15657673,1,68.02844649,2.519572092,5899.5,276.7,81.921,82.11,0.6,0.99769820971867,5899.47,1,0.46,3.05,0.97,1998.6,2
1031,9.14,2.133605957,0,25.97319984,7.599122643,395.6304016,342.7935664,-764.7432251,-654.1008301,-711.733135,2.318186213,1,47.54916039,4.399285199,564253.5,7524.7,460.738,2994.774,75.8,0.153847335391585,1000000,0.56,0.48,110.64,0.13,77169.27,4
1032,0.3,0.30480957,0.904286325,8.58254528,4.781693601,192.3287659,188.774397,-561.4415894,-553.2120361,-557.8584076,0,0,30.83029847,31.62081894,18803,557.3,119.914,202.214,18.9,0.593005429891105,19854.63,0.95,0.44,8.23,0.76,15320.1,3
1033,6.71,5.486419678,0,12.75403214,4.391338581,143.8655701,137.1798613,-514.1976318,-498.6528015,-506.1798163,4.717907588,2,36.69483679,7.338967358,113420.9,1797.6,358.424,551.925,52.3,0.649407075236672,153248.07,0.74,0.52,15.54,0.44,5209.93,3
1034,5.18,2.743225098,1.031191111,12.36967754,7.078604717,144.4751892,139.8179212,-514.1976318,-500.1768188,-508.9869784,26.62171262,0,5.915936139,10.64868505,25125.6,600.8,163.718,205.148,45.1,0.798048238345,25848.34,0.97,0.37,14.02,0.88,5597.72,3
1035,9.75,5.48638916,0.572016537,15.82997894,8.259126141,119.4815979,111.1540383,-488.8992004,-466.9536133,-480.1863018,23.78676755,1,13.94396718,10.99112707,90609.2,1533.7,229.144,594.197,60.4,0.38563641351269,109569.34,0.83,0.4,21.95,0.49,2130.2,2
1036,0.61,0,0,10.46497154,4.443891386,380.6952209,378.2456479,-750.112793,-743.4072266,-747.3510258,0,0,27.77929937,53.03320789,11771.8,498.3,87.149,211.861,76.2,0.411349894506304,12687.22,0.93,0.42,6.71,0.6,98122.84,4
1037,3.35,1.219207764,0.639560044,7.400735378,3.343044206,117.9575806,116.3009152,-487.3752136,-480.3648071,-485.2828441,38.92438925,0,25.94959283,11.79526947,25203.6,591.5,170.369,186.003,161.4,0.915947592243136,25709.86,0.98,0.3,7.01,0.91,2631.78,2
1038,3.96,3.352783203,2.081358194,18.58538055,10.29543209,86.86798096,80.78232381,-457.8096008,-439.2167969,-450.106947,4.286517413,1,22.28989054,13.71685571,17338.3,482.5,137.697,155.354,103.9,0.886343447867451,17683.68,0.98,0.42,18.59,0.94,249.08,2
1039,1.22,0,0,1.808350921,0.903785057,115.5191956,115.3972717,-484.632019,-484.0223999,-484.2865682,30.85023583,0,63.90405991,0,6745.4,353.2,74.24,136.998,108.8,0.541905721251405,7488.74,0.9,0.68,0.61,0.68,2539.88,2
1040,19.2,15.23999023,0.5720191,17.97939301,9.354376343,118.2623901,105.0252939,-487.6799927,-461.1624146,-474.1414838,13.35587603,1,33.86668565,8.426921782,93486,1146.3,299.665,385.401,89.9,0.777540795171782,95454.71,0.98,0.51,26.52,0.9,1602.02,2
1041,1.52,0.30480957,0.57204932,5.142575741,2.470397188,20.72637939,20.09139061,-389.8392029,-387.7055969,-389.1343536,25.73497234,0,47.18078261,19.30122926,6931,305.4,81.765,94.115,90,0.868777559368857,6934.49,1,0.35,2.13,0.94,2016.78,2
1042,8.53,1.828796387,0.285973459,10.1029253,4.87155336,394.7159729,390.6074694,-764.133606,-750.112793,-759.5898471,18.99401947,1,18.25781716,3.386530603,100951.5,2239.7,151.818,1008.277,67.5,0.150571717891016,135819.9,0.74,0.33,14.02,0.25,106020.22,4
1043,2.13,0.609619141,1.278974652,11.96148491,7.142381614,164.8968201,161.9656321,-535.2288208,-526.694397,-531.2816457,0,0,0,30.95094061,9124.7,364.8,92.941,118.306,89.8,0.785598363565669,9511.98,0.96,0.47,8.53,0.86,9402.33,3
1044,2.13,1.523986816,0.285974771,8.140271187,4.729836326,185.928009,184.3249719,-555.6503906,-550.7736206,-553.4979956,10.1509698,1,46.94823534,8.882098576,11714.5,407.6,96.712,155.601,44.9,0.621538421989576,11868.92,0.99,0.45,4.88,0.89,14238.45,3
1045,9.75,0.304748535,0.404427141,4.513117313,2.590941393,396.2400208,395.1474116,-765.3527832,-762.6096191,-764.1711276,45.3312986,0,56.27333619,0,9509.1,378.5,95.181,138.535,54,0.687053813115819,9988.39,0.95,0.45,2.74,0.84,108997.31,4
1046,2.13,0.609619141,0,4.850728989,2.595375955,381.6095886,380.950689,-750.7224121,-749.1984253,-750.0007486,47.36772741,0,23.68386371,1.480241481,10041.7,377.1,102.456,129.327,76.5,0.792224361502239,10193.8,0.99,0.51,1.52,0.89,99824.84,4
1047,1.22,0.609619141,0,11.85455322,5.267258346,370.9416199,368.5731768,-740.6640015,-733.3488159,-737.6051206,9.190785201,1,64.33549641,1.021198356,29111.2,832.6,112.164,370.144,48.7,0.303028010720152,31867.38,0.91,0.42,7.32,0.53,92156.67,4
1048,11.28,9.448791504,0,14.88766384,6.369518578,120.7008057,113.6860171,-490.1184082,-477.0119934,-482.6982034,16.93886316,1,16.77906256,10.54683932,93016.8,1575.5,205.163,682.59,69.9,0.300565493195037,104849.49,0.89,0.57,13.11,0.47,2370.33,2
1049,4.27,1.828796387,0.404509217,7.764357567,5.296919583,81.3815918,79.5688328,-451.7135925,-445.6176147,-448.8942036,48.24502642,0,17.91958124,16.54115192,10783.4,377,106.057,128.722,90.1,0.823922872547039,10820.34,1,0.47,6.1,0.96,212.25,2
1050,0.3,0,0.404470205,6.506867886,2.903171236,370.9416199,370.3227678,-740.0543823,-737.9208374,-739.2970322,0,0,9.571775867,63.81183904,4658.7,265.7,56.893,106.02,86.3,0.536625165063196,4674.7,1,0.37,2.13,0.83,93221.99,4
1051,1.52,1.219207764,0.808917403,10.55811501,4.481655292,114.6047974,113.0775478,-484.3272095,-478.5360107,-482.1319976,4.258759181,0,70.2695265,3.194069386,13961,468.8,97.109,191.676,57,0.50663098144786,14358.14,0.97,0.39,5.79,0.8,2311.45,2
1052,2.74,0,0,2.942157269,1.090274996,365.1504211,364.2359945,-733.9584351,-732.1296387,-733.1202108,11.79488098,0,80.87918392,1.684982997,8821.5,466.7,66.156,193.56,173.9,0.341785492870428,10478.07,0.84,0.48,1.83,0.51,89542.18,4
1053,16.46,12.49679565,0.286004454,15.47833824,8.72744928,70.71359253,61.68064611,-441.0455933,-420.0144043,-430.7324038,21.53150574,1,14.56543035,11.39903245,93886.8,1198.2,286.453,462.489,68.5,0.619372568861097,96054.56,0.98,0.49,21.03,0.82,11.02,2
1054,1.22,0.609588623,0.639508724,8.591778755,4.880850921,36.88079834,34.96167972,-406.2984009,-401.1167908,-404.1083604,0,0,0,79.22202929,12008.1,407.2,101.936,149.452,103.5,0.682065144661831,12168.18,0.99,0.43,5.18,0.91,902.3,2
1055,1.83,0.30480957,0,26.98031235,10.36801551,394.7159729,373.6654219,-763.8287964,-689.7623901,-742.6333537,1.151992687,1,8.831943927,27.16782752,154835.8,2574.4,275.346,983.922,90,0.279845353595102,194646.4,0.8,0.29,74.07,0.29,95274.34,4
1056,1.22,1.219207764,0,11.61736679,3.732657278,120.7008057,118.3776786,-490.1184082,-483.4128113,-487.3657295,2.596204502,1,63.86663074,12.46178161,28626.7,662.7,151.223,249.014,24.1,0.607287140482061,29286.79,0.98,0.42,6.71,0.82,2849.18,2
1057,0.61,0,0,1.808467507,0.937642718,299.0088196,298.7274569,-667.8168335,-666.9024048,-667.6175349,11.43552865,0,78.14277912,1.905921442,7798.9,326.3,87.264,114.622,153.5,0.761319816440125,7840.32,0.99,0.24,0.91,0.92,54628.52,4
1058,1.83,1.219207764,0,4.058391094,2.426462906,109.1183777,107.864603,-478.2312012,-475.183197,-476.8325814,4.237285262,1,54.3784942,9.180784733,21047.6,529.7,154.63,167.066,90,0.925562352603163,21090.46,1,0.47,3.05,0.94,1837.37,2
1059,3.66,2.438415527,0,21.52906799,4.594181268,173.4311829,166.1319921,-542.8488159,-516.3311768,-535.0804062,9.603976024,1,33.67969674,10.39334392,112982.6,1676.7,374.214,571.111,42.7,0.655238648879115,139277.32,0.81,0.29,26.52,0.51,10227.68,3
1060,7.92,6.400756836,0.572050869,12.73625946,5.384967311,214.8840027,202.9374401,-584.9111938,-559.3079834,-571.968645,8.792874561,1,9.610816382,49.48548009,72690.5,1489.2,277.712,430.612,139.1,0.644923968677139,92425.91,0.79,0.51,25.6,0.41,19026.74,3
1061,1.83,1.524047852,0.572055519,13.47825336,5.797777678,391.9728088,385.218396,-761.0856323,-744.0167847,-754.2353169,0,0,14.02888055,39.00028793,52976.9,911.4,231.518,328.6,16.6,0.704558734023128,55926.82,0.95,0.4,17.07,0.8,102539.82,4
1062,7.01,5.18157959,0.285976827,9.459775925,4.659798323,386.1816101,382.0328042,-755.5991821,-747.3696289,-751.0622916,19.63425497,2,65.32852109,2.498905179,41637.8,848.6,216.8,293.664,140.6,0.73825869020377,46948.39,0.89,0.56,8.23,0.73,100509.8,4
1063,0.61,0,0.572059691,4.64598608,2.501215145,376.1231995,375.1758382,-745.2360229,-742.1879883,-744.1898012,22.3653111,0,19.5696472,8.386991657,5316.9,290.1,69.366,102.099,46.9,0.679399406458437,5705.03,0.93,0.35,3.05,0.8,96209.05,4
1064,1.22,0.30480957,0.904459834,13.70410347,5.280420671,158.1911926,155.462502,-527.6088257,-517.550415,-524.450497,0,0,0,25.82713551,14963.6,468.8,129.477,142.626,179.9,0.907807833073914,15658.89,0.96,0.32,10.06,0.86,8183.46,3
1065,11.28,0.609619141,0,6.701589108,2.496681286,397.7640076,394.6492291,-766.8768311,-757.12323,-763.5752934,28.62981829,0,58.85018205,5.407854568,46726.6,1170.3,155.068,470.819,92.6,0.329357991075127,61383.61,0.76,0.34,9.75,0.43,108668.61,4
1066,11.28,0.609619141,0,6.641426086,2.736037449,397.459198,396.6602469,-766.8768311,-763.8287964,-765.6806992,54.59894396,0,30.33274664,3.033274664,9800.7,415.4,81.644,165.757,50.6,0.492552350730286,10487.81,0.93,0.41,3.05,0.72,109998.52,4
1067,29.57,0,0.404513985,2.458959341,1.567629862,313.0295715,312.5854658,-682.142395,-680.6184082,-681.5328108,11.62093929,0,90.06227947,0,5116.3,267,73.369,88.026,76.1,0.833492377252176,5251.61,0.97,0.43,1.52,0.9,61298.56,4
1068,6.4,0,0.404514343,2.304758072,1.264509159,392.8871765,392.7909209,-762,-761.3903809,-761.7754035,110.4403532,0,0,0,2557.2,183,49.944,63.985,65.5,0.780557943267953,2558.12,1,0.44,0.61,0.96,107446.89,4
1069,1.83,1.523986816,0.57193476,15.27566528,6.235385886,174.9551697,170.5039072,-544.3728027,-529.1328125,-539.4899715,0,0,56.71460124,4.974965021,44816.8,886.2,156.736,370.388,15.9,0.423167057248075,45743.6,0.98,0.32,15.24,0.72,11131.07,3
1070,8.23,3.962402344,0,24.3738308,6.043378876,393.1919861,386.3339964,-762.6096191,-747.0648193,-755.3204725,14.09216374,2,51.28385361,3.486720925,102313.7,1359.6,370.973,436.822,71.4,0.849254387370599,114764.08,0.89,0.47,15.54,0.7,103255.54,4
1071,3.66,1.523986816,1.278917551,9.350812912,5.32978193,118.5671997,116.9015267,-488.5943909,-482.8031921,-486.2118156,10.21169507,1,32.09389879,39.3879667,10189.2,369.9,105.829,118.454,0,0.89341854221892,10332.75,0.99,0.42,5.79,0.94,2693.77,2
1072,10.36,0.609619141,0,6.665557384,2.632897887,396.8495789,395.0888819,-765.9624023,-761.0856323,-763.980022,16.50238506,1,57.62737641,3.143311441,56745.8,1116.5,192.1,458.983,57.3,0.41853401977851,62887.34,0.9,0.42,4.88,0.57,108958.67,4
1073,0.91,0.609619141,1.667360187,20.27520561,11.51395241,366.0647888,359.9960906,-735.7872314,-720.5471802,-729.3636657,0,0,0,4.506884618,9894.3,377,105.502,133.841,144.9,0.788263686015496,10258.13,0.96,0.42,15.24,0.88,87022.69,4
1074,2.74,2.74319458,0.285999507,9.184392929,3.878551416,77.11437988,69.63213724,-446.5320129,-429.4631958,-438.6429602,1.348004813,1,17.13891833,15.21319717,77187.4,1572.1,165.251,698.499,138.1,0.236580152584327,91303.15,0.85,0.46,17.07,0.39,21.46,2
1075,2.74,2.74319458,0.285999507,9.184392929,3.878551416,77.11437988,69.63213724,-446.5320129,-429.4631958,-438.6429602,1.348004813,1,17.13891833,15.21319717,77187.4,1572.1,165.251,698.499,138.1,0.236580152584327,2500000,0.03,0.46,17.07,0.39,21.46,2
1076,1.83,0.914398193,0.286007553,6.884845257,3.464106158,102.4127808,101.3001649,-471.8304138,-467.5632019,-470.291486,6.357673481,1,28.25632658,10.59612247,21041.9,634.2,103.344,273.113,44.9,0.378392826412511,22197.01,0.95,0.37,4.27,0.66,1317.7,2
1077,3.35,0,0,10.25351524,4.263387779,160.9344177,157.7586886,-530.0471802,-517.8552246,-526.6365152,35.04060121,0,33.37200115,13.34880046,26724.5,833,133.31,340.159,106.8,0.391904962091257,33928.11,0.79,0.28,12.19,0.49,8604.17,3
1078,12.8,10.36322021,3.475505829,16.67885017,9.921540835,223.4183655,217.068711,-595.8840332,-580.9487915,-586.6377799,22.42708983,1,13.70544378,14.3284185,23859.9,564.9,154.609,190.401,0,0.812017794024191,24134.7,0.99,0.62,14.94,0.94,23124.89,3
1079,0.91,0,0.286038786,4.646077156,2.159831011,167.3351746,166.6239881,-536.447998,-534.0095825,-535.593367,0,0,94.22401656,4.009532618,7414.4,319.9,86.484,112.465,73,0.768985906726537,7468.41,0.99,0.37,2.44,0.91,10327.43,3
1080,2.13,1.828796387,1.458203912,9.287295341,5.406541157,180.7463684,178.5410756,-550.468811,-544.6776123,-547.8080818,11.79285584,1,42.454281,7.075713502,12604.4,404.4,117.895,130.566,0.1,0.902953295651241,12622,1,0.47,5.79,0.97,12891.58,3
1081,12.5,0,0,8.828818321,4.301919036,197.8152161,194.2521891,-566.9279785,-557.7839966,-563.2577965,0,0,42.45930952,49.41985207,21354.9,635,108.159,259.496,83.7,0.416804112587477,22535.2,0.95,0.41,9.14,0.67,16706.13,3
1082,3.05,0.914398193,1.617621183,5.166241169,3.584301399,79.24798584,78.17186068,-448.9703979,-445.6176147,-447.3779814,39.2314329,0,19.61571645,5.884714937,7577.7,321.7,92.733,102.593,26.9,0.903892078406909,7738.35,0.98,0.49,3.35,0.92,173.5,2
1083,5.49,3.657592773,1.73932004,12.67336655,7.311964537,261.8232117,258.9384773,-632.1552124,-624.2304077,-628.4177762,43.52858083,1,10.88214521,7.25476347,12293.3,413.5,105.976,141.756,0,0.747594458082903,12510.39,0.98,0.48,7.92,0.91,37612.13,4
1084,1.22,0.30480957,0.639582634,4.982718945,3.020140367,163.9823914,163.5190833,-533.4000244,-531.8759766,-532.8391748,0,0,0,58.73902635,3542.8,216.3,57.632,69.86,90,0.824964214142571,3542.76,1,0.39,1.52,0.95,9706.01,3
1085,4.27,3.962402344,0.572053969,16.28603363,9.116903059,214.8840027,196.4186801,-585.2160034,-541.6295776,-565.427941,0.484299029,0,12.91464077,16.30473397,92076.2,1224.3,282.622,445.175,47.7,0.634855955523109,97837.91,0.94,0.46,43.59,0.77,17270.87,3
1086,7.62,5.79119873,1.458182454,11.43618011,6.119350322,102.4127808,98.10632306,-472.744812,-463.2960205,-467.3556425,25.23066667,1,35.07678049,8.615349595,24154.3,581,153.551,212.818,68.7,0.72151321786691,24659.65,0.98,0.58,9.45,0.9,1096.03,2
1087,2.13,0.30480957,0.858053088,8.517634392,4.290213459,179.8320007,176.2883804,-549.2496338,-540.4104004,-545.3689813,0,0,31.78230395,45.63612875,18239.8,587.1,100.684,240.442,4.8,0.418745477079711,19687.38,0.93,0.44,8.84,0.67,12385.1,3
1088,25.91,8.534423828,0.286035925,19.27083015,4.97295291,210.0071716,189.0372745,-580.3392334,-536.7528076,-557.9919619,3.327319,1,39.26236421,23.291233,223365.2,3103.2,259.218,1340.263,74.7,0.193408308667776,297826.64,0.75,0.51,43.59,0.29,15385.25,3
1089,0.61,0,1.031227469,8.256986618,4.744076451,243.2303772,241.1335807,-612.6480103,-605.9423828,-610.3252237,0,0,10.19565191,62.87318679,8747.3,351.1,97.705,124.132,25.6,0.787105661714949,8945.98,0.98,0.35,6.71,0.89,31023.04,3
1090,12.8,10.97277832,0,14.88798046,6.457347445,105.1560059,92.98571992,-475.183197,-445.6176147,-461.9929556,5.1496716,2,39.27886769,5.048697647,147207.7,1921.3,344.912,698.527,36.9,0.493770462702229,176072.77,0.84,0.45,29.57,0.5,783.2,2
1091,4.27,0.914428711,0.286036968,4.118060112,1.527572997,366.3695984,365.3942309,-735.4824219,-731.8248291,-734.2709875,39.9507824,0,39.95078239,16.40084751,35345.8,783.4,206.489,254.005,46.6,0.812932816283144,38600.12,0.92,0.34,3.66,0.73,90236.69,4
1092,11.58,8.229614258,0,13.92038155,6.22911441,411.1752014,403.4246987,-780.5928345,-764.133606,-772.3665568,14.54774191,2,29.49680084,6.320743037,148153.6,1856.3,239.443,807.3,165.4,0.296597299640778,159261.76,0.93,0.5,16.46,0.54,114531.28,4
1093,21.34,3.657592773,0,17.01359749,5.223526065,206.6543884,186.3939043,-575.7672119,-523.0368042,-555.3021557,9.147415646,0,58.21727322,3.155503847,419238.5,4636,427.58,1863.163,97,0.229491461562944,595122.15,0.7,0.39,52.73,0.25,14736.48,3
1094,4.27,2.743225098,0.286036968,14.26561165,4.352188952,398.0688171,394.9057994,-768.0960083,-756.2088013,-763.8714696,14.15584294,2,32.35621243,7.684600453,73502.5,1630.6,229.775,619.227,50.2,0.371067476062898,101274.19,0.73,0.36,11.89,0.35,108837.84,4
1095,1.22,0.30480957,0,7.44408083,2.890885649,182.2704163,180.3178804,-551.6879883,-546.2015991,-549.2998065,1.810412161,0,92.33102021,1.206941441,24631.1,834.9,93.737,349.261,0,0.268386679302871,29316.12,0.84,0.44,5.49,0.45,13298.21,3
1096,10.67,8.22958374,0.286067426,16.42082214,7.713460396,96.9263916,91.27834079,-468.1727905,-454.7615967,-460.5732554,13.78648992,2,10.58032948,5.129856716,46361.2,917,168.658,348.433,28.1,0.484047148232228,51158.71,0.91,0.57,13.41,0.69,690.55,2
1097,1.83,0.609588623,0.808912516,4.850901604,2.603501419,92.04959106,90.97382848,-461.4671936,-458.41922,-460.0256822,0,0,48.96673406,6.99524772,12749.3,461.4,93.736,178.567,179.8,0.524934618378536,13494.15,0.94,0.49,3.05,0.75,674.64,2
1098,3.35,3.352783203,0.285983324,10.52492905,4.373968798,168.5544128,165.9335187,-538.581604,-531.8759766,-535.0182596,10.57779448,1,18.51114035,10.57779448,22483.5,634.9,131.456,247.051,108.3,0.532100659378023,24308.06,0.92,0.54,6.71,0.7,10187.58,3
1099,8.84,4.876831055,0,23.63529205,6.498148356,166.1159973,138.8994414,-535.5336304,-473.3544006,-507.8392712,3.033802355,6,49.14258359,2.281619953,592840.6,7665.2,548.054,2571.006,97.6,0.213167141578044,917779.42,0.65,0.45,62.18,0.13,5461.13,3
1100,6.1,0,1.458225012,15.76997757,8.020258454,191.4143982,187.8665247,-560.5272217,-550.468811,-556.7842643,0,0,0,68.85057746,11010.4,416.2,81.501,166.5,90.2,0.489495495495496,11142.59,0.99,0.38,10.06,0.8,15096.18,3
1101,10.36,7.924804688,1.213334203,16.28644943,9.344790069,83.21038818,76.46557814,-454.4568176,-439.2167969,-445.9081453,22.64945806,1,21.48794739,9.292085355,25594.5,596.4,163.025,208.198,133.5,0.783028655414557,26363.24,0.97,0.56,15.24,0.91,131.46,2
1102,5.79,4.876800537,0,10.24982357,4.670410653,113.3855896,109.1040217,-483.1080017,-474.2687988,-478.1026303,11.98111818,2,28.20554905,2.246459659,59550.3,1137,189.323,472.166,61.3,0.400967032780844,66179.89,0.9,0.57,8.84,0.58,1945.16,2
1103,0.61,0.609619141,0,6.832221031,2.634939641,399.2879944,398.2190025,-768.4008179,-764.4384155,-767.1261862,6.282593791,1,87.95631307,2.899658672,30757,684.3,161.894,256.525,83.8,0.631104180879057,31690.28,0.97,0.33,3.96,0.83,111034.9,4
1104,7.62,4.876800537,0.404521316,12.16314888,5.310438364,111.2519836,106.9157357,-481.2792053,-471.2207947,-476.0166429,15.71178301,1,24.74605825,8.641480656,37842,751,195.965,263.252,83.8,0.744400802273107,39248.99,0.96,0.53,10.06,0.85,1756.93,2
1105,2.74,0.914398193,1.429901481,8.002412796,4.286951847,105.7655945,104.918102,-475.7928162,-472.4400024,-474.253942,38.89648256,1,14.58618096,4.862060316,6114.3,290,80.723,102.841,61.6,0.784930134868389,6130.23,1,0.47,3.35,0.92,1593.45,2
1106,2.44,1.219177246,0,15.77878857,4.366836539,394.4112244,389.6891426,-763.5239868,-746.4552002,-758.6045421,25.97121575,0,21.80152514,7.862845134,124768.3,2399.1,345.991,845.825,50.5,0.409057429137233,195633,0.64,0.29,17.07,0.27,105423.04,4
1107,0.3,0,0.286041379,13.28518677,7.599109004,352.653595,346.2601917,-721.7664185,-706.2216187,-715.1806567,0,0,0,35.84787324,30269.1,702.2,141.146,266.009,26.9,0.530606107312159,31534.6,0.96,0.43,15.54,0.77,79107.3,4
1108,0.91,0.304779053,0.639552295,5.536553383,3.037324142,110.3375854,109.9737962,-480.0599976,-478.2312012,-479.1751059,3.265522734,0,97.9656819,0,4551.8,254.6,63.866,87.766,104,0.727684980516373,4688.66,0.97,0.51,1.83,0.88,2022.64,2
1109,1.52,0.609619141,0,5.142786026,1.969912625,378.2568054,377.5898774,-747.3696289,-745.2360229,-746.5229398,0,0,89.7930681,1.726789771,17215.9,535.5,98.734,215.669,54.2,0.457803393162671,17756.85,0.97,0.42,2.13,0.76,97712.43,4
1110,10.67,1.523986816,0,13.34493637,2.728042777,494.08078,488.4442192,-862.8887939,-848.2584229,-857.3245728,21.88893918,0,26.59921723,7.688836232,214586.4,2955.3,312.014,1171.559,49,0.26632376175677,278409.38,0.77,0.38,14.63,0.31,179305.01,4
1111,4.57,0,0,13.92341614,4.832147787,379.1711731,375.6308967,-748.2839966,-740.0543823,-744.5996223,6.588687425,1,50.91258464,1.49742896,49632.2,1394.2,106.586,641.24,56.1,0.166218576508016,57294.42,0.87,0.45,8.23,0.32,96491.55,4
1112,0.61,0,0.404522419,10.40170765,5.855431199,163.3727722,160.9447275,-532.7904053,-525.4752197,-530.005878,0,0,5.107532102,5.107532104,8730.7,363.1,93.909,129.818,90,0.723389668612981,9199.96,0.95,0.39,7.32,0.83,9205.39,3
1113,0.3,0,0.28598538,9.010818481,3.840707653,172.5168152,171.2911124,-541.6295776,-537.9719849,-540.3520378,0,0,16.93027426,67.72109705,7023.7,332.8,74.465,128.631,17.6,0.578903996703749,7302.31,0.96,0.36,3.66,0.8,11297.8,3
1114,3.66,0.30480957,0,3.810570002,1.492332409,123.1391907,122.6973703,-492.2520142,-490.4232178,-491.5864784,55.97179576,0,37.91637777,0,16465,472.8,136.421,162.08,41.8,0.841689289239881,16793.02,0.98,0.38,1.83,0.93,3328.99,2
1115,1.22,0.30480957,0.639591873,9.505803108,4.882486083,88.69677734,87.49283066,-458.41922,-453.8471985,-456.6132637,7.477196574,0,54.83277488,12.46199429,5963.8,278.6,81.937,93.028,89.8,0.880777830330653,5969,1,0.4,4.57,0.97,505.93,2
1116,7.01,1.828796387,0,11.92303753,3.972485244,393.4967957,383.6590774,-762.6096191,-741.8831787,-752.6024508,10.16039022,2,44.42217118,10.94801737,188720.6,3632.1,396.539,1048.562,72.3,0.378174108922505,300334.68,0.63,0.49,20.73,0.18,101543.61,4
1117,60.05,42.97680664,0.639551818,25.35441399,8.988666062,142.0368042,106.7705137,-512.0640259,-446.5320129,-475.7078935,6.208531479,1,14.72786167,32.12845438,533895,3490.2,832.577,844.003,11.7,0.986462133428436,591572.81,0.9,0.56,65.53,0.55,1744.78,2
1118,1.22,0,0,3.756816387,2.248842231,121.0055847,120.2762484,-489.8135986,-487.9848022,-489.1931185,0,0,94.81215984,7.293243063,4076.1,230.8,65.394,79.937,25,0.818069229518246,4077.01,1,0.36,1.83,0.96,3055.46,2
1119,3.66,0.914398193,2.232887506,8.390963554,4.969054313,106.9848022,105.5817469,-476.7072144,-472.1351929,-474.8009983,44.69181538,0,12.76909011,1.596136263,9312.6,359.4,90.029,136.228,72.7,0.660870012038641,9332.23,1,0.43,4.57,0.91,1646.88,2
1120,2.13,1.523986816,0,12.84996223,3.946052275,202.3871765,186.9142319,-571.5,-538.581604,-555.8541065,2.292665141,2,18.46524898,12.2688567,239883.8,4109.6,399.402,1287.206,176.7,0.310285999288381,390879.48,0.61,0.48,32.92,0.18,14863.08,3
1121,17.37,10.66799927,0.904387355,15.33171558,7.15732299,126.4920044,117.6311212,-496.8240051,-479.1455994,-486.6600448,13.40122659,1,19.98631207,3.350306649,128662.9,1966.2,209.251,880.242,79.3,0.237719854312791,147047.04,0.87,0.58,17.68,0.42,2770.03,2
1122,0.3,0,0,2.442414284,1.445661423,93.87838745,93.00642917,-462.9912109,-460.2480164,-461.9340488,0,0,53.88900267,32.58404812,11860.6,452.6,103.854,153.962,172.8,0.674543069068991,13261.67,0.89,0.4,2.74,0.73,784.36,2
1123,1.52,1.219177246,0.404526442,11.68769741,3.358202658,171.2975769,168.5530104,-540.71521,-532.4855957,-537.5286635,2.717698224,1,71.11310349,4.529497038,32816.3,754.4,157.87,289.609,33.8,0.545114274763561,35169.25,0.93,0.39,8.23,0.73,10723.23,3
1124,1.22,0.914398193,0.639589012,10.91823769,5.896867577,-3.352813721,-10.81070248,-365.7600098,-346.5576172,-358.1535938,0,0,3.87331154,30.34094039,46051,810.9,231.345,272.757,155.5,0.848172549192138,47971.64,0.96,0.4,19.2,0.88,5747.26,2
1125,4.88,2.438415527,1.179187894,10.05300331,5.679793594,110.3375854,108.2510953,-480.6696167,-473.6592102,-477.4581221,41.41671479,1,12.88520016,9.203714396,16150.2,493.6,118.179,179.413,90.2,0.658698087652511,16697.16,0.97,0.46,7.01,0.84,1870.66,2
1126,0.3,0,0.286018699,8.0372715,4.414561778,116.7384033,114.6404221,-485.8511963,-480.0599976,-483.7255233,0,0,0,72.89317177,11215.4,384.5,106.032,130.435,90.1,0.812910645148925,11260.69,1,0.37,5.79,0.96,2464.17,2
1127,18.29,15.5447998,1.918095946,20.02539635,10.93528512,92.35440063,80.29145167,-463.2960205,-439.826416,-449.6504849,14.00397016,1,26.51815626,9.534617981,49886.9,852.5,229.062,314.29,54.5,0.728823697858666,51328.07,0.97,0.58,23.47,0.86,233.83,2
1128,5.49,2.133605957,0.808945954,17.62548637,9.153228648,98.75518799,89.48880872,-468.4776001,-445.0079956,-458.5531319,0,0,5.293820098,37.05674068,39309.6,806,184.889,296.359,23.4,0.623868348860672,41686.37,0.94,0.42,23.47,0.76,599.7,2
1129,21.03,9.448791504,0,22.31157303,7.298495305,122.2247925,92.61052031,-491.9472046,-427.0248108,-461.5812124,1.865428259,8,16.90191059,4.145396131,788853.8,10399.1,1774.669,2088.948,179.2,0.849551544605227,2500000,0.32,0.47,64.92,0.09,762.34,2
1130,0.91,0,0,1.617711425,0.867190683,484.9367981,484.6966451,-853.744812,-853.4400024,-853.5970256,0,0,100.0692951,0,4901.8,256.1,69.218,83.853,175.5,0.825468379187388,4914.12,1,0.72,0.3,0.94,176145.27,4
1131,3.35,1.828796387,0.639599442,23.58817482,10.82528198,400.5071716,382.7312575,-770.2296143,-713.8416138,-751.7031327,0,0,7.937233256,25.75551199,91762.8,1314.9,300.727,397.68,89.9,0.756203480185073,103483.18,0.89,0.33,56.39,0.67,100953.15,4
1132,1.52,0.914367676,0.57202208,15.60518742,5.600366842,172.5168152,170.407145,-541.9343872,-532.7904053,-539.4023935,0,0,1.446489145,65.09201153,20552,549.8,128.859,203.844,90,0.632145169835757,21179.62,0.97,0.28,9.14,0.86,11110.67,3
1133,7.92,6.096008301,0,22.02809715,7.987901378,121.6152039,113.0336588,-491.9472046,-459.9432068,-482.1009091,15.42952944,1,13.11510003,20.3155471,57801.4,1440.2,247.309,561.975,32.2,0.440071177543485,85584.9,0.68,0.31,32,0.35,2307.23,2
1134,1.52,1.219207764,0.286047071,9.911375046,4.76023644,87.4776001,85.79262963,-457.2000122,-450.7991943,-454.9054432,12.89060048,1,50.39052916,8.203109397,12684.1,412,105.935,142.908,180,0.741281103927002,12726.21,1,0.36,6.4,0.94,432.33,2
1135,28.96,2.133605957,0.28604731,21.82338715,8.158451158,199.3392029,193.9615216,-569.366394,-549.2496338,-562.9593674,33.3306931,0,18.71196805,3.80086851,50839.4,1250.4,154.518,498.501,78.1,0.30996527589714,60278.33,0.84,0.32,20.12,0.41,16631.07,3
1136,8.53,0.609619141,0.639599442,21.37759972,6.644643449,180.1368103,173.4072834,-548.9448242,-536.7528076,-542.6456083,0,0,14.99140762,33.73066717,7932.1,395.5,81.686,152.02,155.1,0.537337192474674,9067.35,0.87,0.52,12.19,0.64,11752.14,3
1137,1.22,0,1.617708564,6.325294018,3.864172983,84.42959595,80.94297604,-453.2376099,-446.5320129,-449.7844436,0,0,0,68.04772071,12232.5,476.2,76.225,204.916,111.8,0.371981690058365,12437.23,0.98,0.52,6.71,0.68,254.18,2
1138,28.65,8.839172363,0.286046028,20.98809052,7.916635386,198.7295837,184.1182288,-569.0615845,-532.1807861,-553.1862111,5.112357965,3,27.45830971,7.256250014,180264.5,2714.8,378.794,1019.442,71.5,0.371569937279414,248711.93,0.72,0.43,36.88,0.31,14189.15,3
1139,10.36,0,2.304976702,11.00359631,6.245417494,412.6991882,406.8525764,-782.1168213,-769.010437,-775.8853415,0,0,0,19.50365638,14480.3,482.3,103.117,191.449,64.2,0.538613416627927,14903.72,0.97,0.48,13.11,0.78,116863.18,4
1140,53.64,4.876831055,0,36.72738266,8.390487569,479.7552185,432.1352688,-848.867981,-726.0336304,-801.0671243,4.387191153,7,52.22343204,0.969058287,843631.3,9918.4,603.829,3786.313,149.1,0.159476778597015,1900000,0.44,0.39,122.83,0.11,134788.31,4
1141,1.52,0.30480957,1.17911303,7.286768436,4.068351741,267.6144104,266.9503762,-637.336792,-634.8984375,-636.2917829,0,0,51.24706513,14.64201862,4060.7,234.1,57.517,81.399,179.7,0.706605732257153,4060.68,1,0.45,2.44,0.93,40783.95,4
1142,0.3,0,0.572025716,4.724063873,2.687476946,178.6127625,178.0720225,-547.7255859,-546.2015991,-547.1848243,0,0,33.51322467,67.02644932,4435.3,242.9,68.813,81.892,89.7,0.840289649782641,4456.35,1,0.38,1.52,0.95,12785.28,3
1143,0.91,0,0.639576733,4.118310928,2.368953495,49.68240356,49.33405413,-419.1000061,-417.5760193,-418.5339501,0,0,91.86608414,4.59330421,3236,207.8,57.356,69.307,1.7,0.827564315292828,3241.45,1,0.4,1.52,0.94,245.42,2
1144,10.06,7.010437012,1.279030204,17.46133232,8.118822923,214.2743835,203.812872,-584.3016357,-560.8320313,-572.9568216,15.34661363,1,12.1157476,28.27007774,55208,913,236.069,300.155,8.8,0.786490313338109,58869.28,0.94,0.49,23.47,0.83,19269.01,3
1145,4.88,3.657592773,0.808974981,14.98099995,6.60047692,258.775177,251.0414634,-629.4119873,-610.2095947,-620.2236547,5.64837285,1,45.56354099,13.93265303,39473.7,1019.6,149.894,384.007,124.4,0.390341842726825,50362.19,0.78,0.48,19.2,0.48,34611.43,4
1146,8.84,6.096008301,2.914522409,12.6737566,7.394149574,54.86398315,49.94196147,-426.1104126,-413.918396,-419.3123819,24.42258673,1,26.99338534,17.35289057,23127.7,576.1,156.461,202.722,134.6,0.771800791231341,23828.5,0.97,0.56,12.19,0.88,226.74,2
1147,7.92,0,0.285991341,5.41114378,2.504912194,382.8287659,379.3757338,-751.6367798,-744.9312134,-748.2706414,0,0,66.10928245,21.58670447,33051.8,766.7,151.956,303.556,76.9,0.500586382743217,35051.3,0.94,0.51,6.71,0.71,98832.1,4
1148,8.23,3.047973633,0.572055399,8.391117096,4.665425859,117.6528015,115.3181101,-487.6799927,-482.1936035,-484.4457402,27.07723882,1,19.44006889,4.165729052,21409.2,580.6,128.713,221.025,73.9,0.582345888474154,22335.09,0.96,0.6,5.49,0.8,2531.91,2
1149,10.67,9.144012451,2.914542198,13.96714497,7.972839685,71.93280029,66.31053833,-443.7888184,-430.6824036,-435.7107354,22.37466616,1,29.4403502,9.420912063,25244.5,583.5,166.775,179.187,90,0.930731582090219,25474.33,0.99,0.62,13.11,0.93,1.72,2
1150,1.83,1.523986816,0.404525727,6.701920986,3.901038847,281.9399719,277.7785404,-651.357605,-640.6896362,-646.7389535,2.742216574,1,20.90940138,34.27770718,43363.9,794.7,200.16,284.071,23.8,0.704612579249554,44558.99,0.97,0.44,10.67,0.86,45274.71,4
1151,22.56,3.048034668,0.404530466,19.79886055,6.959229861,424.8912048,415.8450012,-794.3088379,-760.7808228,-784.8289616,10.33315126,1,39.97743764,16.43140445,87747.9,1403.7,242.212,543.366,68.3,0.445762156631074,104899.42,0.84,0.28,33.53,0.56,123092.21,4
1152,2.74,0.609619141,2.061863661,7.861901283,4.992631419,269.7480164,269.001769,-640.0800171,-636.4224243,-638.4824324,46.97582203,1,13.42166344,10.06624758,4429.9,240,69.479,80.532,88,0.86275021109621,4444.38,1,0.45,3.66,0.97,41616.72,4
1153,3.96,2.438415527,0.572086096,8.27170372,5.019093924,172.8215637,170.9325448,-542.8488159,-537.0576172,-540.1906682,9.447582998,1,41.33317563,9.447582999,12586.6,409.6,116.711,135.282,17.4,0.86272379178309,12701,0.99,0.47,5.79,0.95,11221.7,3
1154,5.49,3.04800415,1.739370465,8.257279396,5.52659863,82.60079956,80.36559347,-452.9328003,-447.1416016,-449.6985402,38.38423821,1,13.5473782,4.515792729,13166.4,421.3,117.942,141.455,0.1,0.83377752642183,13404.11,0.98,0.57,5.79,0.93,236.1,2
1155,17.37,13.10641479,0.904500008,19.1035862,7.161543954,135.0263977,124.5995823,-505.9680176,-484.9367981,-493.7243227,11.7363237,2,59.55097582,8.258894457,68391.4,1085.2,211.042,437.24,67.5,0.482668557314061,71323.51,0.96,0.58,21.03,0.73,3552.11,2
1156,4.27,1.828796387,0,12.46915627,3.058528192,398.9831848,396.8602501,-767.7911987,-760.1712036,-765.7691518,4.257567872,1,79.47460029,1.182657743,62842.1,1397.6,151.768,605.248,1.5,0.250753410172359,74038.25,0.85,0.27,7.62,0.41,110131.23,4
1157,28.04,1.219238281,0.286051482,5.876236916,2.915371832,199.3392029,198.2091278,-568.4520264,-565.7088013,-567.2011753,23.56058864,1,278.9573695,0,15772.3,513.3,104.902,213.253,71.8,0.491913361125049,16229.48,0.97,0.47,2.74,0.75,17744.67,3
1158,2.13,0.914398193,1.429929614,9.287730217,5.022368655,76.80960083,74.35326574,-446.5320129,-439.5216064,-443.4589075,0,0,23.6014065,43.66260201,12596,410.5,113.46,141.086,114.6,0.804190351983896,12767.72,0.99,0.44,7.01,0.94,87.48,2
1159,8.23,8.229614258,0.639597714,15.65730858,6.467033259,68.275177,59.85911446,-438.9120178,-421.5383911,-428.9965393,12.91094284,1,17.21459045,16.90718705,48353.9,956.2,190.16,385.966,45.4,0.492685884248872,53077.89,0.91,0.57,17.37,0.67,26.43,2
1160,2.44,0.914367676,0.639609873,6.977776051,3.775971558,178.3080139,177.166689,-548.0303955,-544.3728027,-546.2659519,37.88803038,0,13.37224602,4.45741534,13338.8,435,110.648,156.525,36.9,0.70690305063089,13482.15,0.99,0.5,3.66,0.89,12581.37,3
1161,6.4,3.962402344,0,13.68268871,8.786315347,264.8711853,260.7583963,-634.5936279,-623.9255981,-630.1078327,32.84445009,1,22.99111506,3.284445008,22628.1,569.3,137.223,212.504,110.7,0.645743138952679,23094.31,0.98,0.42,10.67,0.88,38321.35,4
1162,2.44,0.914398193,0.809027195,7.253783226,4.472779205,73.15197754,70.81910001,-442.5696106,-434.9496155,-439.9348447,0,0,25.19454818,41.6679066,15339.3,457.4,124.412,158.127,168.8,0.786785305482302,15628.65,0.98,0.35,7.62,0.92,33.86,2
1163,0.3,0,0,4.038574219,1.787073442,282.5495911,281.9954099,-651.357605,-649.8336182,-650.9142609,0,0,77.63967761,25.87989253,6317.9,303.8,80.843,106.222,90,0.761075859991339,6432.65,0.98,0.31,1.52,0.86,47087.01,4
1164,12.5,11.27764893,0.639612138,16.71851158,6.268431095,177.0887756,165.7983852,-547.1160278,-525.4752197,-534.7680837,9.693635924,1,33.71699452,13.17070098,141072.1,1941.4,308.393,833.278,18,0.370096174385979,164278.85,0.86,0.57,21.64,0.47,10160.31,3
1165,3.05,2.133605957,1.144007087,14.71688461,6.616017971,120.0911865,117.2772334,-490.4232178,-479.7552185,-486.4499204,0,0,0,64.0429814,16478.8,480.2,127.904,174.01,48.6,0.735038216194472,16756.31,0.98,0.38,10.67,0.9,2732.91,2
1166,32.61,5.79119873,0.286050946,11.85540676,5.167659232,203.6064148,197.9743862,-573.0239868,-561.1367798,-567.0328404,18.06097345,1,93.79031828,4.436028568,46910.9,873.1,189.822,329.172,55.5,0.576665086945427,49238.33,0.95,0.51,11.89,0.78,17682.19,3
1167,2.44,1.219207764,0.28602463,17.61576843,9.281073503,108.8135986,105.1469379,-478.8408203,-466.6488037,-474.3683925,20.80472182,1,6.934907275,20.80472182,15003.7,483.5,96.772,193.854,98.1,0.499200429188977,15324.09,0.98,0.37,12.19,0.81,1611.78,2
1168,6.1,3.352844238,0.404535979,11.63144588,5.587470504,167.6399841,161.971179,-537.3624268,-522.4271851,-530.9818733,10.98865329,1,15.84410474,24.53280735,58165.3,1200.9,165.686,521.653,69.7,0.317617266650436,63535.2,0.92,0.43,14.94,0.51,9403.41,3
1169,9.75,7.010406494,0.858071864,17.93078613,8.215109436,128.0159912,122.8379984,-499.8720093,-485.2416077,-492.2195406,23.41394702,1,9.950927483,15.21906556,25393.7,644.9,156.809,224.059,63.4,0.699855841541737,27265.71,0.93,0.53,14.63,0.77,3345.23,2
1170,28.96,0,0,7.629933834,3.186146028,200.2535706,198.5680485,-569.366394,-564.1848145,-567.4593744,4.985031696,0,88.73356422,0.997006339,44726.3,890.9,161.37,361.975,72.9,0.44580426825057,46686.63,0.96,0.38,5.18,0.71,17840.42,3
1171,5.18,3.352783203,0.904474437,9.735401154,6.14803438,88.08718872,85.60618542,-458.723999,-451.1040039,-454.941863,35.29304252,1,21.38972274,14.97280592,13898.4,434.7,123.148,147.71,36.8,0.833714711258547,14229.45,0.98,0.5,7.62,0.93,424.61,2
1172,5.49,3.657592773,0.285983562,16.16261292,5.651623779,382.5240173,375.84811,-751.9415894,-728.7767944,-744.7963826,10.11372089,3,41.71909867,7.374588148,141091.3,1982,267.109,812.122,156.6,0.328902554049761,177694.78,0.79,0.31,23.16,0.45,96626.55,4
1173,8.23,5.79119873,1.458201528,12.16685295,7.204140342,106.3751831,102.3309646,-477.316803,-466.9536133,-471.6687995,27.26105451,1,17.28749798,9.308652756,22355.3,550.9,161.227,186.434,144.3,0.864793975347844,22746.19,0.98,0.55,10.36,0.93,1393.6,2
1174,1.83,0.609619141,1.808455467,6.879366398,3.759667754,177.0887756,176.514032,-546.8112183,-544.6776123,-545.8184326,16.9343158,1,81.84919307,0,5266.5,264.1,69.181,94.144,94.6,0.734842369136642,5277.25,1,0.49,2.13,0.95,12435.38,3
1175,1.22,0.30480957,1.213453174,8.047391891,3.753298954,42.97677612,42.10593,-412.6992188,-409.0415955,-411.2884138,0,0,38.88383305,5.98212816,4969.5,266.8,75.955,85.929,114.6,0.883927428458378,5136.98,0.97,0.4,3.66,0.88,524.14,2
1176,12.5,7.315185547,1.458264351,19.2721405,9.009220048,121.3103943,115.7892173,-491.9472046,-478.8408203,-485.1618267,27.10363237,1,16.26217942,10.16386213,21936.8,562.9,130.194,215.176,90,0.605058184927687,22299.72,0.98,0.52,13.11,0.87,2579.54,2
1177,16.15,14.02078247,0,23.49683952,9.415557379,81.99118042,64.46893373,-451.7135925,-396.5447998,-433.3977768,3.814689277,10,12.52838019,2.194752735,1137793.8,12707.1,790.524,4683.157,120.2,0.168801515729667,2800000,0.41,0.33,55.17,0.09,0.28,2
1178,33.83,0,0.858109832,6.885287285,2.995462005,408.1271667,407.4358156,-777.5447998,-774.8016357,-776.5337584,0,0,99.8424802,5.120127187,5806.2,281.4,69.538,94.337,180,0.737123292027518,5809.38,1,0.38,2.74,0.92,117262.29,4
1179,1.83,0.609619141,0.286054581,9.526883125,2.783888744,177.6983948,176.8455604,-546.8112183,-544.3728027,-545.8167521,7.127926813,1,83.49857122,2.036550518,14597.4,582.9,87.483,248.134,74.7,0.352563534219414,16420.83,0.89,0.43,2.44,0.54,12509.43,3
1180,2.44,0.609619141,0.404499859,11.96246243,4.579048226,116.7384033,114.5396282,-486.4608154,-479.4504089,-483.6146061,12.19468567,2,25.82404026,13.62935458,20721.4,687.1,92.582,290.035,108.6,0.319209750547348,23531.71,0.88,0.41,7.01,0.55,2454.17,2
1181,5.79,5.181610107,0,14.55320358,4.660274035,33.22320557,24.52883071,-403.5552063,-375.2088013,-393.5090755,3.363919786,5,9.161313461,5.797393675,207678.8,3955.1,248.63,1657.173,129.9,0.15003261578604,338910.88,0.61,0.36,28.35,0.17,1637.92,2
1182,7.62,6.705596924,1.667511821,13.70503616,6.589413383,50.90158081,46.61175628,-421.2336121,-410.8703918,-415.7804,22.866656,1,32.31157913,4.473910955,29901.6,662.7,162.414,251.468,108.7,0.645863489589133,30415.17,0.98,0.53,10.36,0.86,338.13,2
1183,19.2,0.30480957,0.28605327,12.11946392,5.16124164,190.4999695,186.6205843,-559.612793,-543.1536255,-555.5538366,14.44333846,0,43.82806153,3.486323076,29844.9,799.4,165.556,262.024,30.4,0.631835251732666,33660.73,0.89,0.25,16.46,0.59,14791.57,3
1184,22.86,0.609619141,0,8.243037224,3.689733429,425.8055725,416.5207021,-794.6135864,-762.9144287,-785.4498281,2.663551955,1,57.53272223,35.82477379,111611.4,2106.3,219.221,871.442,83.1,0.251561205450277,145290.52,0.77,0.29,31.7,0.32,123566.8,4
1185,2.13,1.219238281,0,20.67920685,5.217842175,169.7735901,167.779843,-539.1912231,-530.3519897,-536.7599794,2.739916754,1,12.52533373,14.09100045,37975.2,873.6,150.229,344.775,21.6,0.435730548908709,42449.13,0.89,0.28,8.84,0.63,10563.7,3
1186,6.4,4.876831055,0.404535979,16.42172241,8.067463402,175.2599792,167.4842813,-545.2872314,-524.2559814,-536.6625277,14.23858373,1,25.19134044,11.77421347,54284.6,1113.4,224.88,375.509,158.2,0.5988671376718,66877.12,0.81,0.41,21.03,0.55,10503.03,3
1187,0.3,0,0,9.506162643,5.11444559,176.174408,173.6644977,-545.2872314,-537.3624268,-542.5816394,0,0,38.25200096,37.01806544,12046.1,471,81.661,190.103,89.9,0.429561869092019,12709.24,0.95,0.35,7.92,0.68,11807.97,3
1188,12.8,4.572021484,0,24.69654465,6.879816406,121.9199829,116.0506895,-492.2520142,-473.9640198,-485.0280932,20.76276099,1,48.89295329,2.344182693,88772.1,1532,190.986,670.308,75.8,0.284922751928964,97960.36,0.91,0.4,18.29,0.48,2606.17,2
1189,0.91,0,0,3.232797384,1.705419398,104.2415771,103.9047048,-473.0495911,-472.1351929,-472.8089664,0,0,49.28454028,32.85636018,2714.4,190.3,54.389,65.058,63.4,0.836007869900704,2726.05,1,0.3,0.91,0.94,1513.58,2
1190,1.83,1.219207764,2.021835566,14.23220921,8.122019088,57.30239868,52.98979544,-427.939209,-414.2232056,-422.2517664,0,0,10.89950902,21.79901804,13637.4,430.9,126.09,140.273,117.1,0.898890021600736,13932.91,0.98,0.42,13.72,0.93,144.25,2
1191,8.53,5.79119873,1.429931879,17.85898399,8.590311714,75.2855835,69.4814472,-445.3128052,-428.8536072,-438.6707556,20.41406126,1,20.41406125,6.933077407,38591,778.7,171.203,299.336,150.2,0.571942566213219,39965.93,0.97,0.41,16.46,0.8,20.08,2
1192,14.33,11.58242798,2.572705507,18.27044296,10.89034211,146.9136047,136.7997756,-517.8552246,-496.2144165,-506.1491821,15.35172196,1,36.98369382,4.884638807,42602.5,794.5,201.796,275.773,9.5,0.731746762736018,44657.16,0.95,0.54,21.64,0.85,5155.21,3
1193,3.66,2.133605957,0,6.767549515,2.879089738,174.9551697,172.8322421,-544.0679932,-538.2767944,-541.7533272,4.03368425,1,33.34512313,14.25235102,55275.1,1263.3,199.801,519.158,21.6,0.384855862762396,71067.08,0.78,0.41,5.79,0.44,11627.79,3
1194,8.23,3.352813721,0.286052763,11.59819031,4.255654901,93.26879883,88.91766029,-463.2960205,-452.0184021,-457.9831454,13.08760886,3,30.12227435,3.32383717,71551.7,1759,320.828,522.961,91.7,0.613483605852062,124354.03,0.58,0.48,11.28,0.29,572.05,2
1195,5.79,5.79119873,0.286000669,26.66241264,9.518997647,196.9007874,176.4221157,-566.9279785,-520.9031982,-545.4633654,2.013342183,2,42.66367958,5.081292176,155039.2,2266.6,241.706,995.892,170.5,0.242703024022685,183683.4,0.84,0.47,46.02,0.38,12414.89,3
1196,0.91,0,0.286056638,3.332239866,1.620120739,473.6592102,472.7825355,-842.7720337,-840.0288086,-841.6544126,0,0,4.82762914,79.17311789,15394.9,523.5,122.354,184.753,5.9,0.662257175796875,16900.27,0.91,0.42,2.74,0.71,166286.6,4
1197,35.97,0.609619141,0,10.83270741,3.219636844,410.5655823,398.105437,-779.6784058,-748.5888062,-767.0027678,1.640527865,1,76.14783507,10.04823317,217454.1,3199.4,352.373,1074.253,48.3,0.32801677072347,301674.94,0.72,0.41,31.09,0.27,110959.23,4
1198,5.18,3.962402344,0.639548123,23.69851875,8.353857626,-42.06240845,-49.37550933,-327.6600037,-304.8000183,-319.6686373,22.11966662,1,34.43370783,6.157020605,65182.8,1153.9,241.511,438.804,45,0.550384681999253,75711.85,0.86,0.35,22.86,0.62,13081.76,1
1199,21.34,1.828796387,1.144032002,17.27471542,7.457380386,131.3688049,125.006398,-500.7864075,-483.7176209,-493.9811125,6.84650298,1,11.77598513,24.64741074,54276.4,1443.8,151.04,617.866,95.6,0.244454299152243,66876.26,0.81,0.4,17.07,0.33,3600.77,2
1200,3.66,3.047973633,0.286055624,12.06200123,3.881815537,113.3855896,110.8473718,-483.1080017,-476.7072144,-479.8443604,10.8480892,2,22.45302183,7.820715469,58919,1344.4,185.04,481.353,96.1,0.384416426198653,72143.65,0.82,0.52,6.4,0.41,2101.98,2
1201,5.18,0.30480957,0,6.87949276,2.475322653,90.8303833,90.27293075,-460.2480164,-457.8096008,-459.2894922,17.00964815,0,78.50606836,1.308434473,11360.3,468.8,114.327,174.19,112.8,0.656335036454446,12849.45,0.88,0.41,2.44,0.65,638.72,2
1202,1.83,1.219207764,1.429974675,8.037642479,4.304319721,96.31680298,95.13892067,-466.0392151,-462.0768127,-464.3860546,0,0,68.08085379,13.96530334,8514.9,338.7,93.911,106.054,89.9,0.885501725536048,8584.23,0.99,0.43,3.96,0.93,908.35,2
1203,4.27,3.352783203,1.739436388,16.97208786,9.476272884,66.44638062,60.53814819,-437.3880005,-420.6239929,-429.8484724,4.751702302,1,15.83900768,26.13436267,18769,499.2,139.355,178.55,17.2,0.780481657798936,18874.68,0.99,0.45,16.76,0.95,19.91,2
1204,3.35,2.438415527,0.639620841,6.495047092,4.152388978,24.68878174,21.44682598,-394.1064148,-385.8768005,-390.5009629,22.64112969,1,17.25038452,17.25038452,27573.4,636.7,168.13,228.765,56.7,0.734946342316351,28808.21,0.96,0.44,8.23,0.86,1896.88,2
1205,4.88,2.74319458,2.001544952,10.25430298,5.930769316,106.6799927,103.5273117,-477.0119934,-468.7824097,-472.8371687,28.11170891,1,17.06782327,25.0997401,14805.1,450.7,117.943,153.969,90.5,0.766017834758945,15018.99,0.99,0.51,8.23,0.92,1484.35,2
1206,0.91,0.914428711,0.286048889,15.86832809,6.085238279,340.7663879,325.1538602,-710.4888306,-676.9608154,-694.1279832,0,0,7.251545491,64.91017551,84041.4,1330.2,221.705,512.811,7,0.432332769772879,92266.33,0.91,0.49,33.53,0.6,67680.03,4
1207,16.46,11.88720703,0,16.73031807,6.30296669,125.5776062,111.5925351,-495.9096069,-473.0495911,-480.5420707,3.757563546,7,13.32227076,2.357017134,435137.2,5207.6,322.16,2328.989,77.3,0.13832611489363,623885.3,0.7,0.68,22.86,0.2,2170.86,2
1208,1.22,0.30480957,0.286030084,9.050785065,3.437177667,118.8719788,117.8199394,-487.9848022,-484.632019,-486.854093,0,0,61.52298365,29.05252005,8697.7,361.7,81.358,130.958,90.3,0.621252615342324,8877.58,0.98,0.35,3.35,0.84,2789.95,2
1209,9.14,1.828796387,1.279078841,6.672054768,4.086674637,118.8719788,117.5798095,-488.5943909,-485.2416077,-486.7913595,38.33695948,1,29.81763515,4.259662163,10468.5,372.4,106.063,118.833,89.1,0.892538267989532,10558.13,0.99,0.55,3.35,0.95,2764.64,2
1210,7.01,4.876831055,3.194814205,13.32315445,8.152582432,179.2223816,174.8668838,-550.468811,-538.8864136,-544.4012919,32.02788442,1,7.535972803,12.24595581,15779.4,466.6,130.252,153.703,0.2,0.847426530386525,16122.29,0.98,0.53,11.58,0.91,12070.73,3
1211,19.2,0,4.367339134,15.01128864,9.477372941,393.8016052,384.9418462,-762.9144287,-745.5408325,-753.8731504,0,0,0,0,13050.4,481.2,111.006,171.204,8.4,0.648384383542441,14366.41,0.91,0.52,17.37,0.71,102362.78,4
1212,3.96,3.352783203,0.572075069,9.864064217,5.490462706,107.5943909,104.5744414,-477.316803,-469.6968079,-473.7022145,20.41644543,1,29.6966479,5.568121482,24025.6,588.8,146.557,226.303,137.2,0.647614039584097,24463.2,0.98,0.48,7.62,0.87,1566.14,2
1213,7.32,5.79119873,1.213404536,13.92156696,6.678532063,81.68640137,77.07629134,-452.9328003,-441.6552124,-446.3495269,24.00470235,1,15.33633761,17.33672948,22291.8,559.7,130.095,203.759,0.1,0.638474864913942,22481.98,0.99,0.59,11.28,0.9,145.84,2
1214,0.91,0,0.809010148,5.702180386,2.460389087,158.4960022,157.0657677,-527.6088257,-523.9512329,-525.9910153,0,0,0,0,11254,401.4,103.102,148.357,25.1,0.694958781857277,11313.79,0.99,0.45,3.66,0.88,8476.11,3
1215,6.71,5.79119873,1.808555603,12.98131084,6.48084585,96.62158203,91.82892927,-467.5632019,-455.3712158,-461.0481059,22.43599298,1,14.6094838,24.00129482,28488.1,626.5,170.317,220.51,108.6,0.772377669946941,29137.58,0.98,0.54,12.19,0.91,719.79,2
1216,2.13,1.523986816,0.286057681,15.6295681,5.825547746,22.25039673,19.59801414,-391.3631897,-377.6472168,-388.6246228,8.099854397,1,23.28708139,7.593613497,29361.8,761.1,163.621,280.753,133.5,0.582793416276941,32013.45,0.92,0.2,13.72,0.64,2061.34,2
1217,2.13,0.914398193,0.63960278,10.64373207,5.173195512,118.2623901,116.7216906,-487.9848022,-482.8031921,-485.8637307,23.69295623,1,19.5118463,9.755923157,10665.2,418,91.205,174.016,115.2,0.524118471864656,10952.41,0.97,0.42,5.18,0.77,2675.13,2
1218,2.44,0.609619141,0,15.64147663,6.061236094,355.7015686,353.5598138,-725.1192017,-718.4136353,-722.6971739,1.345823693,0,26.24356199,21.53317907,22089.3,732.6,105.722,311.174,68,0.33975203583847,25194.75,0.88,0.37,6.71,0.52,83266.77,4
1219,2.44,0.609588623,0,8.620205879,2.817281508,88.08718872,86.53740047,-457.5047913,-452.6279907,-455.4556115,1.534803389,0,64.84544317,2.302205085,38738.9,946.6,252.558,301.437,90.1,0.837846714238796,49452.19,0.78,0.43,4.88,0.54,463.86,2
1220,6.71,5.18157959,2.858161211,23.10154724,13.6745277,49.68240356,40.80733333,-420.6239929,-394.7160034,-410.3526939,8.032115117,1,21.9057685,11.68307653,20356.5,545.7,150.885,189.7,107,0.795387453874539,21173.18,0.96,0.4,25.91,0.86,585.29,2
1221,0.3,0,0,6.978025913,2.478140529,42.67199707,41.97808448,-411.78479,-409.0415955,-410.9060695,0,0,73.51516035,2.1622106,13749,485.2,96.176,197.947,122.7,0.485867429160331,14299.08,0.96,0.33,2.74,0.74,530.01,2
1222,2.74,1.828796387,0.404465586,32.02550888,16.37634623,340.7663879,327.8485568,-711.7080078,-679.399231,-697.3746602,0,0,4.96430879,57.08955109,17965.2,546.4,135.126,178.874,138.8,0.75542560685175,19279.56,0.93,0.45,32.31,0.76,69089.36,4
1223,4.57,2.438354492,0,10.49952888,3.417833115,161.5439758,159.0849547,-530.3519897,-524.2559814,-528.0009189,28.81518029,1,22.79018805,4.977167505,56742.9,1080.5,161.854,468.285,47.8,0.345631399681818,59908.54,0.95,0.39,6.1,0.61,8851.98,3
1224,52.43,8.534362793,0,36.55082703,8.281258959,223.4183655,193.7980823,-592.8359985,-503.2247925,-562.7603232,6.920472795,0,33.68595434,6.162064817,470379.3,7778.6,784.43,1852.389,46.1,0.42346936847498,965543.13,0.49,0.34,89.61,0.1,16588.95,3
1225,2.13,0.609588623,1.458306193,4.681225777,3.128441756,83.81997681,83.60408656,-453.8471985,-452.3232117,-452.9963023,0,0,95.59968303,0,3731.6,224.1,57.261,81.232,90,0.704906933228284,3732.85,1,0.6,1.52,0.94,346.11,2
1226,7.01,4.876800537,0.904491544,14.14758968,7.965673284,109.4231873,104.9341643,-478.8408203,-468.1727905,-474.2078449,28.17526442,1,18.59567451,10.14309519,26378,647.4,140.821,259.139,33.9,0.543418782969758,27287.31,0.97,0.44,10.67,0.79,1594.74,2
1227,9.14,6.705596924,0.286031902,10.76424885,5.370780337,-41.75759888,-47.45894802,-327.9648132,-313.0296021,-321.5287885,21.92189831,1,29.7655133,12.87157332,73907.5,1147.6,295.313,354.241,116.4,0.833649972758659,81498.71,0.91,0.43,14.94,0.71,12647.01,1
1228,2.13,0.609619141,0.286058217,8.971703529,4.98154358,327.3551941,319.7306305,-696.4680176,-678.1799927,-688.6855681,0,0,0,65.2412366,49667.7,970.9,188.119,367.976,167.9,0.511226275626671,54878.4,0.91,0.43,18.29,0.66,64887.69,4
1229,6.4,6.400817871,0,16.99110413,4.662630764,102.1080017,82.31639421,-470.9160156,-429.7680054,-451.3135943,4.365761994,1,4.365761994,30.35727526,146402.4,3154.7,191.008,1394.765,47.4,0.136946367309188,210913.75,0.69,0.48,41.15,0.19,299.86,2
1230,2.13,1.219238281,0.286063641,16.44892693,6.227868213,352.653595,350.937915,-722.3760376,-715.3656006,-720.0978639,0,0,6.184660618,12.36932123,14420.3,499.7,97.009,193.672,52.2,0.500893262836135,15553.93,0.93,0.33,7.01,0.73,81760.49,4
1231,21.34,8.229553223,0.639635921,35.22439957,16.16192203,414.8327942,403.2369992,-784.8599854,-749.5032349,-772.6501469,42.04288996,0,4.425567364,10.69512113,40304.4,772.8,208.479,260.019,7.1,0.801783715805383,41665.28,0.97,0.35,35.36,0.85,114404.27,4
1232,1.22,0.609558105,0.639632463,10.64400673,4.885144824,256.0320129,253.4269953,-625.449585,-614.7816162,-622.4584036,0.615133452,0,43.05934161,13.53293594,24164.1,581.3,158.258,196.989,26.7,0.803384960581555,24731.91,0.98,0.28,10.67,0.9,35504.73,4
1233,2.44,0.914398193,0,3.842792273,2.003615685,102.1080017,101.2070583,-471.2207947,-468.7824097,-470.1056549,3.245404645,1,68.5591731,7.302160449,36640.5,845,154.703,325.497,89.9,0.475282414277244,39657.98,0.92,0.48,2.44,0.65,1310.95,2
1234,33.53,3.657592773,0,24.48531723,5.948095233,206.0447693,191.5240156,-575.4624023,-539.4960327,-560.4543843,22.98822838,0,19.02123322,22.98822838,292262.3,4729.2,692.8,909.157,75.7,0.762024600811521,511941.58,0.57,0.42,35.97,0.16,16008.33,3
1235,1.22,0.609558105,0.639637649,8.194925308,4.27474651,306.6288147,304.5945123,-676.0463867,-668.7312012,-673.7039013,0,0,14.65721373,40.58920726,13183.5,444,118.736,151.184,110.2,0.785374113662822,13907.82,0.95,0.32,7.32,0.84,57405.53,4
1236,32,4.876831055,0,23.77523422,6.331874501,434.3399963,419.5578936,-803.7576294,-750.112793,-788.5014219,10.61364029,2,12.94864115,9.941443068,420142.7,6375.4,662.516,1818.724,100.8,0.364275173143369,811060.89,0.52,0.28,53.64,0.13,125711.3,4
1237,10.97,8.229553223,0,15.93871498,6.795283493,371.2463684,358.2547833,-740.3591919,-704.0880127,-727.2057558,14.3650138,1,10.42939358,22.33464475,151072.9,1887.1,445.436,570.197,146.5,0.781196674131923,175772.25,0.86,0.36,36.27,0.53,85998.37,4
1238,0.91,0.609619141,0.28606236,9.634108543,4.246938171,271.5768127,261.5922165,-640.6896362,-607.4664307,-630.5075674,6.697288172,1,31.55166872,26.78915269,99874.2,1783.8,194.264,771.737,67.2,0.251723061094648,115654.65,0.86,0.31,33.22,0.4,38648.5,4
1239,5.79,3.352813721,0.639644027,12.97264481,6.201447798,24.99359131,21.71588577,-395.020813,-385.571991,-390.8169203,17.30943355,1,17.79025115,12.50125756,30914.3,745.6,150.077,291.344,147.3,0.515119583722335,33901.27,0.91,0.45,9.45,0.7,1873.51,2
1240,0.91,0.30480957,1.031322718,11.2937603,5.418391737,249.3263855,246.770759,-618.7440186,-609.2952271,-615.7830904,0,0,3.45258403,63.29737387,12915.7,420.3,118.191,129.46,90,0.912953808126062,13156.99,0.98,0.32,9.45,0.92,33040.61,3
1241,53.04,10.05841064,0.85811913,25.16028023,8.397801937,223.4183655,200.9074814,-593.4456177,-545.2872314,-569.8737466,7.999892157,1,29.03664561,16.23681816,250835.8,2644,336.177,983.63,45,0.341771804438661,301980.39,0.83,0.49,48.16,0.45,18470.84,3
1242,9.75,7.924804688,0.639630139,22.01997566,7.092067971,184.4040222,152.6309439,-554.4312134,-475.7928162,-521.5958861,8.04140451,1,10.85589609,17.46133551,258783.2,3655.4,385.557,1403.596,79.6,0.274692290374153,402704.37,0.64,0.42,78.64,0.24,7679.18,3
1243,33.22,5.48638916,0,16.43340111,5.112639337,143.5608215,132.6230899,-512.673584,-482.1936035,-501.5381112,10.56469059,1,35.55920249,8.709427855,288427.7,3219.7,348.711,1214.841,84.4,0.287042501858268,356326.8,0.81,0.37,30.48,0.35,4572.88,3
1244,5.18,3.04800415,0.286037087,8.136417389,5.358816709,77.41918945,74.05232333,-447.1416016,-438.3023987,-443.287057,3.075344629,1,38.44180786,16.1455593,19333.3,519.2,141.798,167.529,178.8,0.846408681482012,19830.98,0.97,0.44,8.84,0.9,81.94,2
1245,31.39,1.828796387,0,14.05951309,4.85126056,203.9111633,200.7608057,-573.3287964,-561.4415894,-569.7688823,1.155034773,0,60.06180822,14.63044046,38607,817.2,217.854,269.878,80.5,0.807231415676713,43289.88,0.89,0.3,11.89,0.73,18431,3
1246,3.96,3.962371826,0,12.37106705,4.663906452,135.6359863,119.4265614,-504.7488098,-476.7072144,-488.3525426,4.353161138,2,18.01308057,1.901380727,297067,4910.1,320.634,2169.938,96.3,0.147761825453077,475829.8,0.62,0.59,28.04,0.16,2962.25,2
1247,9.75,8.534362793,0,18.79160881,6.28123935,207.8735657,191.1226951,-579.1199951,-536.7528076,-560.1170993,2.601722688,1,10.81340992,9.675156248,182822.2,2724,563.419,692.146,147.2,0.814017562768549,283776.81,0.64,0.45,42.37,0.31,15906.93,3
1248,0.61,0.609619141,0.286067516,7.270641327,2.779162834,168.5544128,165.7642983,-537.6672363,-532.1807861,-534.6967586,0,0,40.34136598,4.746043056,25055.2,689.8,133.224,255.132,73.4,0.522176755561827,28228.06,0.89,0.55,5.49,0.66,10153.44,3
1249,19.51,5.48638916,0,23.76430511,6.079825037,412.3943787,404.6477713,-783.031189,-754.3800049,-773.6138386,31.88636875,0,18.34760893,3.847079292,200914.9,2950.4,479.18,780.319,18.4,0.61408218946354,265432.01,0.76,0.33,28.65,0.29,115360.61,4
1250,4.27,3.352813721,1.144130588,10.82235909,4.682965819,101.4983826,98.81989582,-470.9160156,-463.2960205,-467.8697077,30.80805177,1,25.20658782,10.08263513,26536.2,604.3,154.582,215.748,90,0.716493316276397,26950.7,0.98,0.41,7.62,0.92,1143.79,2
1251,13.11,10.66799927,2.081652403,18.10653114,11.11428877,69.79919434,62.03500275,-441.9599915,-424.5863953,-431.6406075,22.3768986,1,12.7004019,15.11952608,24577.7,568.8,166.822,166.849,89.9,0.999838177034325,24646.72,1,0.6,17.37,0.96,8.79,2
1252,3.96,1.524017334,0,10.68811798,4.623774947,64.61758423,63.2918559,-434.9496155,-429.7680054,-432.4993671,28.28030051,0,19.19020391,9.09009659,14716.8,536.7,86.092,204.305,84.3,0.421389589094736,16158.35,0.91,0.48,5.18,0.64,2.92,2
1253,15.24,13.10641479,2.459261894,17.84962273,10.01905367,74.3711853,65.15696034,-445.6176147,-427.0248108,-434.5998577,18.79515464,1,18.33673623,12.37729695,32424.8,674.9,185.654,239.809,18.5,0.774174447164201,33330.59,0.97,0.6,18.59,0.9,0.02,2
1254,1.22,0,1.031338573,15.62296295,7.105892642,162.153595,158.6170143,-531.571228,-520.2935791,-527.8239576,0,0,11.97048088,4.48893033,9933.9,401.9,76.063,162.624,75.6,0.467723091302637,10214.7,0.97,0.34,11.28,0.77,8764.15,3
1255,8.23,0,1.429893494,11.24228382,6.587715064,181.051178,173.0058651,-550.1640015,-529.1328125,-541.9170231,0,0,0,62.19781808,38954,747.4,213.209,223.463,128.6,0.954113208898117,40088.81,0.97,0.39,21.03,0.88,11665.27,3
1256,6.71,3.962402344,0.404555023,10.77514744,5.242782755,87.17279053,82.96898975,-456.8952026,-445.6176147,-452.0330355,14.38621707,2,15.39933095,3.849832737,73358.7,1521.6,175.469,626.824,27.5,0.27993344224216,89411.64,0.82,0.43,11.28,0.4,322.88,2
1257,4.27,3.962402344,0,14.26444149,4.545754514,52.7303772,43.61677524,-422.1480103,-402.6408081,-412.5533617,5.660416472,3,45.28333177,5.870061526,141802.9,2063.2,242.913,853.149,151.5,0.284725176962055,179810.97,0.79,0.49,19.51,0.42,457.24,2
1258,1.83,0.609619141,0.404560894,6.642129898,4.046636705,249.6311951,248.0055896,-619.0488281,-614.1719971,-617.1509188,6.749399896,1,41.84627932,29.69735953,11011.5,399.7,100.835,141.824,168.7,0.710986856949458,11254.37,0.98,0.4,4.88,0.87,33491.05,3
1259,1.22,0.609619141,0,6.255475998,3.47174414,234.0863953,232.238369,-603.1992188,-597.7128296,-601.2221256,0,0,9.154320238,61.33394558,16237.3,470.1,136.516,158.063,48.5,0.863680937347766,16476.99,0.99,0.37,5.49,0.93,27968.67,3
1260,0.3,0.30480957,0,8.077594757,4.820422313,466.6487732,461.7177176,-835.7615967,-822.6552124,-830.6551661,0,0,11.44978381,45.79913524,32455.1,673.9,188.51,233.895,133,0.805959939288997,33403.87,0.97,0.39,13.11,0.9,157384.95,4
1261,10.97,8.22958374,2.86417E-05,12.54089451,8.347690459,54.25439453,49.57581527,-425.805603,-415.1376038,-419.0381901,26.78850512,1,28.19842645,7.754567273,21085.1,524,154.551,154.684,90.1,0.999140182565747,21123.3,1,0.64,10.67,0.97,237.91,2
1262,12.5,9.144012451,0.63962245,15.81352901,9.426439226,125.5776062,115.0904622,-496.2144165,-471.2207947,-484.2903616,13.16960261,1,32.70451314,5.267841044,67720.2,1160.7,198.076,455.733,139.8,0.434631681269515,73826.57,0.92,0.48,24.99,0.63,2509.05,2
1263,1.22,0,0,5.478415012,2.158579512,147.2184143,146.1181402,-516.0264282,-512.9783936,-515.0562521,0,0,64.20573487,14.53714751,12269.9,493.7,81.497,208.836,70,0.390244019230401,13502.64,0.91,0.33,3.05,0.63,6580.15,3
1264,27.43,4.267211914,0,11.05044746,4.509789747,429.7679749,423.1527078,-799.1856079,-784.5552368,-792.0798551,15.54579168,2,61.46566864,2.710548293,186449.7,2654.3,313.222,1117.519,90.1,0.28028337773228,230608.32,0.81,0.49,14.63,0.33,128273.36,4
1265,2.44,1.828796387,0.286070645,7.682803631,3.996360177,229.5143738,227.1048481,-598.6271973,-591.3120117,-596.1166631,0.596748299,0,20.8861905,3.580489799,24908.6,591.9,172.514,187.677,8.1,0.919206935319725,25553.66,0.97,0.35,7.32,0.9,26277.98,3
1266,1.22,0.914428711,0,27.68154907,5.635641202,187.4519959,180.6032782,-556.5648193,-530.3519897,-549.5380186,2.881299217,1,49.7924521,9.184141254,165082.7,2565.9,401.254,761.639,14,0.52682963976372,255673.69,0.65,0.27,26.21,0.32,13364.12,3
1267,22.86,3.352783203,0.404561967,9.908252716,5.486636444,132.8927917,126.1544447,-502.3103943,-485.5464172,-495.1505449,11.79478629,1,20.57230167,9.600407444,54189.9,1074.4,209.076,400.32,80.9,0.522272182254197,62895.16,0.86,0.43,16.76,0.59,3739.87,2
1268,3.05,1.219207764,0.572104096,9.626204491,4.878351408,119.4815979,118.3052521,-489.20401,-485.2416077,-487.5657034,34.36365554,1,13.09091639,4.90909365,9083.6,353,93.682,118.585,90,0.789998735084539,9230.72,0.98,0.42,3.96,0.92,2841.45,2
1269,19.51,3.657592773,0,24.34045219,6.639617764,421.5384216,402.0357091,-791.2608032,-734.5679932,-770.9889568,5.064890147,1,29.16036018,12.8856764,399124.8,6765.9,859.912,1355.324,82.2,0.634469691380068,758854.54,0.53,0.36,56.69,0.11,113593.07,4
1270,3.05,0.914398193,0.639661968,7.556915283,4.307515539,58.52160645,57.37372865,-428.2440186,-424.2816162,-426.6810965,60.21862484,0,4.46063888,13.38191664,6664.6,306.3,88.094,99.974,165.8,0.881169103967031,6827.94,0.98,0.4,3.96,0.89,58.16,2
1271,6.1,0.914428711,0,8.63434124,2.945843536,408.4319763,405.8792125,-777.8496094,-772.0584106,-774.8100573,10.53737368,1,64.9446296,3.225726635,69120,1490.8,168.886,632.176,94.9,0.267150287261775,90729.51,0.76,0.53,5.79,0.39,116198.64,4
1272,10.06,8.839202881,0,21.50486755,8.60060355,73.45678711,60.03307715,-443.4840088,-413.3088074,-429.1071577,8.727024448,3,19.41517799,4.118371088,151587.6,2365.8,215.226,1011.637,21.4,0.212750225624409,192214.85,0.79,0.48,30.18,0.34,24.67,2
1273,2.74,1.219177246,0,8.583767891,4.527586492,227.3807678,225.1883772,-596.7984009,-589.1784058,-594.2156305,13.91128604,1,31.73512127,11.7376476,34191.8,796,153.336,329.352,123.2,0.465568753188078,36499.68,0.94,0.34,7.62,0.68,25660.32,3
1274,5.79,3.352813721,0.286064148,24.57324409,4.997657795,121.6152039,101.5724446,-491.337616,-447.1416016,-470.4757701,1.799060498,2,52.17275445,17.0218801,322224.6,4637.6,485.731,1445.257,53.5,0.336086246252397,475773.27,0.68,0.47,44.2,0.19,1337.54,2
1275,2.44,0,0,13.80233097,6.185450607,405.0791931,403.2676455,-774.1920166,-767.7911987,-772.2999475,0,0,1.929386634,79.10485187,7704.1,338.5,79.408,129.826,100.9,0.611649438479195,7931.74,0.97,0.3,6.4,0.85,114425,4
1276,5.79,4.87677002,0,32.16088867,13.60085603,169.7735901,165.555311,-541.9343872,-523.6464233,-535.356749,28.53601645,1,3.891274969,16.86219153,11459.6,400.8,105.84,142.082,179.9,0.744921946481609,11469.93,1,0.36,18.29,0.9,10111.37,3
1277,10.97,8.229614258,1.179335237,13.28679085,7.356397692,63.09359741,57.22155311,-433.1208191,-421.5383911,-426.4523123,20.85483783,1,28.67540201,6.951612609,34211.7,681.5,190.308,227.928,90,0.834947878277351,34782.49,0.98,0.58,11.58,0.93,60.5,2
1278,3.66,1.828796387,0.858135581,18.37458801,6.063768567,89.00158691,84.18374458,-458.723999,-445.3128052,-453.2401144,11.19986338,1,36.50325841,34.01439988,35833.6,742.6,204.557,250.312,167,0.817208124260922,37379.36,0.96,0.41,13.41,0.82,368.02,2
1279,3.66,1.828796387,0.858135581,18.37458801,6.063768567,89.00158691,84.18374458,-458.723999,-445.3128052,-453.2401144,11.19986338,1,36.50325841,34.01439988,35833.6,742.6,204.557,250.312,167,0.817208124260922,700412.66,0.05,0.41,13.41,0.82,368.02,2
1280,11.58,0,0,3.88499999,1.857458215,512.3687744,510.0815702,-881.1768188,-875.9952393,-878.9481089,0,0,86.43424303,12.40491451,37145.6,860.9,185.945,282.331,170.8,0.658606387538032,40080.11,0.93,0.44,5.18,0.63,198097.6,4
1281,10.06,2.133605957,0,18.65663719,7.544847362,119.786377,114.5088893,-489.5088196,-471.8304138,-483.4916168,3.73975453,1,26.48992792,19.94535749,47695.6,1114.4,143.656,460.921,92.9,0.31167163136416,56493.82,0.84,0.34,17.68,0.48,2451.13,2
1282,1.52,0.30480957,0,5.702512741,3.547904492,53.03518677,51.92726595,-422.4528198,-418.7951965,-421.0255665,3.242693693,0,37.29097747,25.94154954,9167.8,357.7,105.022,108.645,166.2,0.966652860232869,9420.9,0.97,0.4,3.66,0.9,170.9,2
1283,13.41,10.36322021,0.90458107,14.01694679,7.205545043,57.9119873,49.64875769,-428.2440186,-411.1752014,-418.7615722,16.7412623,1,11.46661802,10.31995621,64814.9,967.9,271.71,309.324,5.7,0.878399348256197,67107.28,0.97,0.56,17.07,0.87,235.66,2
1284,2.74,1.219207764,0.639668345,6.720510006,3.998111794,119.786377,118.8826813,-489.5088196,-486.4608154,-488.0757088,21.03969933,1,38.57278208,5.259924831,8477.8,351.7,81.629,130.787,89.6,0.62413695550781,8657,0.98,0.49,3.05,0.86,2903.34,2
1285,0.61,0,0.286078155,4.059039593,1.794324756,73.76159668,73.22701745,-442.8744202,-440.7408142,-442.1944679,0,0,49.15423613,23.04104819,9676.7,368.9,108.729,114.367,153.1,0.950702562802207,10056.39,0.96,0.33,2.13,0.9,67.68,2
1286,11.58,10.66799927,0.404571861,18.50384521,9.178049271,106.6799927,97.13062306,-477.6216125,-455.6759949,-466.4840277,10.46001313,2,26.27759396,4.592200888,58262.8,1277.3,199.9,460.185,130.5,0.434390516857351,73971.43,0.79,0.51,21.95,0.45,1032.38,2
1287,14.02,8.534423828,0,19.46174431,5.930489984,170.6880188,163.3672697,-540.71521,-524.560791,-532.3503229,13.432779,2,42.83967357,2.813622628,163770.5,2247.6,229.417,972.896,12.5,0.235808349504983,191666.02,0.85,0.52,16.15,0.41,9676.12,3
1288,13.72,11.27758789,2.021988392,14.55693245,7.86420605,64.31280518,56.03354679,-435.5592041,-418.7951965,-425.3091512,16.21770816,1,32.05826032,24.51514024,39411.1,727.6,207.288,237.957,23.8,0.87111536958358,40013.64,0.98,0.62,16.76,0.94,80.4,2
1289,1.22,0.609619141,0.809105575,5.876833916,3.376425131,220.0655823,219.1576674,-589.4832153,-586.7399902,-588.3353362,0,0,40.81902469,45.35447186,6554.7,291.2,81.808,94.231,90.4,0.868164404495336,6564.07,1,0.43,2.74,0.97,23764.59,3
1290,0.91,0.30480957,0.286077619,6.880027294,3.705712356,229.2095642,227.2145398,-598.3223877,-592.2263794,-596.17621,0,0,16.85552089,42.98157827,17637.1,479.8,141.503,154.826,180,0.913948561611099,17744.15,0.99,0.36,6.1,0.97,26313.56,3
1291,0.91,0,0.809025347,8.870203972,4.503300122,127.4064026,124.566012,-496.8240051,-488.2896118,-493.5794333,0,0,38.65427772,47.40618965,20380.7,567,116.959,223.92,104.4,0.522324937477671,20878.55,0.98,0.38,8.53,0.8,3548.11,2
1292,11.28,8.839202881,0.809018731,12.00178623,4.772443518,44.19598389,34.34763605,-413.918396,-392.2776184,-403.3166969,7.183412308,1,48.39971243,5.534760303,126223.1,1690.5,306.67,669.031,143.5,0.458379357608242,145178.17,0.87,0.49,21.64,0.56,939.57,2
1293,7.62,6.400817871,0.28607583,12.16789818,5.270348208,37.18557739,31.03337226,-406.90802,-392.5823975,-400.0561007,13.1598203,2,29.44230983,8.475816466,66641.1,1155.7,267.762,404.417,73.3,0.662093828894433,79772.34,0.84,0.48,14.33,0.63,1153.73,2
1294,11.58,9.448791504,0.639532149,15.48051167,5.894428257,184.0992126,170.9342545,-554.4312134,-522.1224365,-539.9259557,7.689037196,1,14.31751754,27.309339,112123.3,1750.5,344.389,497.379,101.4,0.692407600642568,130856.45,0.86,0.45,32.31,0.46,11222.07,3
1295,4.57,1.523986816,1.213499069,19.05568504,7.830128003,72.54238892,69.50611408,-442.264801,-430.377594,-438.7830509,33.23985945,1,19.17684199,24.29066653,11626.6,403.9,118.275,130.618,0.8,0.905503070020977,11933.63,0.97,0.3,11.89,0.9,20.31,2
1296,5.18,0,1.179244399,3.885008574,2.371338527,505.9679871,504.1873217,-874.776001,-870.8135986,-873.0514832,0,0,0,82.88597852,11477.3,468.6,95.751,163.954,16.6,0.584011369042536,12992.85,0.88,0.45,3.96,0.66,192885.5,4
1297,3.05,1.524047852,1.031376839,12.30325603,4.793675424,173.7359924,172.1689543,-543.4584351,-538.581604,-541.3427311,3.548129174,0,66.23174458,5.913548625,12567.9,410.9,108.588,147.979,26,0.733806823941235,12627.63,1,0.44,4.88,0.94,11485.18,3
1298,17.98,13.71600342,0.286044061,20.56243324,8.27857059,132.5879822,120.0312687,-502.6152039,-476.0975952,-489.0269313,12.17548852,4,16.52873581,1.700487223,218527.7,3025.6,286.136,1329.046,112.7,0.215294278753331,293334.75,0.74,0.51,26.52,0.3,3028.44,2
1299,14.02,5.486419678,0,18.54343224,5.217074835,99.66958618,88.78221582,-469.0872192,-439.2167969,-457.7074387,14.79797969,1,19.886244,4.808176365,318417.3,4200.8,635.255,1457.885,50.5,0.435737386693738,700412.66,0.45,0.38,29.87,0.23,565.59,2
1300,8.23,5.18157959,0.904510975,22.01833153,9.581689416,161.8487854,157.6177529,-531.8759766,-521.5128174,-527.0663664,21.62732411,1,7.785836681,5.190557789,17182.1,482.3,127.44,170.7,19,0.746572934973638,17275.46,0.99,0.47,10.36,0.93,8578.05,3
1301,1.22,0,1.17932713,8.03832531,3.596011014,20.11679077,19.51938232,-390.1440125,-387.0960083,-388.7906934,0,0,37.13112396,49.50816529,3602.8,224.6,56.215,81.307,179.9,0.691391885077546,3615.38,1,0.46,3.05,0.9,2068.49,2
1302,5.18,2.438415527,0.5721488,13.75871658,5.230070817,72.54238892,70.77181047,-442.8744202,-435.5592041,-440.0284647,43.75309003,0,13.46248924,4.487496413,13249.4,486.6,118.228,184.531,123.1,0.640694517452352,14638.59,0.91,0.39,7.32,0.7,33.31,2
1303,7.92,5.181610107,0.809096336,9.912614822,6.454640238,45.41519165,41.94585149,-416.3568115,-407.8224182,-411.2738176,29.18552483,1,10.94457181,13.8631243,20371.9,526.3,154.686,165.644,89.9,0.933846079544082,20828.23,0.98,0.6,8.53,0.93,531.49,2
1304,5.49,2.43838501,0.286077619,10.14732647,4.299407701,18.28799438,12.08419372,-387.7055969,-370.9415894,-381.0514236,4.102510074,2,30.35857455,31.79445307,72463.7,1325.2,250.325,503.598,24.5,0.497073062244091,88721.2,0.82,0.4,16.76,0.52,2800.08,2
1305,4.57,3.657592773,0.858186722,14.0200491,5.911712877,49.37759399,45.63930862,-419.7095947,-409.0415955,-414.8023254,17.39945659,1,13.91956528,9.85969207,25628.6,609.8,152.612,224.66,27.3,0.679302056440844,26228.91,0.98,0.46,10.67,0.87,374.84,2
1306,1.52,0.609619141,0,8.282277107,3.384590056,-57.60720825,-60.70818508,-311.5056152,-301.7520142,-308.1812113,22.09462142,0,26.91988357,44.443204,58529.2,964.9,235.606,339.785,125.7,0.693397295348529,62314.85,0.94,0.34,9.75,0.79,15802.55,1
1307,14.63,10.66799927,0.404576272,17.2090683,8.304296111,26.51757813,16.78192074,-396.8496094,-372.4656067,-385.8429383,21.17195138,1,10.66803751,12.80164502,90566.7,1165,294.249,404.459,167.5,0.727512553806443,94586.31,0.96,0.45,24.38,0.84,2324.98,2
1308,2.44,0.609619141,0.28608489,6.57561636,2.794973416,224.0279846,223.0070602,-593.1408081,-590.397583,-592.0281378,0,0,68.36138806,9.765912582,15220.4,506.5,118.985,182.264,174.2,0.652816793223017,16328.13,0.93,0.42,2.74,0.75,24966.23,3
1309,1.52,1.523986816,0,11.52917957,5.959206934,320.6495667,315.7041469,-689.7623901,-675.4368286,-684.6851554,0,0,27.22490512,36.90487139,49137.8,848.7,218.906,300.32,158,0.728909163558871,50321.95,0.98,0.36,14.33,0.86,62852.57,4
1310,7.01,5.181610107,0.639649034,13.70350838,5.885079105,127.7111816,123.2188928,-498.0432129,-486.4608154,-492.2940104,16.10421396,2,32.20842791,7.702015372,42457.9,923.9,147.609,392.073,116.6,0.376483460988132,45420.1,0.93,0.5,11.58,0.63,3389.44,2
1311,5.18,5.181610107,0.286052346,13.99845886,5.796610949,56.38800049,50.59009225,-425.805603,-411.1752014,-419.6141452,19.33282329,1,21.26610562,25.40885346,53819.9,1038,228.625,369.481,22.2,0.618773360470498,64481.45,0.83,0.43,14.63,0.63,207.65,2
1312,5.79,5.486419678,0,18.49811363,4.806192552,81.07678223,73.85736549,-452.3232117,-429.7680054,-442.7836051,5.321081088,7,34.68037937,1.680341396,318452.6,4668.4,826.296,1228.373,48.8,0.672675156487484,752087.34,0.42,0.42,22.56,0.18,78.45,2
1313,11.89,7.620025635,0,15.77658844,7.082537078,67.05599976,55.34296306,-436.7784119,-400.8120117,-424.4028423,8.98603715,4,8.915833735,3.299560516,211729.6,3111.9,357.227,1135.132,66.8,0.31470084536424,351247.36,0.6,0.35,35.97,0.28,93.26,2
1314,0.91,0.30480957,0.286086172,15.39695168,7.386849943,370.0271912,367.5887969,-739.4448242,-729.3864136,-736.7192807,0,0,1.466661226,55.73312662,10134.7,373,92.156,130.096,115.4,0.708369204279916,10187.3,0.99,0.27,10.06,0.92,91559.98,4
1315,13.11,8.534423828,0,18.52707672,5.928929453,329.1839905,312.0302242,-698.6016235,-651.0527954,-680.9589572,7.901077484,2,37.0911693,3.950538742,338630.5,3889.8,560.506,1193.594,130.1,0.469595188983859,556520.47,0.61,0.37,47.55,0.28,61023.93,4
1316,4.27,3.352783203,0.858203828,19.17747116,6.797977019,192.3287659,183.0724034,-562.3560181,-533.4000244,-552.0962062,10.0357804,1,36.89625147,23.31843093,50357.9,1120.5,214.503,371.819,126.1,0.576901664519565,61328.59,0.82,0.36,28.96,0.51,13941.09,3
1317,6.71,3.962402344,1.03135252,11.39388371,7.951950526,63.09359741,58.98156433,-433.7304077,-423.6719971,-428.4518247,35.33884375,1,2.718372597,18.12248397,16404.1,465.7,141.41,142.281,179.9,0.993878311229187,16566.71,0.99,0.53,10.06,0.95,36.22,2
1318,12.5,0,0.639692128,26.308321,15.53248771,387.0959778,367.5742831,-756.2088013,-708.050415,-736.6000094,0,0,0,10.481554,34035,847.1,186.395,299.177,173.4,0.62302583420517,40038.16,0.85,0.41,48.16,0.6,91551.2,4
1319,12.5,0,0.639692128,26.308321,15.53248771,387.0959778,367.5742831,-756.2088013,-708.050415,-736.6000094,0,0,0,10.481554,34035,847.1,186.395,299.177,173.4,0.62302583420517,4700000,0.01,0.41,48.16,0.6,91551.2,4
1320,5.18,4.267211914,1.144086599,13.75901985,6.568276915,203.6064148,196.710157,-573.9384155,-553.5167847,-565.8418111,2.177297383,1,32.29657785,9.797838225,40961.3,1010.6,180.863,329.732,164.9,0.548515157764487,49290.99,0.83,0.4,20.42,0.51,17347.57,3
1321,12.8,10.05841064,0.572126329,18.36575127,7.979603,93.26879883,85.73613646,-463.9056091,-447.4464111,-454.9062718,15.99922774,2,28.97973326,9.65991109,49239.9,882.8,196.752,339.223,14.1,0.58000784144943,51155.26,0.96,0.55,16.46,0.8,429.99,2
1322,6.71,5.79119873,1.430092335,10.60069942,6.475866165,24.99359131,19.83283345,-395.020813,-383.4384155,-389.0029598,22.26498162,1,22.26498162,13.27335443,34715.3,708.5,187.429,250.705,135.5,0.74760774615584,35907.78,0.97,0.52,11.58,0.87,2040.07,2
1323,2.13,0.609558105,0.28608799,12.44024086,3.772092859,170.6880188,169.812583,-539.8007813,-534.9240112,-538.8686928,29.97123061,1,14.98561531,3.458218917,12894.6,537.4,83.433,231.556,34.8,0.360314567534419,14688.31,0.88,0.2,4.88,0.56,10985.68,3
1324,5.79,3.657592773,1.617921114,10.19011021,5.892600064,42.3671875,39.05468119,-412.3944092,-404.7744141,-408.2463223,21.2658532,1,26.43862831,11.49505578,25861.8,650.7,142.674,258.728,31.5,0.551443987508117,27146.56,0.95,0.55,7.62,0.77,673.16,2
1325,1.22,0.609619141,0.404586524,4.51395607,2.46496745,222.5039978,221.2531623,-591.6168213,-588.2639771,-590.2423332,0,0,54.50832809,5.638792558,15816.3,466.4,130.293,154.363,90.5,0.844068850696087,15911.12,0.99,0.42,3.35,0.92,24415.05,3
1326,3.05,0.914367676,0.28608799,4.039253235,2.316312132,365.1504211,364.2663202,-734.2631836,-731.8248291,-733.2035944,35.11721534,1,34.0530573,1.06415804,27936,782.3,112.334,333.714,69.6,0.336617582720533,30366.2,0.92,0.45,2.44,0.58,89560.33,4
1327,1.83,0.304748535,0,4.843396187,2.710292683,228.6000061,227.6855936,-598.0175781,-595.2744141,-596.7364979,12.44821981,1,38.90068689,37.34465941,9552.6,359.2,93.834,129.68,0,0.723581122763726,9615.62,0.99,0.48,2.74,0.93,26466.6,3
1328,52.12,12.80163574,0.286017239,31.24101448,8.262489534,224.0279846,200.9000632,-594.0552368,-531.8759766,-569.9082625,4.626559524,4,10.51490801,16.27384224,459428.3,6064.3,764.214,1554.267,2.7,0.491687721607677,882299.68,0.52,0.39,62.18,0.16,18468.83,3
1329,9.75,7.619995117,2.58882165,15.89602184,8.946822417,80.4671936,74.56191499,-451.1040039,-437.6928101,-443.9599222,25.45403972,1,20.12645002,10.06322501,25110.3,582.4,160.629,216.137,33.1,0.743181408088388,25220.18,1,0.54,13.41,0.93,91.43,2
1330,1.83,0.30480957,1.144203186,8.195626259,4.107090242,214.2743835,210.5565834,-583.6920166,-572.7191772,-579.6223612,3.147030286,1,19.51158776,52.87010879,23616.1,649.1,117.729,252.318,179.5,0.466589779563884,25428.93,0.93,0.37,10.97,0.71,21186.72,3
1331,15.54,1.219238281,2.588860035,20.94426346,11.04732434,388.3152161,384.6736413,-759.2568359,-745.8455811,-754.2088966,0,0,27.01382077,16.20829247,8253.6,343.3,97.925,120.206,38.1,0.814643195847129,8471.82,0.97,0.38,13.41,0.88,102191.24,4
1332,15.54,1.219238281,2.588860035,20.94426346,11.04732434,388.3152161,384.6736413,-759.2568359,-745.8455811,-754.2088966,0,0,27.01382077,16.20829247,8253.6,343.3,97.925,120.206,38.1,0.814643195847129,4700000,0,0.38,13.41,0.88,102191.24,4
1333,8.23,7.010406494,1.739601851,13.14031124,6.823577038,60.35040283,52.93012642,-430.6824036,-414.8327942,-422.1191405,15.26676287,1,11.45007215,29.38851852,38945.1,722.4,207.605,235.459,124.2,0.881703396345011,39455.02,0.99,0.54,15.85,0.94,145.68,2
1334,3.35,1.219177246,0.639691532,7.842740536,4.765868175,213.6647644,210.2859427,-583.0823975,-573.3287964,-579.3036689,18.68982372,0,30.5833479,18.265055,34993.5,714.7,188.345,258.188,21.7,0.729487815080484,35966.68,0.97,0.39,9.75,0.86,21108.01,3
1335,9.14,8.839172363,0,13.93062019,4.989372252,256.3368225,247.5798328,-626.0592041,-605.3328247,-616.5114917,6.433888491,2,28.29018616,31.79097843,157099.7,2229.3,325.224,824.27,0.1,0.394560034940008,186662.02,0.84,0.46,20.73,0.4,33335.4,3
1336,13.41,0,0,2.426134825,1.229534764,514.1976318,513.3500107,-883.0056152,-881.1768188,-882.2164691,0,0,102.5179482,0,10584.3,387.2,110.944,122.653,31.9,0.904535559668333,10990.3,0.96,0.46,1.83,0.89,201017.73,4
1337,6.71,3.352783203,0.572158635,7.760681152,3.560033596,175.2599792,171.3747262,-544.6776123,-534.9240112,-540.3226987,17.90476037,1,23.46141014,9.261082952,72225.5,1278.5,230.329,508.926,23.8,0.452578567414516,87332.2,0.83,0.45,9.75,0.56,11315.58,3
1338,1.22,0.609619141,0.809140742,8.621190071,4.754309575,12.19198608,9.678145003,-381.6096191,-374.2944031,-378.7215492,0,0,21.87395425,44.74217914,14949.8,463.3,128.485,166.509,108.6,0.771639971412957,15506.4,0.96,0.4,7.32,0.88,3060.51,2
1339,13.72,0,0.904631019,6.551256657,2.901223174,514.5024414,512.8260003,-883.3104248,-879.0432129,-881.698662,0,0,37.40117852,49.36955565,9935.6,410.2,99.89,134.582,68.4,0.742224071569749,10824.23,0.92,0.39,4.27,0.74,200548.13,4
1340,0.3,0,0.404592752,4.367763996,2.099683628,193.5480042,192.0019085,-562.6608276,-559.3079834,-560.9733648,0,0,69.9919659,23.79726841,10618.5,460.1,121.264,146.75,12.3,0.826330494037479,12842.64,0.83,0.52,3.35,0.63,16129.48,3
1341,3.96,3.04800415,0.286062986,8.008793831,4.835090403,15.84957886,12.87086308,-386.1816101,-377.9519959,-382.0212832,10.3166098,1,30.94982939,18.05406714,23052.8,561.7,161.83,191.75,126.8,0.843963494132986,23639.96,0.98,0.51,8.23,0.92,2717.45,2
1342,7.92,5.48638916,3.091463089,14.28944778,8.674681348,29.26080322,24.83973796,-400.5072021,-389.5343933,-394.4083002,3.756554639,1,21.60018916,11.26966392,15827.4,462.4,136.706,147.431,63.8,0.927254105310281,16087.3,0.98,0.56,10.97,0.93,1612.85,2
1343,3.35,2.133605957,0,9.082267761,3.53034757,235.6103821,231.1862082,-605.0280151,-593.4456177,-600.1303106,3.004556091,3,47.07137876,10.6828661,89049.6,1673.2,269.771,576.912,144,0.467612044817927,114174.38,0.78,0.43,11.58,0.4,27617.86,3
1344,0.91,0,0.639575601,4.926437378,2.9118673,217.3224182,216.4009137,-586.4351807,-583.6920166,-585.49955,0,0,20.99240158,20.99240158,6372.7,286.1,81.877,94.074,89.9,0.870346748304526,6372.65,1,0.35,2.74,0.98,22922.24,3
1345,9.75,9.143981934,1.031423569,24.21573257,7.166156976,-8.229614258,-43.67824446,-363.3215942,-288.9504089,-325.3432984,3.070211821,1,4.558799371,56.84543706,159766.4,2300.1,292.951,948.668,165.1,0.308802447220735,211179.45,0.76,0.51,74.37,0.38,11810.96,1
1346,5.49,4.571990967,4.05084E-05,13.04439735,6.340681024,76.50479126,70.14200864,-445.9223938,-427.0248108,-439.1194304,29.37230396,0,10.30222601,9.863833421,67812,1259.3,228.027,478.508,107.5,0.476537487356533,77869.11,0.87,0.36,18.9,0.54,26.44,2
1347,1.22,0.609588623,0.639703691,6.49579668,3.678255981,13.10638428,11.23448998,-382.2192078,-377.3424072,-380.2641743,5.054023936,1,26.28092448,21.22690053,14705.3,453.1,126.039,157.626,117.3,0.799607932701458,14984.66,0.98,0.41,4.88,0.9,2890.73,2
1348,0.91,0,0.286094457,3.88525939,1.744323011,223.4183655,222.8817771,-592.531189,-590.397583,-591.8314553,0,0,43.86138539,28.29766799,10505.6,408,96.671,155.948,49.6,0.619892528278657,11106.58,0.95,0.34,2.13,0.79,24926.66,3
1349,0.91,0.304748535,0,7.287843227,3.754870676,291.693573,283.4910602,-660.5015869,-635.5079956,-652.3976661,1.479679316,1,41.85378636,28.6423639,140637.2,1989.2,385.764,702.582,152.4,0.549066158825589,195193.89,0.72,0.33,24.99,0.45,47738.34,4
1350,8.53,0,1.430021882,4.11891222,2.653314818,509.0160217,508.0461842,-878.1287842,-875.9952393,-877.0481595,0,0,23.57503236,80.15511003,3152.5,208.2,55.72,69.709,90.3,0.799322899482133,3212.46,0.98,0.53,2.13,0.92,196289.92,4
1351,1.83,0.30480957,0.639710605,6.508264065,4.053640148,116.4335938,115.9763935,-486.1560059,-484.0223999,-485.3353905,0,0,71.18134862,12.56141446,3550,216.6,57.615,69.955,179.5,0.82360088628404,3549.95,1,0.4,2.13,0.95,2598.59,2
1352,1.83,0.30480957,0.639710605,6.508264065,4.053640148,116.4335938,115.9763935,-486.1560059,-484.0223999,-485.3353905,0,0,71.18134862,12.56141446,3550,216.6,57.615,69.955,179.5,0.82360088628404,1800000,0,0.4,2.13,0.95,2598.59,2
1353,1.22,0.914398193,0.572148085,6.624606609,3.941571293,63.09359741,61.83568658,-432.8160095,-427.939209,-430.9678509,11.56683571,1,52.87696324,11.56683571,8995.5,346.8,95.253,119.969,42.4,0.793980111528812,9081.53,0.99,0.39,4.88,0.94,10.01,2
1354,1.83,0,0.639685571,6.495849133,4.015705906,131.673584,131.0865727,-501.7008057,-498.3479919,-500.3912953,0,0,24.94847417,62.3711854,3574.8,213.9,62.455,69.64,45.6,0.896826536473291,3575.07,1,0.4,3.35,0.98,4367.44,3
1355,4.57,3.048034668,1.430193663,9.948637962,5.674391607,202.0823669,199.232759,-572.1096191,-563.8800049,-568.4399148,19.14323097,1,27.91721184,14.35742323,18635.3,503.7,147.475,170.826,46.2,0.863305351644363,19041.1,0.98,0.45,8.23,0.93,18018.43,3
1356,2.74,1.828796387,1.279221058,9.913076401,5.937477276,-9.753601074,-12.08908993,-360.2735901,-352.653595,-357.150393,10.77706392,1,17.51272887,20.20699484,11033.9,390.4,111.051,133.313,148.7,0.833009533953928,11274.24,0.98,0.42,7.62,0.91,5942.73,2
1357,7.01,4.572021484,0.904585779,11.4314146,6.670327822,39.31918335,34.15148037,-408.7368164,-395.325592,-403.2326575,19.81035275,1,23.15495776,7.461041944,57774.8,1052.5,172.125,429.16,5,0.401074191443751,61693.02,0.94,0.41,13.41,0.66,951.63,2
1358,0.91,0.30480957,1.279200077,7.047599792,4.002193059,-15.5447998,-16.60725708,-353.8728027,-350.8247986,-352.6187709,0,0,25.42795895,48.03058915,5261,263.7,69.661,93.094,89.9,0.748286677981395,5273.37,1,0.43,3.05,0.95,6659.74,2
1359,0.3,0.30480957,0.809161305,13.16389847,7.030607207,310.2864075,306.7235264,-679.399231,-668.4263916,-675.8239853,0,0,0,12.73115819,10507.9,380.5,106.056,118.278,90,0.896667173946127,10656.66,0.99,0.33,10.97,0.91,58430.26,4
1360,5.79,3.047973633,0,19.88058281,6.51852557,172.2120056,166.8327938,-541.9343872,-521.817627,-535.8197822,19.80943573,1,31.06479694,11.40543269,99047.1,1614.1,211.438,690.845,1.3,0.306057075031302,112590.43,0.88,0.31,20.12,0.48,10369.92,3
1361,5.49,4.267211914,0,18.51417732,5.558233305,285.5975647,269.8135635,-654.4055786,-619.6583862,-638.7482792,2.73642591,3,41.80126476,7.360042102,315053.4,4204.6,554.938,1363.118,137.2,0.407109289144447,542582.67,0.58,0.45,34.75,0.22,41948.6,4
1362,39.01,0,0.286093175,17.84546471,5.61803338,413.0039978,397.9624289,-782.7263794,-748.2839966,-766.8977335,0,0,11.79636256,48.57325762,128526.3,1591,308.522,576.472,71.1,0.535189913820619,145629.2,0.88,0.46,34.44,0.64,110863.98,4
1363,39.01,0,0.286093175,17.84546471,5.61803338,413.0039978,397.9624289,-782.7263794,-748.2839966,-766.8977335,0,0,11.79636256,48.57325762,128526.3,1591,308.522,576.472,71.1,0.535189913820619,4700000,0.03,0.46,34.44,0.64,110863.98,4
1364,1.52,0.914367676,0.809125185,18.99575615,7.235741674,162.4584045,159.0180456,-532.4855957,-520.9031982,-528.134102,0,0,4.187224259,29.31056982,14199.5,485.8,95.481,194.929,39.3,0.489824500202638,15037.95,0.94,0.38,11.58,0.76,8839.39,3
1365,5.18,3.04800415,1.031403422,9.70042038,4.672169961,34.74719238,31.00158305,-404.4696045,-396.2399902,-400.2152824,21.47481295,1,16.46402326,30.78056523,20765,674.9,119.48,277.638,28.4,0.430344549377247,24094.7,0.86,0.52,8.23,0.57,1155.89,2
1366,1.22,0,0.639716446,7.964120865,4.211036768,202.6919861,201.7775945,-572.1096191,-568.7568359,-570.9434178,0,0,61.7133377,30.85666886,3372,210.3,57.508,69.673,90,0.825398647969802,3372.01,1,0.36,3.35,0.96,18708.11,3
1367,27.74,3.047973633,0,24.56018829,9.37846375,200.2535706,190.5446587,-569.6712036,-534.3143921,-559.5305067,7.788393672,0,23.91173496,11.75090975,108784.5,1911.7,221.344,736.571,163.6,0.300505993312254,130233.62,0.84,0.29,35.36,0.37,15761.46,3
1368,0.61,0,0.639716446,8.63526535,4.484141009,202.3871765,200.4669515,-571.5,-566.62323,-569.488327,0,0,1.649491489,42.88677868,9011.3,370,81.291,142.015,90,0.572411364996655,9208.34,0.98,0.42,4.88,0.83,18351.29,3
1369,10.06,6.705566406,0,12.83190918,5.085050252,212.1407776,199.5777213,-581.2536011,-555.3455811,-568.5599057,9.194136838,3,35.61407028,6.023744826,140652.7,2308.4,213.059,1022.318,77.8,0.208407755708106,173348.97,0.81,0.49,25.91,0.33,18111.16,3
1370,0.91,0.609619141,0.286097854,9.528317451,4.902321878,220.6752014,218.0581701,-590.0928345,-580.3392334,-587.0431666,4.793782127,1,15.97927376,26.09948047,27906.4,799.4,131.166,313.575,70.6,0.41829227457546,34313.82,0.81,0.32,9.75,0.55,23426.8,3
1371,3.96,2.133605957,1.430211782,11.21229172,6.001217153,198.4247742,194.5557354,-568.4520264,-557.7839966,-563.6609306,19.68961419,1,4.446041912,21.59506072,23402.6,571.6,147.555,196.393,102.3,0.751325149063358,23984.23,0.98,0.45,10.67,0.9,16784.69,3
1372,0.3,0,0.286100179,11.51616097,4.033604999,290.7792053,286.3659059,-659.8920288,-649.5288086,-655.3001698,0,0,0,61.9672605,24946.6,665.6,163.464,230.843,68.3,0.708117638394926,28070.23,0.89,0.45,10.36,0.71,49002.86,4
1373,12.8,12.80157471,0,29.8125,7.974131318,45.41519165,25.74752667,-415.7471924,-350.21521,-394.6835148,6.513150852,5,18.21376699,5.379593624,773657,8912,434.053,3730.189,125.5,0.116362200413974,1300000,0.6,0.32,65.53,0.12,1540.76,2
1374,7.62,4.876800537,1.144254923,8.803571701,5.355458194,11.88717651,8.111755056,-381.9143982,-373.0751953,-377.2559914,23.20860117,1,39.03264742,12.13176879,28180.2,616.4,178.994,179.011,180,0.999905033768875,28445.84,0.99,0.53,8.84,0.93,3236.27,2
1375,3.66,1.219177246,0.286096275,6.495956898,2.081318537,205.1304016,202.570512,-574.8527832,-567.8424072,-571.5176745,7.579085136,1,27.78997883,35.72997278,41185.3,1032.8,198.768,345.802,129.8,0.574802921903286,56563.85,0.73,0.48,7.01,0.49,18925.65,3
1376,5.79,3.352783203,0.404603004,6.039768219,3.490306046,225.5519714,223.2349056,-594.9696045,-590.0928345,-592.2476357,25.62039099,1,52.22618163,11.33209601,30168.8,655.7,176.46,211.954,75.9,0.832539135850232,31192.25,0.97,0.57,4.88,0.88,25038.29,3
1377,4.27,3.657592773,0.639666378,17.27709198,5.906423038,188.3663635,181.4390425,-557.7839966,-535.2288208,-550.3861945,15.08223063,2,17.95503646,13.9331083,103481.7,1780.8,204.713,774.506,77.7,0.264314285492946,126588.55,0.82,0.33,22.56,0.41,13558.05,3
1378,5.18,3.962402344,0.904662967,14.7421484,7.504532872,125.2727966,121.1912975,-495.3000183,-484.9367981,-490.4151312,23.6526865,1,11.82634325,6.570190694,22623.6,602.4,131.492,232.297,80.5,0.566051218913718,23490.14,0.96,0.48,10.36,0.79,3157.46,2
1379,11.58,9.143981934,0.404560298,19.83402824,6.616291574,77.41918945,69.96128756,-448.0559998,-427.939209,-439.0655702,12.0617162,1,41.83105829,7.185703266,57920,1251.5,198.086,509.173,150.4,0.389034768143637,70034.46,0.83,0.45,20.12,0.47,24.61,2
1380,32.92,0,2.233341694,19.4506321,8.609493126,-34.44241333,-39.52153357,-334.3656006,-320.3448181,-329.3653065,0,0,2.586909352,18.10836547,17237.7,547.2,105.451,225.552,101.4,0.467524118606796,17972.07,0.96,0.36,14.02,0.73,10924.75,1
1381,32.92,0,2.233341694,19.4506321,8.609493126,-34.44241333,-39.52153357,-334.3656006,-320.3448181,-329.3653065,0,0,2.586909352,18.10836547,17237.7,547.2,105.451,225.552,101.4,0.467524118606796,3600000,0,0.36,14.02,0.73,10924.75,1
1382,10.36,8.534393311,0,28.37253952,8.474173321,167.9447937,133.8656436,-538.2767944,-466.6488037,-502.831852,2.921533707,12,7.377797145,3.161913062,803870.5,10288.3,959.302,2891.644,88.6,0.331749689795839,1800000,0.45,0.5,71.63,0.1,4742.48,3
1383,0.91,0,0,8.839587212,4.674702299,134.1119995,132.7334643,-503.5296021,-498.3479919,-501.7839293,0,0,19.4809052,70.61828132,6104.1,282.3,81.68,93.758,92.1,0.871178992725954,6129.66,1,0.34,5.18,0.96,4587.82,3
1384,4.88,3.962402344,0.639721036,11.85732365,5.545301396,151.1808167,147.7979713,-520.9031982,-512.673584,-517.0031498,0,0,22.33871051,12.3248058,19296.6,512.8,141.446,167.064,180,0.846657568357037,19588.82,0.99,0.48,8.23,0.92,6855.5,3
1385,7.62,5.486419678,1.43018961,10.52337551,6.024636745,17.67840576,12.05527923,-387.4008179,-374.9039917,-381.1524047,17.12195016,1,28.77944815,5.828748992,40802.3,824.2,176.533,323.125,111.1,0.546330367504836,42279.63,0.97,0.5,12.5,0.76,2803.14,2
1386,3.35,2.133605957,0.639693141,9.030140877,4.674017006,55.47360229,50.6683822,-425.1960144,-412.0895996,-419.6651337,4.641873241,1,21.06696317,48.91820261,41628.4,782.6,215.673,269.618,112,0.799920628444688,43608.07,0.95,0.43,13.11,0.86,205.4,2
1387,14.63,11.88720703,2.062154293,16.31008148,8.282967306,50.90158081,43.51204864,-422.7575989,-408.4320068,-412.9192545,18.2489818,1,32.55223781,17.26255035,30137.2,656.3,182.197,214.687,75.9,0.848663403000647,31206.51,0.97,0.69,14.33,0.88,461.73,2
1388,1.52,0,0.286104053,4.05934,2.203791351,506.8824158,504.7412505,-875.6904297,-870.5087891,-873.5990585,0,0,64.37158784,20.1161212,29556.7,699.8,183.163,235.415,102.7,0.778043030393136,32018.29,0.92,0.41,5.18,0.76,193372.37,4
1389,1.22,0.914367676,0.404607415,14.18139744,6.339519905,162.7632141,157.0605502,-532.1807861,-513.8928223,-526.0714194,0,0,38.28157165,23.84203147,44264.4,934.4,200.008,319.187,66.8,0.626616998812608,47867.14,0.92,0.34,18.29,0.64,8475.14,3
1390,7.92,5.79119873,1.45846796,9.785502434,5.71919892,86.86798096,79.920066,-456.8952026,-439.2167969,-448.922445,13.92888008,1,33.26299721,22.86831058,71498.8,984.1,270.559,342.896,40.2,0.789040992020904,72663.7,0.98,0.45,17.68,0.93,222.61,2
1391,3.35,1.828796387,0.404567987,6.275483131,4.278774644,36.57598877,34.27613541,-405.9935913,-399.592804,-403.393987,24.57098723,1,19.4873347,16.94550843,17543.5,489.2,142.505,142.609,0,0.999270733263679,17789.61,0.99,0.41,6.4,0.92,943.96,2
1392,13.11,11.88720703,0.572187603,22.77811623,8.336679566,26.8223877,9.806532588,-396.8496094,-362.7120056,-378.8299872,15.06858222,1,95.23343963,27.8266485,147964.9,1625.1,417.877,479.637,85.3,0.871235955524699,159967.96,0.92,0.53,34.14,0.71,3046.32,2
1393,9.14,0,1.458547115,4.885340214,3.179813923,509.9303894,506.4237719,-878.7384033,-872.3375854,-875.3428824,0,0,0,91.02790343,15512.8,471.1,124.322,153.802,101.1,0.808324989271921,16119.26,0.96,0.54,6.4,0.88,194854.95,4
1394,16.15,0,0.809101522,16.07410049,7.055413326,-51.51119995,-57.57356282,-317.601593,-296.8752136,-311.5313334,8.391741648,0,45.18630116,32.92144799,23026.7,634.7,160.801,202.318,98.1,0.794793345129944,25603.48,0.9,0.29,20.73,0.72,15024.28,1
1395,10.97,9.448791504,0.904595494,17.93380165,9.059247089,29.26080322,19.36007955,-399.592804,-376.428009,-388.5224112,8.488404763,2,9.117175485,14.77611199,94560,1411.6,251.717,552.566,12.3,0.455541962408111,107538.99,0.88,0.48,23.16,0.6,2083,2
1396,3.66,2.43838501,0.572169363,14.05056667,6.310881728,129.8447876,127.3521454,-500.4815979,-490.7279968,-496.6096101,2.562803853,0,50.40180911,11.95975131,17399.9,528.8,146.782,173.399,165.9,0.846498538053853,18914.76,0.92,0.4,9.75,0.78,3887.79,3
1397,2.13,1.219177246,0,13.66834354,4.13262684,308.7624207,287.7488875,-677.8751831,-637.0319824,-656.6503251,1.718411162,2,37.67286009,10.39859062,337347.4,4645.8,667.71,1487.742,127.7,0.44880765616619,667366.97,0.51,0.52,40.84,0.2,49617.07,4
1398,5.49,3.352844238,0.63972801,8.038852692,3.395462158,189.5856018,186.9984808,-559.0032349,-552.9072266,-555.9773534,19.07923707,1,55.50323511,3.468952194,42849.1,826.7,226.723,276.802,90.1,0.819080064450401,45643.75,0.94,0.5,6.1,0.79,14883.63,3
1399,1.83,0.30480957,0.90464884,6.892286301,4.090733349,128.6255798,128.0385652,-498.9576111,-495.3000183,-497.5239122,0,0,31.06124908,42.70921748,3828.3,245.5,57.222,92.759,0.9,0.61688892722,4016.28,0.95,0.4,3.66,0.8,3973.86,3
1400,6.4,3.962402344,2.081986427,12.12151527,7.821426158,151.4855652,147.7644908,-522.7319946,-513.5880127,-517.309103,10.62833206,1,30.82216296,18.06816449,13985.4,435.6,120.021,148.751,78.9,0.80685844128779,14207.2,0.98,0.6,9.14,0.93,6849.96,3
1401,10.36,7.315185547,0.286040306,14.41554546,5.110982308,216.1031799,203.230318,-585.2160034,-562.9656372,-572.2083945,9.772652667,1,12.13866331,35.1815496,144494.4,2628,398.464,888.877,143.4,0.448277995718193,258159.37,0.56,0.59,22.25,0.26,19107.62,3
1402,21.34,9.143981934,0,22.96183586,6.147903397,188.3663635,181.9770061,-557.7839966,-530.3519897,-550.8476104,38.96694895,1,11.08045377,4.736996966,360856.6,2348.6,638.832,777.444,56.2,0.821708058715483,375031.73,0.96,0.25,27.43,0.82,13683.62,3
1403,0.91,0.30480957,0.286108196,9.361436844,4.908836805,128.0159912,127.1310848,-497.7384033,-493.776001,-496.4700406,0,0,31.46441842,12.58576737,4724.1,248,69.378,82.253,2.4,0.843470754866084,4726.26,1,0.33,3.96,0.97,3860.27,3
1404,0.3,0,0,11.84788418,2.769776308,67.66558838,66.31825674,-436.4736023,-430.9872131,-435.2194587,0,0,66.25527646,1.274139932,23332,608.9,130.382,241.719,134.2,0.539394917238612,24275.08,0.96,0.23,5.49,0.79,1.74,2
1405,1.22,0,1.279309273,11.35030556,7.05122213,200.2535706,195.3662852,-569.0615845,-556.8696289,-564.2646872,0,0,2.056292183,84.9934102,21685.8,568.8,119.573,218.774,121.1,0.546559463190324,22026,0.98,0.4,12.19,0.84,16995.37,3
1406,4.27,3.657653809,0.639630198,21.59215736,9.456254318,153.6191711,147.5256133,-523.9512329,-506.2727966,-516.6589874,17.56466434,1,11.57671059,13.17349825,37235.1,807.5,157.026,311.544,37.5,0.50402511362761,40518.62,0.92,0.41,17.68,0.72,6810.48,3
1407,10.36,0,0.639711678,7.919080734,5.106065263,-57.30239868,-58.70089901,-311.8103943,-308.4576111,-310.6091362,0,0,29.04713295,46.47541273,2558.6,182.5,49.875,64.603,27.7,0.772022971069455,2558.62,1,0.37,3.35,0.97,15301.91,1
1408,10.36,0,0.639711678,7.919080734,5.106065263,-57.30239868,-58.70089901,-311.8103943,-308.4576111,-310.6091362,0,0,29.04713295,46.47541273,2558.6,182.5,49.875,64.603,27.7,0.772022971069455,3600000,0,0.37,3.35,0.97,15301.91,1
1409,4.57,1.523986816,1.430226564,10.20621872,5.587777295,148.4375916,146.7808562,-518.4647827,-514.1976318,-516.1788035,21.02476817,1,21.02476817,9.703739158,9190.8,359.5,105.097,112.884,161.5,0.931017681868112,9412.07,0.98,0.55,4.27,0.9,6688.11,3
1410,3.05,1.828796387,1.540360451,9.917414665,6.14671152,132.5879822,131.0888734,-503.2247925,-497.1288147,-500.5127084,0,0,37.54771548,24.29558061,6729.8,294.5,81.823,94.211,179.8,0.868507923703177,6729.85,1,0.45,6.1,0.98,4367.74,3
1411,3.35,0,0,20.78330231,8.589430724,-64.00799561,-78.03001949,-304.8000183,-273.1007996,-290.9098324,0,0,4.593835729,63.51477224,74420.4,1252.5,245.875,483.639,87.9,0.508385386621013,86265.57,0.86,0.44,31.7,0.6,20457.59,1
1412,12.8,10.3631897,0.639666259,15.57041264,7.055161282,48.76800537,41.92092329,-420.9288025,-405.9935913,-411.2202179,16.51805246,1,15.67097285,13.97681362,35095,718,188.041,245.793,68.9,0.765038060481787,36301.01,0.97,0.65,14.94,0.86,532.64,2
1413,2.44,0.914398193,1.430199265,10.38134766,5.001342494,131.673584,130.4604883,-501.7008057,-497.4335938,-499.8232373,0,0,37.72184769,23.05224026,7092.8,310.8,89.88,104.939,33.2,0.856497584310885,7225.56,0.98,0.45,4.27,0.92,4285.08,3
1414,7.62,2.133605957,0,16.3347702,5.916256886,-60.35040283,-70.94561724,-309.0671997,-277.6727905,-298.0149624,8.246900692,1,15.28425595,22.65148723,135179.4,2316.5,423.168,650.201,72.9,0.650826436748021,204926.75,0.66,0.35,31.39,0.32,18481.21,1
1415,3.05,1.828826904,0.904686749,6.326645851,3.885165951,28.65118408,26.41835365,-398.0688171,-392.2776184,-395.5051769,30.2022156,1,17.03714726,17.81156305,19194,509.8,146.81,168.704,154.1,0.870222401365706,19518.75,0.98,0.45,5.79,0.93,1488.54,2
1416,0.61,0.30480957,0.809112489,8.039180756,4.712857254,174.6504211,172.5080872,-544.0679932,-537.9719849,-541.5947719,0,0,1.4587542,72.93771002,10189.6,374.2,106.019,117.133,89.9,0.905116406136614,10425.96,0.98,0.41,6.1,0.92,11557.99,3
1417,2.74,2.438415527,0.286108732,11.02001095,3.360963634,-13.41122437,-16.14076195,-356.9208069,-349.6055908,-352.8841002,5.429741642,1,35.04651424,12.83393479,30113,758.4,193.226,241.764,119.9,0.799233963700137,33709.01,0.89,0.56,7.32,0.66,6583.82,2
1418,14.94,11.88720703,0,13.32225895,5.241135536,233.4767761,219.8575912,-604.1135864,-570.8903809,-588.855457,4.566196321,1,48.99148136,8.371359921,156252.3,2536.8,539.766,825.208,139.8,0.654096906476912,260736.46,0.6,0.46,33.22,0.31,23980.87,3
1419,0.91,0.914398193,1.179479837,11.17445564,5.965644332,134.7215881,132.925217,-504.7488098,-497.7384033,-502.1482804,0,0,2.127175584,74.45114543,6987.7,317.3,83.897,102.881,49.2,0.81547613261924,7182.03,0.97,0.38,7.01,0.87,4613.84,3
1420,3.05,1.828796387,0,7.386498451,3.278113132,192.3287659,191.2461428,-562.0512085,-558.3936157,-560.2833667,7.307138488,1,46.27854377,14.61427698,18307.8,544.8,109.103,215.619,102.4,0.505999007508615,19076.91,0.96,0.5,3.66,0.78,15938.09,3
1421,3.35,2.438415527,0,15.19137955,6.248907604,221.8943787,211.6562833,-591.3120117,-561.4415894,-580.5929127,17.29252364,1,11.91585663,30.80684884,102288.9,1369.3,304.553,449.802,177.2,0.677082360683145,113928.54,0.9,0.36,29.87,0.69,21508.07,3
1422,12.5,6.400817871,0.286108196,26.88814545,8.005825659,387.0959778,365.7282445,-756.2088013,-676.3511963,-734.6829985,8.799720342,2,42.22958576,8.845079725,327697.2,4066.8,756.985,790.65,132.6,0.957421109213938,473078.18,0.69,0.27,79.86,0.25,90437.48,4
1423,0.91,0,0,2.943150759,1.153871749,394.1064148,393.9935224,-763.2192383,-762.6096191,-762.9821642,30.9859158,0,69.71831057,0,3837.7,233.6,56.436,81.297,90.1,0.694195357762279,3914.55,0.98,0.47,0.61,0.89,108236.74,4
1424,14.33,8.839172363,0.404532999,15.41738129,8.509405654,226.7712097,211.2828263,-596.1887817,-555.9552002,-580.261905,19.34147209,1,23.49988859,25.4340358,153702.3,1680,438.89,496.241,8.9,0.88442913826145,169875.09,0.9,0.4,40.23,0.69,21398.67,3
1425,0.91,0.609619141,0.286110789,8.196265221,3.333753285,263.6520081,260.0812094,-632.7648315,-623.315979,-628.996801,0,0,18.61855537,36.92680148,47901.1,927.8,226.135,306.371,15.9,0.738108371875928,53825.82,0.89,0.4,9.45,0.7,38056.68,4
1426,15.85,13.10641479,1.1794734,14.77059746,6.960228885,38.1000061,27.43709393,-408.7368164,-389.5343933,-396.5929302,10.57807429,1,36.30202767,24.52189948,61828.1,923,246.081,314.268,173.1,0.783029134369392,63263.63,0.98,0.64,19.2,0.91,1410.97,2
1427,3.35,1.524017334,1.458520651,6.502404213,3.749069653,4.876800537,2.504892245,-374.5992126,-368.8080139,-371.6481861,7.46933855,1,36.41302545,37.34669276,15920.2,486.8,136.714,159.401,82.3,0.857673414846833,16847.77,0.94,0.52,5.79,0.85,3905.64,2
1428,6.71,4.571990967,0,26.15913773,7.449360442,72.23757935,42.31952427,-441.9599915,-361.7976074,-411.2459223,5.115787987,3,17.40840085,19.69026311,403870.5,5679.5,444.428,2140.177,40.1,0.207659459941865,716190.67,0.56,0.38,80.16,0.16,514.4,2
1429,4.88,4.87677002,0,14.31142616,6.297200605,193.8528137,185.2896247,-563.5751953,-543.7631836,-554.3254613,0,0,32.35350612,5.135477163,57888.1,1039.8,245.377,373.568,145.3,0.656846946205242,66048.6,0.88,0.47,19.81,0.67,14469.59,3
1430,1.22,0.609619141,1.458595991,12.2071991,6.688692432,140.2079773,137.9377562,-509.9304199,-502.9200134,-507.197716,0,0,6.836884232,75.20572651,8696.4,337.5,93.883,106.233,0,0.883746105259194,8710.67,1,0.4,7.01,0.96,5319.92,3
1431,9.75,2.743225098,0.904703915,11.02024555,6.713190867,208.1783752,203.4257685,-577.5960083,-564.7944336,-572.5934158,23.27620865,1,25.92123236,12.16710907,28098.3,635.5,153.672,227.67,105.9,0.674976940308341,28543.21,0.98,0.39,12.8,0.88,19161.69,3
1432,5.49,4.571990967,0.809202313,12.16941071,6.92438402,58.52160645,50.87236357,-428.8536072,-409.6512146,-419.9893525,8.511348481,1,11.57543393,37.10947938,43659.8,806.6,213.26,261.729,95.4,0.814812267650891,45722.24,0.95,0.46,19.2,0.85,199.59,2
1433,0.91,0.609558105,0.572102606,8.768018723,4.542363547,172.5168152,170.6166596,-541.6295776,-535.5336304,-539.6613789,0,0,47.55595201,22.69715891,13752.7,429.7,118.074,142.857,89.3,0.826518826518826,13776.43,1,0.33,6.1,0.94,11154.88,3
1434,3.96,3.048034668,1.61809659,9.474856377,6.46194404,196.2911682,193.6985639,-566.3184204,-559.9176025,-563.1014853,4.920886206,0,30.7555388,14.76265862,12082.5,401.6,116.214,132.646,18.4,0.876121405847142,12177.26,0.99,0.51,6.4,0.94,16563.32,3
1435,0.61,0.30480957,0,3.61421442,1.659564396,-100.5840149,-100.9396155,-268.5288086,-267.3096008,-267.9826991,0,0,0,34.88850502,11077.2,433.6,80.263,177.276,68.2,0.452757282429658,11384.53,0.97,0.49,1.22,0.74,27535.96,1
1436,4.88,2.74319458,1.03142345,4.682062626,3.236121791,43.58639526,41.51810419,-413.0039978,-408.1271973,-410.5275036,22.82272611,1,27.62751056,12.01196111,24748.9,581.1,164.513,197.19,166.4,0.83428672853593,25122.81,0.99,0.52,4.88,0.92,551.4,2
1437,4.27,2.74319458,1.17951405,11.57401943,5.427384355,33.22320557,29.83353002,-402.9456177,-394.1064148,-399.0257343,15.75539125,2,6.024120185,10.65805879,32076.7,745.5,146.05,290.489,48.1,0.502772910506078,34923.11,0.92,0.45,8.84,0.73,1236.68,2
1438,7.92,6.705627441,0.80921036,17.86235619,9.957467215,310.591217,295.9702079,-680.9232178,-636.1176147,-665.021827,2.497778277,1,14.79453287,12.29675459,77362.3,1078.3,283.576,369.775,115.1,0.766887972415658,81147.24,0.95,0.36,44.81,0.84,53347.24,4
1439,4.27,2.743225098,1.031513214,12.10595608,6.180281479,164.2872009,161.6013301,-534.6192017,-526.694397,-530.8740875,5.965720932,1,18.89144962,36.78861242,14949.6,454.3,125.564,168.602,24.7,0.744736124126641,15199,0.98,0.48,7.92,0.91,9331.82,3
1440,2.13,0.609619141,0.286117256,12.8536129,5.647193564,156.0575867,154.466532,-525.7800293,-519.3792114,-523.670791,0,0,0,62.43019331,7142.8,348.3,75.931,130.633,24.7,0.581254353800341,7764.26,0.92,0.33,6.4,0.74,8004.26,3
1441,3.05,2.133575439,0.286116242,8.708977699,4.411189062,-66.7512207,-69.70929337,-302.9711914,-293.5223999,-299.3227483,2.023875453,1,32.88797609,18.21487906,29377.6,679.9,175.311,228.231,156,0.768129658109547,31821.1,0.92,0.39,9.45,0.8,18146.59,1
1442,26.52,5.18157959,0,15.85090828,5.303346182,199.6440125,190.3977411,-568.4520264,-552.2976074,-559.3216834,8.736068549,2,28.21320499,2.076606458,207579.1,3156.5,239.939,1376.882,176.4,0.174262572972847,278565.61,0.75,0.57,16.15,0.26,15724.59,3
1443,4.57,1.524017334,0,17.7112236,7.408750622,-63.70321655,-75.4649426,-306.0191956,-268.223999,-293.5274726,11.1507128,1,9.379104226,24.80252006,142633.3,3537.1,423.94,925.27,58.9,0.458179774552293,251467.19,0.57,0.33,37.8,0.14,19730.4,1
1444,11.58,11.58239746,0.404618412,23.38197327,5.937487561,72.84719849,60.98725048,-444.398407,-420.0144043,-430.0951075,8.93771988,1,43.67294942,10.56275986,73175.5,1539.5,197.941,651.099,123.3,0.304010603610204,93286.55,0.78,0.59,24.38,0.39,16.1,2
1445,11.89,1.523986816,0,20.64022446,6.095906988,179.2223816,166.0029693,-548.3352051,-502.9200134,-534.928096,12.60188655,1,23.69154671,34.61318172,88463.8,2404.4,400.176,715.642,79.8,0.559184620243082,185689.66,0.48,0.3,45.42,0.19,10201.6,3
1446,2.74,0.304779053,1.14430809,6.673501492,3.454910318,-11.58239746,-11.81463332,-358.4447937,-356.6159973,-357.5449219,0,0,100.8325425,0,3095.7,205.2,57.574,67.885,89.9,0.848110775576342,3109.48,1,0.52,1.83,0.93,5900.49,2
1447,2.13,1.828796387,1.279371858,12.32052517,6.339885523,168.2496033,165.6880385,-538.2767944,-529.4376221,-534.8747454,0,0,2.022642762,60.6792829,14697.7,455.2,117.855,167.263,36.5,0.704608909322444,14875.92,0.99,0.39,8.84,0.89,10138.08,3
1448,6.1,3.047973633,0,10.60152626,3.038718158,274.0151672,267.9105524,-643.1279907,-616.9152222,-636.8124199,6.914703797,4,53.07765591,9.836409628,152624.6,2650.6,307.46,1083.945,126.2,0.283649078135883,220790.84,0.69,0.24,26.21,0.27,41172.69,4
1449,5.79,3.04800415,0.572196782,9.693024635,6.442645766,86.5632019,82.94076108,-455.9808044,-446.836792,-452.1551737,34.07156804,1,14.14291503,11.57147594,23121.9,559.7,147.046,190.263,112.1,0.772856519659629,23423.28,0.99,0.42,9.14,0.93,321.87,2
1450,36.88,4.571990967,0,24.0809269,5.884890287,-31.08959961,-43.72969913,-338.3280029,-279.5016174,-325.1599326,9.275359845,3,27.50623954,2.949635506,418263.2,5674,489.211,1987.896,85.1,0.246094866129818,700976.83,0.6,0.22,58.83,0.16,11822.15,1
1451,2.44,1.219207764,0.404631585,4.843954563,2.719048836,40.84320068,39.47159457,-410.2608032,-405.9935913,-408.4748685,37.13256983,0,18.17125758,22.12153097,18814.1,503.8,152.28,161.573,166.3,0.942484202187247,19170.22,0.98,0.43,4.27,0.93,651.7,2
1452,0.91,0,0.809222102,7.515607357,5.176996075,168.5544128,163.6247936,-537.3624268,-526.694397,-532.5264066,0,0,18.33339359,18.33339359,18647.7,511.9,147.949,167.751,148.2,0.881955994301077,19222.08,0.97,0.46,10.67,0.9,9726.85,3
1453,10.67,8.22958374,0.904730976,12.74017239,5.40677706,-3.962402344,-9.808457009,-366.3695984,-353.5679932,-359.2510751,16.23409544,1,21.64546059,9.791994073,57683.6,964.8,226.079,322.988,106.9,0.699960989262759,61547.44,0.94,0.56,12.8,0.78,5596.31,2
1454,42.37,5.48638916,0,21.19657707,5.267978025,-24.99362183,-47.09634524,-343.8143921,-266.7000122,-321.807148,4.07991478,8,37.45871757,3.289431291,1165839.5,16119.3,1198.798,4125.885,82.7,0.290555359637993,3600000,0.32,0.29,77.11,0.06,12565.59,1
1455,3.05,2.438415527,0,9.508229256,3.97190338,-4.876800537,-9.348062937,-364.8456116,-351.7391968,-359.5700885,14.76226885,1,38.52249205,5.342535394,105724.6,1571.6,228.4,679.626,132.9,0.336067189895619,117764.28,0.9,0.41,13.11,0.54,5527.63,2
1456,0.61,0,0.904677451,3.725239277,2.248087613,259.9944153,259.3412519,-628.8024292,-627.5831909,-628.3524722,0,0,71.88428693,9.584571592,3101.7,215.7,47.259,82.167,108.1,0.575157910109898,3188.34,0.97,0.4,1.22,0.84,37768.52,4
1457,0.91,0.30480957,0.28612271,8.259437561,5.049404806,161.8487854,160.0498711,-531.2664185,-526.3895874,-529.2642858,0,0,5.90533789,13.77912174,7551.2,316.2,89.133,104.642,108.3,0.851789912272319,7644.12,0.99,0.42,4.88,0.95,9034.48,3
1458,3.96,0.30480957,0.286123484,5.260941505,2.09890618,-63.70321655,-64.09222934,-305.4096069,-303.8855896,-304.8641735,6.732493268,1,95.60140439,0,11039.1,412.2,105.439,147.331,73,0.715660655259246,11682.72,0.94,0.38,1.52,0.82,16664.8,1
1459,6.1,3.962402344,0.404631227,14.28797913,6.088189194,-55.47360229,-61.9418104,-313.9440002,-298.0943909,-307.0931181,24.40304134,1,11.46942943,26.35528464,60911,1096.4,228.692,408.792,116.8,0.559433648407992,69604.04,0.88,0.43,15.85,0.64,16114.22,1
1460,0.3,0.30480957,0.286123216,20.85663223,9.91067181,218.5415955,198.4819678,-587.6544189,-531.2664185,-567.4665262,0,0,15.54501039,38.35285351,116656.4,1409.2,296.985,542.714,58.4,0.547221925360319,122334.4,0.95,0.36,56.39,0.74,17817.44,3
1461,2.13,0.609619141,0.286123991,4.460227966,2.393965508,-69.49441528,-70.31473984,-299.6184082,-297.4848022,-298.6964759,2.413010363,0,68.77079538,12.06505182,12320,412.4,114.209,146.69,64,0.778573863249029,12585.97,0.98,0.45,2.13,0.91,18310.08,1
1462,2.13,0.609619141,0.286123991,4.460227966,2.393965508,-69.49441528,-70.31473984,-299.6184082,-297.4848022,-298.6964759,2.413010363,0,68.77079538,12.06505182,12320,412.4,114.209,146.69,64,0.778573863249029,1700000,0.01,0.45,2.13,0.91,18310.08,1
1463,3.66,1.523986816,0,5.412483215,2.759050449,196.5959778,195.0906906,-566.3184204,-562.6608276,-564.1455381,22.60053163,1,32.98455968,1.832475539,24334.5,763,138,266.817,45.4,0.51720842375111,29686.85,0.82,0.61,3.66,0.53,16923.59,3
1464,3.35,2.133605957,0.404632688,6.040262222,3.041948159,-71.62802124,-73.46994716,-297.7896118,-293.2175903,-295.4852113,7.358480774,1,55.40503171,6.492777154,34340,793.8,153.838,321.728,166.8,0.4781616769445,36867.59,0.93,0.52,4.57,0.69,19173.93,1
1465,22.56,2.438415527,0,18.00059891,5.368581358,195.071991,186.7338075,-564.489624,-540.1055908,-555.6540106,14.49597338,4,41.629462,2.155811425,199952.6,2613.7,265.378,1167.609,171.4,0.227283277192964,237398.8,0.84,0.36,24.38,0.37,14819.12,3
1466,3.66,1.219207764,0.286097169,5.815594673,2.995206823,-71.93280029,-73.40831618,-297.4848022,-294.1319885,-295.6259884,23.76179162,1,47.52358324,2.299528221,19392,576.1,117.753,229.761,33.5,0.512502121770013,20813.06,0.93,0.57,3.35,0.74,19156.86,1
1467,3.66,3.047973633,0.904727697,20.53221893,9.609830029,339.5472107,329.5372617,-709.5744019,-681.8375854,-698.7437766,7.183383748,1,26.21935068,20.1134745,41384.8,851.4,167.616,330.174,7.8,0.507659597666685,44676.66,0.93,0.39,27.74,0.72,69979.96,4
1468,3.66,3.047973633,0.904727697,20.53221893,9.609830029,339.5472107,329.5372617,-709.5744019,-681.8375854,-698.7437766,7.183383748,1,26.21935068,20.1134745,41384.8,851.4,167.616,330.174,7.8,0.507659597666685,2900000,0.01,0.39,27.74,0.72,69979.96,4
1469,9.75,0,0,21.60844231,4.50610948,177.3935852,169.7359987,-546.2015991,-519.684021,-538.6246163,1.226692874,0,67.69114312,6.356499436,133289.7,2366.4,305.996,799.311,42,0.382824707779575,183636.34,0.73,0.29,26.52,0.3,10969.63,3
1470,5.49,4.876800537,0.639756978,25.04160309,8.933462773,-84.73440552,-94.76585847,-284.683197,-256.6416016,-274.2581712,13.10925534,1,17.13288816,6.619524972,114520.5,1819.6,223.161,749.472,48.9,0.297757621365441,135572.27,0.84,0.37,28.04,0.44,25525.13,1
1471,17.68,0.30480957,0.286127388,5.486807823,3.051269424,190.1952209,188.4088363,-559.612793,-554.7360229,-557.3576734,0,0,74.26975367,9.521763292,23416.1,604.4,130.145,236.67,159.6,0.549900705623865,24125.32,0.97,0.47,4.88,0.81,15229.74,3
1472,12.8,9.448791504,0,12.40457535,4.361809085,202.3871765,195.0459565,-573.3287964,-558.3936157,-564.0658497,6.867087248,1,14.57162416,23.11361074,88746.5,1400.6,324.937,447.651,179.7,0.725871270252943,102455.67,0.87,0.62,14.94,0.57,16911.95,3
1473,4.88,1.828796387,0.286094576,12.23302746,5.763910233,141.7319946,137.6868363,-511.4544067,-496.5191956,-506.6800248,22.24873788,0,22.24873788,8.411108225,54783.3,1046.7,238.475,362.97,32.8,0.657010221230405,61714.97,0.89,0.32,14.94,0.63,5283.38,3
1474,0.61,0,0,7.652918339,3.238568147,-56.69281006,-58.95283144,-312.4200134,-304.8000183,-309.986801,0,0,46.71002065,20.25976799,26412.4,681.1,156.582,245.292,26.5,0.638349395822122,29697.26,0.89,0.32,7.62,0.72,15364.3,1
1475,2.74,0.914428711,0.286128163,8.259465218,3.965940399,201.1679993,199.4942659,-570.5856323,-564.489624,-568.4974606,0,0,70.20468045,22.79372741,16302.9,470.7,135.175,156.06,166.1,0.866173266692298,16495.55,0.99,0.35,6.1,0.93,18088.71,3
1476,15.85,8.839172363,0,33.36512756,8.051965013,409.0415955,361.0772802,-779.3735962,-657.4536133,-730.0641966,3.469501434,12,21.8856736,7.94911088,1015362.6,15429.2,1429.846,2982.555,4.2,0.479403062139676,2900000,0.35,0.4,121.92,0.05,87661.76,4
1477,2.13,0.609588623,0,5.306928158,2.553236247,-68.58001709,-69.59533712,-300.5328064,-297.7896118,-299.3600296,11.76732091,1,67.33522522,3.268700253,22737.1,566.2,142.419,201.526,89.9,0.706702857199567,23207.85,0.98,0.44,2.74,0.89,18115.9,1
1478,2.13,0.609588623,0,5.306928158,2.553236247,-68.58001709,-69.59533712,-300.5328064,-297.7896118,-299.3600296,11.76732091,1,67.33522522,3.268700253,22737.1,566.2,142.419,201.526,89.9,0.706702857199567,1700000,0.01,0.44,2.74,0.89,18115.9,1
1479,0.61,0.304748535,0.639772058,18.9990921,6.898313748,153.3144226,133.4808223,-522.4271851,-477.9263916,-502.3919003,0,0,0.13111317,47.98742041,113368.8,1537.3,286.308,559.516,71.5,0.511706546372222,127327.06,0.89,0.45,44.5,0.6,4689.62,3
1480,1.83,0,0.572187841,4.682328701,2.453710588,-69.18960571,-69.42269179,-300.2279968,-299.3135986,-299.797699,17.94435492,0,83.74032288,0,2485,181.7,54.198,59.539,28.7,0.91029409294748,2504.82,0.99,0.53,0.91,0.95,18069.46,1
1481,1.83,0,0.572187841,4.682328701,2.453710588,-69.18960571,-69.42269179,-300.2279968,-299.3135986,-299.797699,17.94435492,0,83.74032288,0,2485,181.7,54.198,59.539,28.7,0.91029409294748,1700000,0,0.53,0.91,0.95,18069.46,1
1482,0.3,0.30480957,0.404602438,8.039517403,3.478651331,163.0679626,161.2899911,-532.1807861,-526.0847778,-530.2649166,0,0,79.0971173,4.793764684,12402.9,445.1,104.883,162.226,72.2,0.646523985057882,13187.13,0.94,0.32,6.1,0.79,9271.76,3
1483,2.44,0.30480957,0.904728353,5.382689953,2.858329022,-73.76159668,-74.12083653,-295.9608154,-294.4367981,-295.1226066,40.29979222,0,43.96340971,0,4057.2,230.1,65.076,80.09,25.5,0.812535897115745,4057.67,1,0.59,1.52,0.97,19354.61,1
1484,7.01,6.096008301,0.639762759,23.72399902,6.141213472,270.0527649,263.1082042,-640.0800171,-617.8295898,-632.0703493,11.31469423,2,45.03248303,1.244616366,131370.3,2015.3,219.537,857.024,150.1,0.256162021133597,152714.05,0.86,0.36,22.25,0.41,39246.86,4
1485,2.44,0.304779053,0,4.514656067,2.284110178,-79.85760498,-80.17022705,-289.5599976,-288.0360107,-288.9035144,67.0777353,0,21.46487529,5.366218829,5539.9,281.1,69.215,105.243,93.3,0.657668443506932,5591.53,0.99,0.46,1.52,0.88,21074.39,1
1486,26.21,10.97283936,0.639750004,19.04339027,6.568446688,224.3327942,205.3486466,-594.0552368,-534.6192017,-574.2803986,2.674535827,2,49.11001132,14.66383436,322343.9,3522.4,517.243,1080.683,50.7,0.478626017065134,440378.62,0.73,0.33,59.44,0.33,19697.74,3
1487,17.68,10.05834961,1.831469536,14.64406586,8.421643935,208.7879944,200.4049982,-578.8151855,-562.6608276,-569.6064611,17.29925504,1,33.61930697,20.88966647,45539.5,787.1,229.09,266.371,26.1,0.860041070536958,46423.72,0.98,0.57,16.15,0.93,18334.51,3
1488,2.44,0.609619141,1.144376159,6.371564865,3.569484753,251.4599915,250.4270698,-620.8776245,-618.1343994,-619.6076152,19.82091636,1,61.4448407,5.94627491,7499.2,317.2,86.425,112.535,162.6,0.767983294086284,7526.33,1,0.48,2.74,0.94,34383.2,4
1489,1.83,0,0.286130995,5.056993008,2.640505943,242.0112,241.7934788,-611.428833,-610.5144043,-610.978876,0,0,34.46780941,19.69589109,3018.7,198.7,57.807,57.819,179.7,0.999792455767135,3018.73,1,0.55,0.91,0.96,31255.93,3
1490,21.34,0.914367676,0.404565215,7.255626678,2.626189049,194.1576233,193.0311584,-563.2703857,-559.612793,-561.9875961,32.89458729,0,53.34257397,8.001386096,16719.3,501.7,129.049,177.817,11.4,0.725740508500312,17526.78,0.95,0.36,3.66,0.84,16391.98,3
1491,0.61,0,0.286102355,2.022341251,0.980525096,-67.6656189,-67.95007935,-301.142395,-300.5328064,-300.9595256,0,0,94.13354653,0,2368.6,176.5,49.456,59.665,114.6,0.828894661862063,2373.02,1,0.36,0.61,0.96,17675.72,1
1492,2.44,1.219177246,1.809058428,10.97488689,5.881760045,156.6672058,154.0566726,-526.3895874,-518.7695923,-523.259133,8.33661194,1,26.20078039,21.43700213,12481,428.1,121.472,138.365,82.1,0.87790987605247,12992.17,0.96,0.42,7.62,0.86,7931.09,3
1493,1.52,0.30480957,0.404646963,5.486886978,3.157037108,136.5503845,135.7564967,-505.9680176,-503.2247925,-504.8693095,2.34827512,0,56.35860285,18.78620095,6329.8,286.9,81.878,93.035,90.3,0.880077390229484,6344.76,1,0.42,2.74,0.97,5006.48,3
1494,1.83,0.914428711,0.40464589,6.649623394,3.758237926,144.4751892,142.5029593,-513.8928223,-508.7112122,-511.5829037,5.949316837,1,42.63677066,29.74658418,14990.8,455.5,116.206,164.618,123.3,0.705913083623905,15116.21,0.99,0.45,5.18,0.91,6006.71,3
1495,4.57,1.219207764,0.809256494,10.4723177,6.477527949,46.32958984,44.99810068,-416.3568115,-412.3944092,-414.6804071,80.94727056,0,5.582570389,0,5325.2,266.8,80.563,87.945,145.5,0.91606117459776,5359.72,0.99,0.43,3.96,0.94,400.08,2
1496,0.91,0,0,5.261060238,2.842531225,-58.21679688,-59.71736341,-310.8959961,-307.2384033,-309.2469596,0,0,0,78.61076635,11534.2,446,103.395,151.372,116.5,0.683052347858256,12829.02,0.9,0.46,3.66,0.73,15554.42,1
1497,6.4,3.962402344,2.459837675,12.20799732,7.439329784,42.97677612,38.69759075,-413.6136169,-401.7264099,-408.0480042,26.68536471,1,4.709182007,22.76104637,18938.5,511.8,148.461,161.685,127.5,0.918211336858707,19473.84,0.97,0.47,11.89,0.91,691.82,2
1498,2.13,1.219207764,0.904693782,7.46784544,4.209357904,139.2935791,137.4975655,-509.3208008,-502.9200134,-506.5874371,4.327399325,0,36.78289428,30.29179528,13739.6,438.6,125.912,137.869,158.7,0.913272744416802,14181.8,0.97,0.43,6.4,0.9,5255.9,3
1499,24.99,3.962341309,0.809244812,8.355356216,3.91346827,196.9007874,193.677875,-566.9279785,-559.612793,-562.6943263,17.34591002,1,40.93634766,8.326036812,42846.2,885.9,170.2,366.297,169,0.464650270135982,45169.95,0.95,0.59,7.32,0.69,16558,3
1500,10.06,2.133605957,0.286074221,6.250218391,2.940838491,201.7776184,199.2371847,-571.1951904,-564.7944336,-568.2206109,15.20497671,1,41.50547695,7.397015695,36170.6,921.7,188.196,327.433,166.1,0.574761859678163,42834.55,0.84,0.47,6.4,0.54,18019.62,3
1501,3.05,2.133605957,0,6.552097321,3.697607115,499.2624207,494.3264802,-868.6799927,-853.4400024,-863.2488891,21.02708691,0,11.65356624,18.49370294,58673.1,954.2,213.641,348.885,3.5,0.612353640884532,61379.98,0.96,0.36,15.24,0.81,184321.23,4
1502,1.83,1.523986816,0.404650271,15.33635902,7.013099681,209.7024231,206.8764117,-579.7296143,-569.6712036,-576.0456694,0,0,14.94536243,43.59064043,11934.8,418.3,102.194,157.42,115,0.649180536145344,12268.18,0.97,0.37,10.06,0.86,20128.92,3
1503,0.3,0.30480957,0.286132813,5.625207424,2.810007539,142.6463928,141.7973077,-511.7592163,-509.0159912,-510.8448072,0,0,51.60535059,59.54463529,3744.5,220.8,68.607,70.704,127.7,0.970341140529532,3744.62,1,0.35,2.74,0.97,5897.83,3
1504,0.3,0,0.80926019,15.26352692,6.752407312,153.9239807,148.7684118,-523.0368042,-512.673584,-517.9630015,0,0,2.453167833,17.17217483,12118.3,419.3,108.718,150.985,72.2,0.72005828393549,12662,0.96,0.49,10.36,0.87,7017.15,3
1505,11.58,9.143981934,0.404646605,15.28053093,7.350266057,60.65518188,51.92250775,-430.377594,-411.480011,-421.0566245,14.28123893,1,36.37674067,9.700464179,55163.3,983.3,213.224,378.583,55.5,0.563215992265897,59651.95,0.92,0.5,18.9,0.72,171.02,2
1506,1.22,0.30480957,1.809013128,8.274196625,5.037328039,114.9096069,112.801699,-484.632019,-477.6216125,-481.9989753,0,0,28.46437601,41.51054834,12532.8,413.8,114.333,137.536,14.3,0.831295079106561,12843.48,0.98,0.38,7.01,0.92,2285,2
1507,17.07,13.71600342,0.639785349,17.60995674,6.530909462,-11.88720703,-23.48823424,-357.8352051,-335.8896179,-345.5207114,12.47515845,1,15.65279314,14.82896192,126298.9,1458.9,404.966,428.683,105.3,0.944674736343639,134571.17,0.94,0.56,21.95,0.75,7830.17,2
1508,5.49,3.962371826,0.809241414,10.14926147,6.840394744,108.2039795,103.4128542,-477.9263916,-466.6488037,-472.6710949,28.40951995,1,15.85647625,19.82059531,22498,560.8,138.031,208.745,129.5,0.661242185441567,22783.08,0.99,0.47,11.28,0.9,1475.55,2
1509,2.13,1.219207764,0,6.703896046,3.938892176,118.8719788,116.9619117,-488.8992004,-483.1080017,-486.0544047,0,0,20.76521281,38.25170781,13600.6,424.7,127.656,131.773,18,0.968756877357274,13749.59,0.99,0.5,5.79,0.95,2700.04,2
1510,5.18,0.914398193,0.286105454,5.773962975,2.111796613,-69.79922485,-71.31906585,-299.3135986,-295.0464172,-297.5998787,20.52784737,1,21.21210895,4.789831052,43445.8,908.3,203.851,309.382,50,0.658897414846371,48294.92,0.9,0.41,4.27,0.66,18582.89,1
1511,0.3,0,0,4.647601604,2.70155235,100.8887939,98.26082034,-469.6968079,-463.6007996,-467.1413178,0,0,0.610628862,76.3286078,24342.4,597.6,162.275,205.823,162.1,0.78842014740821,25448.97,0.96,0.43,6.1,0.86,1106.28,2
1512,7.32,6.705566406,1.430188775,17.12973022,7.761983761,220.6752014,196.605895,-591.0072021,-539.1912231,-565.6493965,3.681999607,1,4.248461086,28.46468927,104961.4,1963.2,276.885,630.552,20.8,0.439115251398774,138558.22,0.76,0.49,51.82,0.34,17320.11,3
1513,0.3,0,0,8.20174408,3.482888922,-105.4608154,-108.3868932,-263.6520081,-255.4224091,-260.5171789,0,0,0,78.68557686,24368.8,601.3,146.409,229.087,97.1,0.639097810002313,25176.53,0.97,0.39,8.23,0.85,30063.01,1
1514,8.84,6.400817871,1.667918921,15.89143753,9.255931895,36.57598877,31.7655588,-407.8224182,-395.6304016,-401.3109921,32.63022859,1,16.31511429,4.078778573,18221.3,487.6,142.588,154.847,89.9,0.920831530478472,18278.18,1,0.54,12.19,0.97,1104.53,2
1515,7.32,0.30480957,0.286135405,2.305685759,1.19689084,199.3392029,199.0010548,-568.4520264,-567.2327881,-567.913847,26.13795498,0,52.27590996,0,9667.6,370.2,98.577,129.346,153.7,0.762118658481901,10037.36,0.96,0.48,1.22,0.89,17956.28,3
1516,20.42,0,0,7.468033791,2.813427051,193.5480042,191.723202,-562.3560181,-557.1743774,-560.6615581,17.53923681,0,45.47209544,24.68485181,22881.9,600.8,130.578,230.072,167.4,0.567552766090615,23820.86,0.96,0.33,5.18,0.8,16058.77,3
1517,1.83,1.523986816,0,9.157299995,3.383418593,-60.35040283,-62.80668887,-308.7623901,-301.142395,-306.1358454,4.431938799,2,51.52128854,12.1878317,53661.9,1162.5,143.781,503.905,140.1,0.285333545013445,59325.75,0.9,0.35,7.62,0.5,16334.55,1
1518,14.94,12.19198608,0,23.72289467,7.382643365,0,-23.40725971,-370.0271912,-315.7727966,-345.535068,7.066023884,3,23.79311582,4.721104453,475415.4,6723.7,454.693,2446.682,146.2,0.185840660944087,807692.25,0.59,0.45,54.25,0.13,7815.84,2
1519,2.74,0.609558105,1.831436396,8.691378593,4.878083809,144.7799988,143.3456445,-514.5023804,-510.235199,-512.6736115,15.3689217,1,34.58007383,17.29003691,7737.2,323.8,93.785,106.15,89.8,0.883513895430994,7857.19,0.98,0.44,4.27,0.93,6138.04,3
1520,4.57,1.828796387,0.904750466,8.436180115,5.687324369,119.1767883,117.1727299,-489.20401,-482.8031921,-486.552243,27.91080293,1,27.91080293,19.41621074,12248.9,412,110.652,137.846,111.5,0.80272187803781,12573.69,0.97,0.42,6.4,0.91,2721.99,2
1521,7.32,4.572021484,0.286131769,22.14439583,7.139764212,167.030365,158.7782781,-536.7528076,-511.1495972,-527.7771384,20.8481538,0,41.01647649,6.231785103,131186.8,1861.8,390.52,643.606,51.3,0.606768737395239,157515.22,0.83,0.35,25.6,0.48,8794.37,3
1522,38.1,9.753601074,0,22.26966858,6.753631367,-29.56561279,-56.64693677,-339.5472107,-263.6520081,-312.2777384,3.499402936,4,40.65482823,10.16885324,722095.9,8197.7,1082.273,2230.966,88.5,0.485114071662231,1700000,0.42,0.36,75.9,0.14,14797.98,1
1523,14.02,9.753601074,0.404645503,16.8900528,7.021084324,-55.47360229,-71.79763725,-315.4680176,-256.0320129,-297.1810643,4.883558411,2,34.70814727,12.20889603,170447.8,2494.2,493.771,692.57,2.7,0.712954647183678,234363.97,0.73,0.31,59.44,0.35,18713.59,1
1524,3.35,1.523986816,0.572229981,7.684429169,4.137530645,-63.39840698,-66.36534719,-306.3240051,-298.0943909,-302.6680246,21.81532972,1,21.28324851,18.09076123,27935.9,630.5,168.355,217.404,64.3,0.774387775753896,28738.91,0.97,0.45,8.23,0.89,17256.85,1
1525,0.91,0.30480957,0.286136687,11.60154247,6.741917849,178.917572,173.5706751,-548.3352051,-534.6192017,-542.6421617,0,0,0,73.81736617,17317.3,543.8,112.419,202.54,140.1,0.55504591685593,18747.95,0.92,0.42,13.72,0.74,11787.59,3
1526,12.8,0.914428711,0,8.746026993,4.339469817,185.6231995,183.1678598,-554.7360229,-547.1160278,-552.1748424,0,0,32.60060124,22.88978385,21429.5,542.6,147.419,183.399,38,0.803815724186064,21806.46,0.98,0.34,7.62,0.92,13963.64,3
1527,5.49,3.04800415,0.904735625,8.274223328,3.746391027,-69.18960571,-71.30070875,-300.5328064,-295.6560059,-297.7814212,28.35346331,1,57.38200907,3.3754123,22018.3,556.2,135.468,208.823,108.4,0.648721644646423,22263.51,0.99,0.58,4.88,0.9,18577.88,1
1528,2.44,0.30480957,0.404658318,3.725432396,1.641485193,-72.54241943,-72.93611187,-296.5704041,-295.3511963,-295.98197,22.09858911,0,73.20157642,1.381161819,10762.1,428.6,89.132,163.481,108.6,0.545213205204275,11509.34,0.94,0.53,1.22,0.74,19026.37,1
1529,2.44,1.523986816,0.639804482,7.381817341,4.37251189,186.8423767,184.8563833,-556.5648193,-550.468811,-554.0237414,1.042520582,0,22.93545281,14.59528815,14257.9,459.5,107.689,167.65,101.3,0.642344169400537,14857.5,0.96,0.42,6.1,0.85,14365.55,3
1530,0.3,0,0,7.116412163,2.265035179,519.68396,515.6119001,-888.4920044,-876.9096069,-884.4726627,17.76941066,0,55.75918516,19.9139947,97034.2,1528.9,240.105,598.497,29.5,0.401179955789252,110493.84,0.88,0.35,11.58,0.52,203051.08,4
1531,0.91,0,0.404657602,7.18378973,3.104441126,-70.40881348,-71.77203839,-298.70401,-294.1319885,-297.1833523,0,0,3.341704798,23.39193359,13344.2,520.8,100.471,209.653,71.6,0.479225195918971,15210.66,0.88,0.34,4.57,0.62,18706.59,1
1532,3.66,2.743225098,1.716292262,10.76699734,5.879817217,22.85998535,19.18160895,-393.1920166,-383.133606,-388.3683141,12.3465871,1,12.3465871,24.6931742,19262.5,503.1,141.23,175.31,33.9,0.805601505903827,19361.69,0.99,0.48,10.06,0.96,2099.32,2
1533,8.84,7.924804688,0.639798105,17.33792877,7.363661828,53.64480591,44.84883912,-424.5863953,-403.5552063,-413.9946046,15.56041889,1,8.795019369,11.50117918,43941.7,839.5,229.625,282.881,156.5,0.811737090861528,46886.07,0.94,0.51,21.03,0.79,406.07,2
1534,5.49,0,0,3.885825634,1.572766873,197.5104065,197.177887,-566.62323,-565.7088013,-566.2075806,4.601576183,0,96.63309981,0,3230.2,217.6,53.159,81.759,151.9,0.650191416235521,3318.33,0.97,0.51,0.91,0.86,17470.99,3
1535,2.44,0.30480957,0.404660165,3.71452117,2.090759201,242.0112,241.7741258,-611.428833,-610.5144043,-610.9885525,0,0,88.88069766,5.555043602,2675.8,188.2,54.002,64.16,25.7,0.841677057356609,2678.45,1,0.54,0.91,0.95,31249.09,3
1536,0.91,0.30480957,0.639780581,6.250534058,3.373097199,0,-1.219207764,-369.4176025,-365.4552002,-367.8645756,0,0,31.49613231,44.09458522,9438.7,354.3,101.446,116.442,106.9,0.87121485374693,9581.42,0.99,0.4,3.96,0.95,4384.98,2
1537,17.37,13.71600342,0.286105454,17.88509941,7.291746097,29.26080322,16.87252169,-399.592804,-373.6848145,-385.9250152,5.550970251,3,9.45165205,10.20178316,198153.9,2389,334.933,938.413,21.6,0.356914279746764,253723.52,0.78,0.53,25.91,0.44,2316.25,2
1538,66.75,7.010375977,0,26.34998512,6.788680577,441.6551819,389.8995253,-810.4631958,-654.7103882,-758.827221,2.399881003,5,16.20954108,5.91694799,1436938.4,20187.8,1906.901,3958.75,4.8,0.481692706030944,4700000,0.31,0.33,155.75,0.04,105559.7,4
1539,4.57,3.352783203,1.918671489,13.85734081,7.253913382,97.84078979,94.16510863,-468.1727905,-457.8096008,-463.4897326,17.86448296,1,15.31241396,14.4617243,17473.1,487.7,130.278,166.052,0.1,0.784561462674343,17665.47,0.99,0.46,10.36,0.93,850.6,2
1540,0.61,0.609588623,0,8.746049881,4.437447151,-60.35040283,-64.7657378,-309.0671997,-296.8752136,-304.2089189,0,0,25.74843592,30.99348768,31173.3,743.8,150.949,284.868,78.7,0.529891037252341,33195.16,0.94,0.4,12.19,0.71,16839.15,1
1541,5.18,3.962402344,1.430252075,10.47255039,5.530707413,195.6816101,191.6883886,-565.0991821,-555.9552002,-560.809309,25.69270255,1,13.38161591,21.9458501,27769.7,624.9,167.386,219.666,111.8,0.762002312601859,28340.63,0.98,0.47,9.14,0.9,16049.95,3
1542,1.22,0.914398193,0.286141366,11.34123898,4.724048586,84.42959595,79.14799783,-453.8471985,-439.2167969,-448.1511802,0,0,0.794975111,53.66082002,37395.2,886.2,178.17,323.823,90,0.550207983991254,44400.09,0.84,0.39,14.63,0.6,200.17,2
1543,0.3,0,0.639811397,6.928013802,3.711963594,274.3199768,273.5660095,-643.4328003,-640.9943848,-642.5986135,0,0,35.03168368,23.35445579,2545.8,180.3,53.056,61.029,135.4,0.869357190843697,2545.83,1,0.36,2.44,0.99,43499.78,4
1544,6.4,4.876800537,0,19.50601387,5.391176973,-62.48400879,-73.06338356,-306.9335938,-277.3680115,-295.8999204,8.220800448,1,45.59382402,5.691323387,235054.8,3594.2,380.495,1287.461,47.8,0.295539049338194,380185.63,0.62,0.37,29.57,0.23,19061.5,1
1545,12.8,8.839202881,0,11.96891975,6.184926501,55.16879272,45.91187755,-424.5863953,-402.9456177,-414.9426942,9.373974088,2,17.09371746,10.03566638,134783,1778.4,447.845,507.354,174.8,0.882707143335817,160829.62,0.84,0.45,21.64,0.54,364.36,2
1546,45.42,5.79119873,0,16.72324181,5.695379996,-22.5552063,-39.1899458,-346.8623962,-287.7312012,-329.7265372,6.696050031,4,56.14852962,6.173880992,483924.6,6783.1,781.614,1663.86,131.4,0.469759474955826,938932.61,0.52,0.29,59.13,0.13,10855.54,1
1547,3.35,1.828796387,0.809286535,22.07693481,8.477700184,160.019989,150.4934541,-529.4376221,-499.2624207,-519.4546378,3.804773402,1,22.82864041,18.77021545,58600.6,978.3,231.977,352.698,6.4,0.657721336667631,61386.49,0.95,0.33,30.18,0.77,7309.13,3
1548,5.18,0.914398193,0,5.87130928,2.41388338,-69.79922485,-70.78981073,-299.3135986,-296.2655945,-298.1470153,44.79994664,1,30.06312209,1.178945964,25216,643.2,130.135,264.49,130.8,0.492022382698779,26216.41,0.96,0.4,3.05,0.77,18438.87,1
1549,0.61,0.609619141,0,11.69121265,4.128961913,44.80560303,34.69048308,-413.918396,-386.4864197,-403.5845702,3.337958209,1,38.49778468,34.26970428,133591.9,2472.6,240.497,1041.426,134.9,0.230930474176754,176679.04,0.76,0.38,27.43,0.28,918.67,2
1550,2.13,0.914398193,0,10.25704956,2.740279592,-81.68640137,-84.49850996,-287.4263916,-280.7207947,-284.4195919,7.515785958,1,53.58028054,5.576228292,61309.4,1573.9,145.982,705.63,135,0.206881793574536,74602.13,0.82,0.46,6.71,0.31,22349.8,1
1551,14.02,11.27761841,1.43039906,22.6327858,12.48402559,-19.81201172,-38.47620498,-350.21521,-306.9335938,-330.6942745,14.80458947,1,13.54078305,11.37425776,82329.9,1080.4,293.003,354.559,55.4,0.826387145721868,84844.3,0.97,0.45,43.28,0.89,10707.32,1
1552,11.89,5.486450195,0.809263825,8.393705368,3.83724282,267.3096008,260.2647611,-636.7272339,-621.1824341,-629.1578143,7.051014472,1,51.55580474,7.885005431,196052,2346.4,501.86,636.988,171.8,0.787864135588112,227390.98,0.86,0.49,15.54,0.45,38128.33,4
1553,1.83,0,0.809208453,4.514868736,2.444833056,43.89120483,43.13257921,-413.0039978,-410.5656128,-412.1370205,47.0537907,0,20.1659103,29.1285371,6633.8,299.4,86.061,103.131,45.3,0.834482357390116,6668.78,0.99,0.37,2.44,0.93,478.18,2
1554,8.53,4.267211914,0.286085606,12.35571098,3.711068055,164.8968201,159.1394592,-534.6192017,-521.5128174,-528.1005248,17.11138457,1,60.95930752,9.839046126,69493.6,1129.1,238.56,416.343,75.8,0.572989097931273,75610.63,0.92,0.5,13.11,0.69,8862.24,3
1555,0.91,0.30480957,0.858375549,6.50317812,4.078930832,8.839202881,7.568234426,-378.2568054,-373.9895935,-376.6522914,0,0,9.631633423,75.12674072,7716.3,321.8,81.591,106.439,90.3,0.766551733856951,7717.26,1,0.39,4.27,0.94,3298.41,2
1556,0.61,0.30480957,0.404662371,6.503202915,3.81242781,-102.7176209,-106.956363,-266.7000122,-254.5079956,-261.9654435,0,0,3.995041201,70.57906121,44647.8,809.3,192.832,274.122,112.6,0.703453206966241,46466.4,0.96,0.39,12.19,0.86,29568.99,1
1557,8.53,6.705596924,1.279445767,11.43343544,5.919832472,-12.1920166,-18.24119938,-358.4447937,-344.4240112,-350.9020949,15.52997441,1,32.5045976,21.66973174,41156.4,791.9,200.546,255.517,6.9,0.784863629425831,42357.36,0.97,0.54,14.02,0.83,6929.1,2
1558,7.32,4.876800537,0.639786363,17.70059395,5.170196613,-142.0368042,-146.1317787,-227.3807983,-216.1031952,-222.9037915,16.25778715,1,25.74149632,12.19334037,43885.4,871.2,167.691,343.16,74.8,0.488667094066908,46649.69,0.94,0.4,11.28,0.73,44576.63,0
1559,1.22,1.219207764,0.28614369,11.2035656,4.812131381,-67.97039795,-73.52876417,-300.837616,-287.7312012,-295.4541355,0,0,37.75228475,22.97965159,45278.8,919.8,169.488,372.42,139.8,0.455099081681972,48491.7,0.93,0.41,13.11,0.67,19190.22,1
1560,3.66,3.352783203,0,12.81279469,4.333783785,200.2535706,191.9756679,-569.6712036,-550.468811,-560.8975928,13.53164674,1,55.03627752,7.391235617,130718.2,1835.9,287.799,675.446,47.2,0.42608735561392,166062.11,0.79,0.46,19.2,0.49,16122.82,3
1561,1.83,1.828796387,0.286139548,20.71166801,8.749694501,287.1216125,277.2594638,-656.5391846,-618.7440186,-646.3001192,4.204430173,1,49.30649931,17.19994162,77777.8,1224.1,258.708,456.785,148.3,0.566367109252712,86915.08,0.89,0.27,37.8,0.65,45054.08,4
1562,21.95,1.828796387,0,6.327310562,2.772347134,194.7671814,192.6647176,-563.8800049,-558.0888062,-561.5878397,16.70725005,2,28.55774136,2.525514543,76512.7,1454.7,240.018,568.269,180,0.422366872027156,99665.18,0.77,0.4,5.79,0.46,16298.28,3
1563,0.61,0.30480957,0.28613326,4.514919758,2.654754823,-154.8384094,-155.4310752,-214.5792084,-212.4456024,-213.5970709,0,0,5.661630288,90.58608461,5250.8,273.1,69.352,104.632,87.3,0.662818258276627,5297.93,0.99,0.48,2.13,0.89,48589.86,0
1564,0.3,0,0,5.144584179,2.085411642,-73.76159668,-75.31202861,-295.0464172,-291.3887939,-293.6057147,0,0,74.79145143,6.010027347,22259,647.8,113.963,264.033,141.5,0.431624077293369,23828.72,0.93,0.4,3.66,0.67,19687.47,1
1565,5.18,2.74319458,0.286142915,14.0229578,4.308750136,-40.53842163,-46.3780006,-328.8792114,-312.4200134,-322.5808421,14.48701981,1,28.36191203,19.58808313,72848.3,1143.1,225.064,461.222,144.4,0.487973253660927,76566.1,0.95,0.39,16.46,0.7,12405.06,1
1566,3.66,0.914398193,0.28614679,5.307304859,2.619929115,-71.62802124,-72.87745725,-297.7896118,-294.4367981,-296.1120405,38.3957773,0,18.80609501,14.88815854,18969.4,582.1,128.053,200.821,108.5,0.637647457188242,21748.24,0.87,0.52,3.35,0.71,19010.19,1
1567,21.34,19.50720215,0,23.64793396,10.22721369,127.101593,111.3306491,-498.6528015,-469.3919983,-480.6351925,12.23525255,1,25.85562802,21.23855159,64387.7,1105.5,256.681,374.769,25.2,0.684904567880481,72263.39,0.89,0.62,29.26,0.66,2146.53,2
1568,1.52,0.914398193,1.179627776,8.143550873,4.607648182,3.04800415,1.105867826,-372.7704163,-366.0648193,-370.2382202,0,0,21.98480985,56.90186077,11493.9,402.8,112.627,145.204,48.7,0.775646676400099,11812.06,0.97,0.38,6.71,0.89,4082.46,2
1569,0.61,0,0.639821827,5.682620049,3.695613545,452.9327698,450.7602149,-822.0455933,-816.2543945,-819.7915067,0,0,0,75.39403197,12814.9,429.5,122.233,136.549,157.3,0.895158514525921,13395.16,0.96,0.4,5.79,0.88,148810.94,4
1570,0.3,0,0,7.808537483,3.233261009,226.1615906,223.7344831,-594.9696045,-588.5687866,-592.6591484,0,0,6.705433557,67.05433556,24384,612.3,150.759,220.552,161.3,0.68355308498676,25745.46,0.95,0.37,6.4,0.82,25196.64,3
1571,3.66,3.352844238,0.572275162,29.16753006,9.28535881,278.2823792,267.2673551,-648.3096313,-619.9631958,-636.4600807,5.253218823,1,9.005517982,46.15327966,39613.4,781.4,169.533,299.833,143.4,0.565424753112566,41190.71,0.96,0.42,28.35,0.82,40912.08,4
1572,12.5,0,0.904816926,8.079767227,3.194712596,185.3183899,183.6292962,-554.4312134,-549.2496338,-552.5643107,0,0,0,89.99017389,10571.2,436.3,85.266,178.022,149.3,0.478963274202065,11401.38,0.93,0.37,5.18,0.7,14072.91,3
1573,1.52,0,0,5.450280666,1.997062525,-73.15200806,-74.64074581,-295.6560059,-291.6936035,-294.26551,0,0,91.9310168,1.656414716,17947.4,579.2,112.144,234.724,123,0.47776963582761,19533.42,0.92,0.36,3.96,0.67,19499.54,1
1574,0.61,0.30480957,0.286149651,6.040763855,3.712337671,105.4607849,104.1897116,-474.878418,-470.9160156,-473.3154966,0,0,72.78634893,26.46776325,6739.1,301.2,81.551,106.212,87.6,0.767813429744285,6816.28,0.99,0.4,3.96,0.94,1535.83,2
1575,1.83,1.828796387,0.286147058,9.910834312,5.07121347,182.2704163,179.0569296,-551.6879883,-542.2391968,-548.101815,2.302647463,1,58.14184841,3.453971192,25821,591,170.429,199.48,68.3,0.854366352516543,26223.37,0.98,0.38,9.45,0.93,13008.98,3
1576,1.52,0.30480957,0.639831126,6.308447838,3.366052151,359.3592224,358.8990197,-728.7767944,-726.3383789,-727.9520575,0,0,61.08403463,6.108403464,7300.2,338.5,70.531,140.421,18.9,0.502282422144836,7375.77,0.99,0.35,2.44,0.8,86376.63,4
1577,18.59,12.80160522,0,22.43604469,6.425586167,-57.91201782,-71.99813582,-312.1152039,-271.5768127,-296.9548725,5.205382997,3,14.18722033,5.868814163,291264.4,4242.5,472.841,1425.901,124.5,0.33160857591095,515572.78,0.56,0.37,40.54,0.2,18768.49,1
1578,28.04,12.80163574,0,32.61351395,8.985049439,199.948822,178.9174938,-569.9760132,-496.8240051,-547.8627813,3.703093675,11,18.61291821,2.095171421,915187.4,11948,673.112,3623.967,170.3,0.185738998175204,1900000,0.48,0.3,73.15,0.08,12977.2,3
1579,1.22,0.914398193,0.639829397,7.419924259,4.036213317,84.12478638,81.96733796,-453.2376099,-447.7512207,-451.0032903,2.621770409,0,25.34378063,41.07440308,17008.5,492.7,133.536,169.219,33.7,0.789131244127433,17547.32,0.97,0.41,5.49,0.88,287.89,2
1580,20.12,1.523986816,0.286148369,8.284163475,4.36282503,192.6335754,190.0771343,-562.0512085,-554.4312134,-559.081552,23.56965575,2,22.51429803,7.387504041,42253.4,877.3,179.438,345.797,6.2,0.518911384424966,46777.19,0.9,0.39,7.62,0.69,15644.29,3
1581,1.83,0.914398193,0.286120236,9.079762459,3.948772624,-43.58639526,-44.75560355,-325.8312073,-320.9544067,-324.2810109,25.67053333,1,31.11579798,3.111579798,19108.2,562,109.994,225.922,29.8,0.48686714883898,19690.52,0.97,0.32,4.88,0.76,12046.29,1
1582,2.74,1.523986816,0,5.26139307,2.621567602,45.72000122,43.65364243,-414.8327942,-409.6512146,-412.5809731,28.99979737,0,18.03645934,10.2560259,42029.9,837.3,195.58,305.594,117.7,0.639999476429511,45122.06,0.93,0.44,5.18,0.76,455.67,2
1583,9.75,7.619995117,0.286118656,18.70072365,7.69309207,128.3208008,114.5339042,-498.0432129,-458.723999,-483.5603292,3.552653258,5,28.3639252,4.469467001,259405.2,3698.2,346.616,1377.952,84.9,0.25154432084717,402424.15,0.64,0.37,39.32,0.24,2453.61,2
1584,2.13,1.524047852,0.85839653,10.50286961,4.374786618,189.5856018,187.8047649,-559.0032349,-553.5167847,-556.8667817,0,0,10.172183,63.80732973,16073.8,477.8,122.81,179.896,127.6,0.682672210610575,16249.39,0.99,0.4,5.49,0.89,15081.01,3
1585,1.22,0.914398193,0,7.51644659,2.871991211,-78.33361816,-80.40783255,-291.0840149,-285.5975952,-288.5664358,7.722845252,1,63.06990286,9.653556561,23096.4,652.1,126.933,268.299,122,0.473102769671151,24480.59,0.94,0.47,5.49,0.68,21143.44,1
1586,7.92,6.705596924,0.904795527,17.55593872,8.094220343,110.642395,103.7611699,-481.2792053,-465.7344055,-472.9959043,18.78379181,1,14.44907062,22.15524162,30861.8,720.4,150.442,298.596,123.4,0.503831263647202,32068.41,0.96,0.54,15.54,0.75,1502.43,2
1587,7.62,2.74319458,0.404675931,10.82535172,4.199487611,-70.71362305,-74.84044987,-299.0087891,-283.1592102,-294.0867821,4.842267345,3,59.46304299,11.42775093,76741.6,1383.5,213.193,570.739,113.1,0.373538517606121,91833.65,0.84,0.31,15.85,0.51,19555.35,1
1588,0.3,0.304794312,0,3.233938694,1.482783794,-115.8240051,-116.5947449,-253.2888031,-251.1551971,-252.2753938,0,0,0,28.0173815,23343.4,627,139.612,227.173,174.3,0.614562470011841,25342.18,0.92,0.5,2.13,0.75,32976.65,1
1589,2.13,2.133605957,0,18.10322762,4.952200902,134.7215881,119.2607566,-503.5296021,-474.5736084,-488.2084258,3.030779093,2,36.43983235,6.625424063,210889.1,3738.2,292.159,1585.058,107.7,0.184320699936532,308839.7,0.68,0.53,28.96,0.19,2944.23,2
1590,1.52,0.30480957,0.404678106,12.90570736,4.004269333,359.6639709,358.6220093,-728.7767944,-722.6807861,-727.6036852,0,0,58.37147822,8.512507243,12223.1,444.1,95.588,171.827,9.3,0.556303724094584,12662.03,0.97,0.2,6.1,0.78,86213.88,4
1591,3.96,3.657592773,0.286151201,26.79407883,11.62409355,178.3080139,167.1757152,-548.6400146,-516.6359863,-536.3205728,0.4912519,0,15.96568674,20.14132789,60515.4,1033.4,229.823,368.414,29.7,0.623817227358352,66546.76,0.91,0.39,32,0.71,10439.88,3
1592,2.13,2.133605957,0,8.040195465,4.144478431,186.8423767,184.2577392,-556.2600098,-549.2496338,-553.240276,0.816922027,0,50.6491657,14.29613548,36390.6,729,201.921,242.606,21.8,0.832300107994031,38362.06,0.95,0.44,7.01,0.86,14222.41,3
1593,4.88,2.438354492,1.179617047,6.846592903,5.009360373,243.8399963,241.8007398,-613.5623779,-608.6856079,-611.0804661,19.58208126,1,34.2686422,9.79104063,12145.1,401.4,116.094,132.101,107.5,0.878827563758034,12198.92,1,0.52,4.88,0.95,31258.5,3
1594,5.79,4.876800537,0.572265685,11.00752068,5.868158431,-59.13119507,-63.98972305,-311.2008057,-298.3992004,-305.214532,16.0574937,1,8.287738684,13.46757536,28696.2,786.1,145.717,293.388,22.3,0.496669938784136,34080.19,0.84,0.47,12.8,0.58,16638.35,1
1595,3.96,1.828796387,0.286125928,10.67292595,4.919035269,-14.63040161,-17.10058825,-355.0920105,-346.2528076,-351.9428869,23.01388954,1,25.4111697,7.671296513,31002.1,698.7,170.371,245.41,34.6,0.694230063974573,33317.32,0.93,0.36,8.84,0.8,6740.51,2
1596,0.91,0,0.639841557,6.881828785,3.093684727,96.62158203,95.87514511,-465.7344055,-463.2960205,-464.9195326,0,0,22.69556887,51.58083833,7204.3,324.2,74.59,120.615,72.5,0.618413961779215,7321.3,0.98,0.35,2.44,0.86,953.27,2
1597,1.52,0,0.286141276,2.943470716,1.730883528,-118.8720093,-119.1880968,-250.240799,-249.3264008,-249.9134262,0,0,28.99146519,28.9914652,4101.7,245.9,69.582,81.064,90.6,0.858358827593013,4234.63,0.97,0.4,0.91,0.85,33925.25,1
1598,0.61,0.609588623,0.404679209,9.426070213,4.96718294,99.97439575,97.36132984,-469.3919983,-460.857605,-466.3919517,0,0,15.58148557,57.87408925,13355.5,443.5,116.075,159.725,36.7,0.72671779621224,13768.7,0.97,0.36,8.53,0.86,1047.26,2
1599,7.01,3.962402344,0,14.782938,6.450946879,103.0223999,97.07271583,-472.4400024,-449.5800171,-466.0497693,15.41498733,1,30.13716623,4.849658934,85819.6,1367.8,259.632,517.334,109.2,0.501865332647767,98673.67,0.87,0.28,22.86,0.58,1028.66,2
1600,0.61,0,0.286155879,6.372104645,2.924750949,-48.15841675,-48.69629445,-321.2592163,-319.1256104,-320.3806673,0,0,23.31548584,34.97322877,2550.1,193.5,50.19,70.195,72.5,0.715008191466629,2636.91,0.97,0.43,2.13,0.86,12926.85,1
1601,8.84,4.876800537,0,8.520909309,4.037783556,-21.03121948,-25.94490767,-348.3864136,-332.5368042,-342.9598482,22.60181888,1,15.98416921,19.75113902,145998.9,1674.7,342.397,605.383,5,0.565587404998158,161103.65,0.91,0.34,15.85,0.66,8270.98,2
1602,1.83,1.219207764,1.179649115,10.49925423,5.183732017,100.8887939,98.61394073,-470.6112061,-463.9056091,-467.7899468,0,0,7.616436846,62.20090088,11709.5,397,113.128,147.091,133.5,0.769102120456044,11745.22,1,0.43,6.71,0.94,1129.9,2
1603,8.84,6.705627441,2.943544865,22.79498672,12.87444432,160.3247986,154.7399661,-533.0952148,-517.550415,-524.5227064,11.55000355,1,10.50000322,25.20000773,14156.3,443.7,105.889,155.028,90,0.683031452382795,14284.32,0.99,0.56,15.54,0.91,8053.26,3
1604,6.4,2.743225098,0.858355582,21.92925262,9.792910562,234.6960144,230.6573916,-605.0280151,-592.2263794,-600.2551159,0,0,23.4066984,12.26065154,13335.8,426.6,117.999,139.974,68.3,0.843006558360838,13682.81,0.97,0.38,12.8,0.92,27442.37,3
1605,13.11,0.914428711,0.57229954,5.45038414,3.662706571,185.3183899,184.1398346,-555.0408325,-551.6879883,-553.3339325,8.366029213,1,61.9086162,10.03923506,8883.6,339.8,96.104,120.199,48.4,0.799540761570396,8892.1,1,0.52,3.35,0.97,14194.3,3
1606,3.66,2.74319458,0.286155343,9.895140648,3.332020854,-72.84719849,-75.00378429,-296.5704041,-289.8648071,-293.8871533,27.03975198,2,18.64810481,3.729620962,79708.6,1531.2,170.584,669.037,87.8,0.254969456098841,90467.7,0.88,0.41,6.71,0.43,19601.06,1
1607,2.44,0,0,2.443404436,1.381217988,13.10638428,12.4229015,-381.9143982,-380.3904114,-381.3786963,0,0,96.80765006,0,5066.9,307.7,59.093,125.385,116.2,0.471292419348407,5406.25,0.94,0.38,1.52,0.67,2764.35,2
1608,8.53,2.743225098,0,7.590728283,3.251284601,165.2015686,160.5236715,-534.6192017,-521.5128174,-529.4286668,24.29088595,0,10.68213659,20.48628936,101579.2,1587.9,346.589,457.904,55.3,0.756903193682519,122349.36,0.83,0.4,13.11,0.51,9124.77,3
1609,7.32,3.657592773,0.639780939,6.50958252,3.285328573,-32.30880737,-37.40012932,-337.1087952,-326.1360168,-331.5735369,12.56932745,1,43.99264608,18.85399118,54398.3,1015.7,200.952,392.264,38.1,0.512287643015928,61264.92,0.89,0.51,10.97,0.66,10485.79,1
1610,0.61,0.609619141,0,25.13435364,4.431962812,-68.88479614,-80.73447043,-300.2279968,-275.5392151,-288.1979929,3.080131394,2,39.10427684,26.91767002,110993.7,2308.8,207.142,964.127,160.9,0.214849288527341,167958.56,0.66,0.49,24.69,0.26,21238.54,1
1611,1.83,1.828796387,0.286084056,7.256234169,2.635424491,242.9255676,230.5847614,-611.7335815,-587.6544189,-599.4696378,1.069620875,1,58.22748638,17.51504183,222346.3,3427.1,668.519,893.905,171.7,0.747863587293952,411533.74,0.54,0.51,24.08,0.24,27418.31,3
1612,4.57,2.743225098,1.279493213,9.463747978,5.748854483,-33.52801514,-37.27491537,-336.8040161,-324.9168091,-331.8961419,22.77091077,1,19.60828427,6.957778288,23499.7,594.2,165.504,173.891,111.5,0.951768636674698,24878.98,0.94,0.42,11.89,0.84,10460.16,1
1613,0.61,0.609619141,0,4.350153923,1.585021251,248.1072083,247.0958814,-617.2200317,-614.7816162,-615.9836135,0,0,50.14805386,39.17816707,28454.9,644.4,174.478,221.312,18.3,0.788380205320995,29610.04,0.96,0.53,2.44,0.86,33158.91,3
1614,2.44,1.828796387,0.286132306,25.67458725,9.334983696,328.5743713,288.4593949,-697.6871948,-591.0072021,-657.4403702,2.443354018,1,10.18064174,15.12552487,255507,3782.1,332.023,1443.208,13.8,0.23005900743344,377635,0.68,0.38,106.68,0.23,49934.1,4
1615,0.3,0,0,26.92944527,6.758437903,-84.73440552,-87.91085105,-284.0736084,-268.5288086,-281.0313517,0,0,33.35562522,14.47508264,23618.2,639.1,153.762,239.292,89.7,0.6425705832205,25605.26,0.92,0.2,15.54,0.73,23381.73,1
1616,2.44,0.30480957,0,30.34320068,8.923677442,-72.54241943,-91.51565426,-296.5704041,-250.5456085,-277.4280738,5.533852488,0,4.242620241,24.34895095,80581.2,1859.4,206.567,737.552,142.3,0.280071100071588,120114.64,0.67,0.42,46.02,0.29,24497.15,1
1617,7.32,5.181610107,2.022594452,10.92247391,6.057497673,-15.84960938,-22.13231251,-354.1776123,-339.5472107,-346.9939988,18.60095865,1,31.62162971,13.7647094,39955.3,772.9,185.211,299.783,153.9,0.61781688754866,40825.54,0.98,0.49,14.63,0.84,7592.04,2
1618,9.45,0,1.213858724,21.94148636,9.528585712,182.2704163,167.8934461,-551.3831787,-512.0640259,-536.8511283,0,0,0,42.22336054,41188.2,924.3,208.685,285.684,76.3,0.730474930342616,46964.5,0.88,0.37,39.32,0.61,10587.06,3
1619,0.91,0,0,3.476947308,1.458059853,-128.9304047,-129.3965755,-239.8776093,-238.3536072,-239.4831565,0,0,98.98235689,6.186397303,4805.4,255.5,69.721,80.298,179.9,0.868278163839697,4871.6,0.99,0.28,1.52,0.93,37790.03,1
1620,3.66,1.523986816,1.809170127,12.69370461,5.627430976,96.9263916,95.03575245,-466.6488037,-460.5527954,-464.3120086,27.16954758,1,10.56593517,13.58477379,9847.6,363,104.249,122.583,132.8,0.850436031097297,9985.08,0.99,0.39,6.1,0.94,902.15,2
1621,14.33,9.753601074,0.639826477,12.5046339,5.566489695,206.0447693,190.3120611,-575.4624023,-540.4104004,-559.3013962,4.6606572,2,22.75954266,29.5174956,191356.8,2673.9,394.584,937.12,166.4,0.421060269762677,263238.06,0.73,0.46,35.05,0.34,15703.11,3
1622,3.66,2.133605957,1.740122676,7.653832912,4.87511221,184.7087708,182.3081008,-554.7360229,-547.4207764,-551.5088992,0,0,48.70782429,27.53050938,14037.8,429.1,124.186,142.771,106.7,0.869826505382746,14101.06,1,0.45,7.32,0.96,13761.19,3
1623,2.74,2.133605957,0,6.92848587,3.135730824,154.2287903,152.0983667,-523.3416138,-518.4647827,-521.0968809,10.5279884,1,31.5839652,8.94879014,28237.4,679.5,133.672,263.327,21.6,0.507627398633638,29032.73,0.97,0.47,4.88,0.77,7586.13,3
1624,1.83,0.30480957,0,3.144539118,1.485365438,-98.14559937,-98.70092982,-270.6624146,-269.1383972,-270.2365213,0,0,40.52461315,27.94800907,10637,411.1,90.108,158.732,33.5,0.567673814983746,11139.21,0.95,0.3,1.52,0.79,26797.99,1
1625,10.67,8.839172363,2.288020611,16.07497215,7.621062139,245.6687927,239.5253492,-616.305603,-603.5040283,-608.8279459,19.85078688,1,23.63188914,6.144291178,31449.3,669,173.888,248.745,134.2,0.699061287664074,32110.64,0.98,0.59,12.8,0.89,30459.1,3
1626,0.61,0.30480957,0.286132127,8.260503769,3.825283352,-38.70959473,-40.40777915,-330.4031982,-325.5263977,-328.672378,0,0,28.67992911,48.39738035,8292.4,346.9,87.785,124.503,27.8,0.705083411644699,8569.14,0.97,0.36,4.88,0.87,11110.8,1
1627,0.61,0.30480957,0,10.22713757,2.605150626,-161.5440063,-165.0917028,-207.5688019,-200.2536011,-203.8386844,0,0,79.41085681,13.11028296,39682.2,905.7,166.028,337.714,0,0.491623089359636,46007.88,0.86,0.52,7.32,0.61,52942.19,0
1628,5.79,5.18157959,0.639828086,17.18194199,8.670630146,98.14559937,92.4843578,-468.1727905,-452.9328003,-461.7008345,22.67832466,1,15.46249408,10.30832939,28839.1,652.7,148.741,266.621,111.3,0.557874285971473,28980.18,1,0.43,15.24,0.85,755.39,2
1629,14.02,8.839233398,0.404674441,28.21295738,9.639650271,194.7671814,165.2593528,-564.489624,-453.2376099,-534.1971173,10.17098458,0,18.93240337,11.91221292,537804.8,6619,739.747,1801.516,66.8,0.410624718292816,921654.5,0.58,0.27,111.25,0.15,10051.94,3
1630,7.01,4.876800537,0.286134213,12.13335228,6.97139512,86.5632019,82.23299988,-456.8952026,-446.5320129,-451.5469808,27.1703344,1,11.26574841,21.86880574,22430,567.7,146.756,200.542,114.8,0.731796830589103,22876.02,0.98,0.52,10.36,0.88,296.98,2
1631,0.91,0,0.639796019,5.307578087,2.776571415,74.98080444,73.88749098,-444.0935974,-441.0455933,-442.9009101,0,0,17.88696082,64.84023294,6648,296.4,90.519,93.594,33.8,0.967145329828835,6702.72,0.99,0.4,3.05,0.95,78.99,2
1632,1.52,0,0.286107123,3.477091312,1.562331315,363.3216248,362.9724792,-732.4343872,-730.9104004,-731.9245783,76.44076471,0,3.640036413,3.640036414,8167,382.5,76.466,153.069,153,0.499552489400205,8819.66,0.93,0.36,1.52,0.7,88787.6,4
1633,4.27,1.523986816,0.286162853,9.42616272,5.178639014,14.63040161,0.96085281,-383.7431946,-343.2048035,-369.8729928,12.83081858,0,14.89679784,40.23222775,136699.7,1674.6,312.196,646.377,112.4,0.482993670876284,154632.87,0.88,0.34,40.54,0.61,4101.01,2
1634,0.3,0,0.404694974,8.260617256,4.07548129,232.5624084,230.9899028,-601.6752319,-597.7128296,-600.0888616,0,0,83.51767081,9.544876664,6229.2,285.7,79.515,102.823,46.5,0.773319199011894,6229.29,1,0.41,3.96,0.96,27552.65,3
1635,12.8,11.27761841,2.082313061,21.90829849,9.221897919,-4.876800537,-14.7213153,-365.7600098,-343.8143921,-354.580795,16.96384597,1,22.6184613,12.01605756,42058.8,760.5,218.078,245.415,153.5,0.888609090723876,43185.29,0.97,0.51,21.95,0.92,6355.49,2
1636,3.05,3.047973633,0.404689103,10.76795578,4.410180523,60.35040283,54.20621074,-430.377594,-415.7471924,-423.2121871,4.781992535,1,23.56839178,35.18180222,43517,843.2,177.647,325.009,128.4,0.546591017479516,45903.25,0.95,0.49,14.63,0.77,116.51,2
1637,2.44,0.914367676,0.809189737,8.260643959,2.947710197,236.8296204,235.8941766,-605.9423828,-603.1992188,-604.8738607,16.41070048,1,53.92087299,10.54973602,12680.6,425,104.221,161.901,134,0.6437328984997,12851.14,0.99,0.4,2.74,0.88,29204.82,3
1638,8.23,6.400817871,0,9.911310196,5.205985937,-26.21279907,-32.11584253,-343.509613,-329.7936096,-336.9114521,14.63108676,1,16.54991781,15.83035617,61971.7,963.7,219.836,362.848,161.6,0.60586250992151,63804.69,0.97,0.48,13.72,0.84,9431.49,1
1639,1.22,0.30480957,0.572258294,5.105409622,2.139041131,235.6103821,234.8951733,-604.7232056,-601.9799805,-603.8389868,0,0,95.41927866,8.20810999,14487.3,463,118.199,166.196,0.5,0.711202435678356,15135.32,0.96,0.33,2.74,0.85,28864.37,3
1640,3.96,0.304794312,0,8.76943779,2.959464833,-125.8824158,-128.2335673,-242.9255981,-231.3432007,-240.6246944,38.63724498,0,15.12684591,16.58485515,81558.6,1929.6,245.145,508.211,102.9,0.482368543774141,103126.1,0.79,0.2,11.58,0.28,37339.21,1
1641,0.61,0.609619141,0.286165208,8.841564178,4.071434158,22.85998535,20.24741774,-392.2776184,-384.0480042,-389.2480249,0,0,18.99053906,26.58675468,27395,671.8,168.67,232.756,47.5,0.724664455481276,29901.35,0.92,0.37,8.23,0.76,2002.79,2
1642,2.13,1.524017334,0,15.97399044,4.048297565,-83.2104187,-86.9525148,-285.9024048,-274.6248169,-281.9824991,5.792341215,2,46.98232319,14.48085304,92382.2,1609.8,251.071,651.586,144.5,0.385322889073737,116223.64,0.79,0.35,11.28,0.45,23089.57,1
1643,1.52,0.30480957,0.572318733,5.480229855,3.302837538,-36.57601929,-38.55453545,-332.8416138,-327.050415,-330.4138992,0,0,0.866608694,71.06191297,17152.1,494.3,128.16,177.295,55.7,0.722863024901999,17558.62,0.98,0.43,5.79,0.88,10723.54,1
1644,9.75,2.743225098,0,7.532797337,3.236339988,191.1095886,186.4753492,-560.5272217,-545.59198,-555.402567,21.6203015,1,21.86881071,8.449313228,119626.5,1765.4,253.157,771.203,56.5,0.328262467858657,135502.78,0.88,0.35,14.94,0.48,14756.26,3
1645,2.74,2.74319458,0,11.1485281,3.05216106,-51.81600952,-67.24455458,-316.9920044,-286.816803,-301.6861884,1.328792304,1,20.72915995,24.09543379,167793.1,3228.4,226.702,1414.38,113.1,0.160283657857153,275564.36,0.61,0.51,30.18,0.2,17488.62,1
1646,3.35,1.219207764,0,3.092271566,1.574735757,15.23999023,14.29511203,-384.3528137,-381.9143982,-383.1788007,32.37049644,2,41.0722428,6.961397085,42704.5,810.6,178.746,313.256,90.1,0.570606788058329,43979.54,0.97,0.5,2.44,0.82,2570.99,2
1647,1.22,0.914367676,0,12.50805855,3.358319687,215.4936218,213.8599606,-584.6063843,-578.2056274,-582.7146272,0,0,41.84959698,21.30991748,57894.4,1106.9,168.413,465.223,46.2,0.362004887978453,64177.31,0.9,0.3,6.4,0.6,22159.29,3
1648,8.84,8.839233398,0,19.09571648,7.9781707,185.6231995,154.0566043,-554.7360229,-487.9848022,-522.9787707,11.45170007,2,15.77034967,16.20706705,306324.6,4268.7,492.607,1389.265,139.5,0.35458101945993,544412.47,0.56,0.48,66.75,0.21,7931.08,3
1649,2.74,2.74319458,0.286164939,14.40563774,4.909231194,-166.7256165,-170.859784,-202.6920013,-193.2432098,-198.1819956,18.77448229,1,46.93620574,4.693620574,34835.7,810.4,162.54,333.002,37.3,0.488105176545486,37377.92,0.93,0.48,9.45,0.67,55629.84,0
1650,10.67,7.619995117,0,13.32500267,5.619300491,81.07678223,68.93789695,-451.4088135,-419.4048157,-437.9328843,4.654214431,2,24.36618144,19.98574432,162878.5,2185.3,359.256,665.58,171.1,0.53976381501848,197509.6,0.82,0.42,32,0.43,15.51,2
1651,9.45,5.79119873,0.639830351,18.86383247,5.254793959,-47.54879761,-59.70499656,-321.8688049,-291.3887939,-309.2155986,12.4854151,1,32.55126079,10.94951086,300011.2,3332.1,615.484,1140.672,132.6,0.539580177298996,453328.84,0.66,0.42,30.48,0.34,15551.34,1
1652,17.37,13.71600342,0,20.55332756,7.179696895,-80.16241455,-96.01702225,-289.8648071,-250.5456085,-272.9185612,7.496163102,2,17.31613676,13.49309358,396580,5193.4,536.099,1822.942,37.8,0.294084507351304,727663.66,0.55,0.43,39.32,0.19,25926.48,1
1653,3.96,2.133605957,0.809335887,9.426541328,5.400667426,-15.5447998,-20.3890569,-354.1776123,-340.7664185,-348.6571747,10.28228775,0,12.73045151,25.95053576,30357.7,674.2,173.299,232.569,13.9,0.745150901452902,31515.47,0.96,0.41,13.41,0.84,7291.29,2
1654,4.27,2.743164063,0.286167264,6.2961092,3.381042779,245.0591736,242.1140636,-614.1719971,-606.8568115,-611.0725721,19.74356629,1,17.23644676,13.78915741,47430.2,876.4,192.208,337.488,141.2,0.569525434978429,49816.13,0.95,0.43,7.32,0.78,31369.39,3
1655,2.13,1.219177246,0.28616935,14.04545879,4.737506134,166.4208069,163.9169629,-535.8383789,-524.8656006,-532.9164761,0,0,25.65763179,27.22850721,28387,655.1,152.499,243.008,25,0.627547241243087,29191.28,0.97,0.27,10.97,0.83,9784.57,3
1656,1.52,0.914398193,0,23.24015617,6.356508738,-86.25842285,-97.11012669,-282.8544006,-248.7167969,-271.8239832,7.512556086,1,23.63040369,6.010044869,108821.5,2143.1,367.36,721.465,125.5,0.509186169807267,173880.41,0.63,0.32,34.14,0.3,26279.69,1
1657,12.8,0,0,7.809053421,2.796178209,23.16479492,19.83235999,-392.2776184,-383.4384155,-388.7075207,0.496026775,0,81.8444179,6.944374852,59932.8,1115.5,185.4,455.569,108.3,0.406963599366945,67294.57,0.89,0.41,8.84,0.61,2040.12,2
1658,0.61,0,0,2.830579519,1.588988385,6.095977783,5.676888784,-375.2088013,-373.9895935,-374.5992025,0,0,94.02636976,4.273925901,3477.9,229.4,54.797,85.373,161,0.641853981938083,3589.41,0.97,0.54,1.22,0.83,3519.23,2
1659,3.35,1.828796387,0,17.00156021,6.040560609,-23.77441406,-35.08901607,-345.3384094,-306.9335938,-333.8511046,4.621673634,1,7.658773448,31.55942852,112566.4,2715.5,365.445,834.785,120.4,0.437771402217337,219446.71,0.51,0.3,38.4,0.19,10017.81,1
1660,8.23,7.315185547,1.144512177,14.64618492,7.201664487,39.31918335,28.92799865,-409.9559937,-384.9624023,-398.1393015,14.68556419,1,7.513544471,41.66601933,43522.9,1067.9,199.166,398.366,112.8,0.499957325675384,55958.91,0.78,0.47,24.99,0.48,1301.19,2
1661,0.3,0,0.404705584,7.317240238,2.306698597,179.2223816,178.6185378,-548.3352051,-546.2015991,-547.5760774,0,0,16.91583251,77.06101475,7908.4,330.4,81.529,118.424,89.6,0.688449976356144,7930.25,1,0.37,2.13,0.91,12909.17,3
1662,9.45,8.229614258,0.286109954,11.70586491,5.732653285,185.3183899,173.5414843,-555.6503906,-524.8656006,-542.5234863,7.043430972,1,25.3563515,24.37027117,105517.8,1728,334.765,449.937,119.2,0.74402638591625,127350.93,0.83,0.43,30.78,0.45,11781.25,3
1663,0.91,0,0.809329569,7.516971111,4.697513369,-94.48800659,-95.70721181,-274.9295959,-271.5768127,-273.6596044,4.151249313,0,37.36124379,16.60499726,3580.6,217.6,60.067,75.425,24.9,0.796380510440835,3586.19,1,0.39,3.35,0.95,25826.81,1
1664,11.58,11.58239746,0,18.36865997,6.233138598,254.5079651,239.4659471,-623.6207886,-579.7296143,-608.4597142,3.431198244,1,35.60677423,9.905157194,229599,3227.5,437.677,1081.863,156.1,0.404558617865663,402994.83,0.57,0.35,43.89,0.28,30438.37,3
1665,1.22,0,0,2.712780714,1.498925036,42.67199707,42.06803272,-411.480011,-410.2608032,-411.0397378,20.09854409,0,71.25847447,1.827140371,8135.2,332,91.618,114.326,25.5,0.801375015307104,8155.33,1,0.39,1.22,0.93,525.88,2
1666,9.75,0.609619141,0,17.94543839,5.045015683,-73.15200806,-79.65893721,-295.9608154,-278.5871887,-289.2858847,8.062993159,1,50.5171204,3.291017616,90331.6,1604.6,240.026,642.645,31.5,0.373497031798271,116422.89,0.78,0.39,17.37,0.44,20926.21,1
1667,10.97,6.705566406,0.286172956,21.7952404,6.91399748,189.8904114,174.7803126,-561.7463989,-521.817627,-543.8308217,4.400397573,1,24.54958645,10.65359412,128360.5,2071.2,245.402,898.239,74,0.273203456986392,159654.73,0.8,0.45,39.93,0.38,12051.72,3
1668,5.49,3.352813721,0,22.57325172,4.950858425,-161.239212,-167.2274475,-208.7880096,-193.2432098,-201.7584727,18.2524033,0,11.95847113,37.13419981,70849.9,1299.7,221.474,504.171,39.8,0.439283497067463,89740.4,0.79,0.46,15.54,0.53,53929.59,0
1669,4.57,4.572021484,0.404704869,20.88105583,8.306478243,178.917572,174.1288082,-548.9448242,-534.0095825,-543.2970398,26.48209123,1,22.24495663,9.533552844,28064.5,663.7,154.356,262.612,59.4,0.587772074391117,29055.54,0.97,0.38,14.94,0.8,11909.1,3
1670,0.3,0,0,3.234192848,1.354604984,-178.3080139,-179.3055391,-190.8048096,-188.0615997,-189.5856024,0,0,3.572840733,59.8450823,16641.3,529,107.822,211.694,66,0.509329503906582,17869.21,0.93,0.46,2.74,0.75,59685.2,0
1671,2.13,0.914428711,0.286172181,12.20028591,5.758985858,196.5959778,193.0317713,-566.0136108,-554.7360229,-562.1005394,0,0,16.92909855,18.68038461,25462.7,699.1,149.213,260.286,34.6,0.573265561728253,28695.7,0.89,0.35,11.28,0.66,16392.13,3
1672,0.61,0.609588623,0,10.61829567,3.704541032,89.30639648,84.09037873,-458.723999,-443.1791992,-452.9942573,0,0,53.17502742,18.05944328,74076.1,1147.5,270.693,408.186,21.4,0.663160911937205,81958.78,0.9,0.37,15.54,0.71,364.44,2
1673,2.13,0.609619141,0.639883816,7.533061504,4.619164794,144.1703796,143.2411216,-514.1976318,-510.235199,-512.5323583,0,0,31.78903309,51.35151497,6078.6,291.2,76.121,99.794,76.4,0.76278132953885,6213.24,0.98,0.43,3.96,0.9,6121.67,3
1674,2.44,0.914398193,0,6.276975155,2.189792661,-54.25442505,-54.95908993,-314.8583984,-313.0296021,-314.0083151,40.93669158,0,60.474658,0,15976.4,510.4,104.971,201.802,90,0.520168283763293,16494.04,0.97,0.49,1.83,0.77,14390.18,1
1675,2.44,0.609603882,0.286173999,3.725898027,1.890961597,-179.832016,-180.4073983,-189.2808075,-187.4519959,-188.5374653,8.263790202,0,63.01140029,2.06594755,14389.7,455.1,109.055,164.127,63.1,0.664454964752905,14708.93,0.98,0.43,1.83,0.88,60224.79,0
1676,0.3,0,0.404710352,11.32884502,3.5544852,171.907196,171.2975839,-541.3248291,-538.581604,-540.3283433,0,0,91.89385441,3.828910606,3882.1,254.9,51.512,100.319,44.5,0.513481992444103,4203.43,0.92,0.38,2.74,0.75,11299.18,3
1677,12.19,10.97280884,3.488820314,18.03555489,10.43576564,78.63839722,70.41531176,-451.4088135,-430.9872131,-439.9453912,21.67699556,1,8.670798226,11.92234756,27428.4,625.8,172.238,213.739,11.3,0.805833282648464,28463.68,0.96,0.56,20.42,0.88,29.33,2
1678,3.05,3.04800415,0,10.47388458,4.389857116,-101.1936035,-103.6946027,-268.8336182,-260.9088135,-265.3352074,0.885813179,0,58.90657639,15.94463722,33560.4,748.9,183.325,257.573,150.8,0.711739972745591,36870.57,0.91,0.45,7.92,0.75,28457.87,1
1679,3.96,1.828765869,0.286174506,5.871963024,3.035484041,143.256012,141.6259757,-512.673584,-508.7112122,-510.6261481,4.37386104,1,48.65920407,17.49544416,27187.2,631.2,168.986,223.03,63.5,0.757682822938618,28557.75,0.95,0.53,3.96,0.86,5871.54,3
1680,20.42,0.609619141,0,10.62953758,3.291145645,30.47998047,27.58726726,-399.8976135,-390.4487915,-396.5126,0,0,82.50039779,1.49321987,39817.7,901.6,162.155,370.657,129.2,0.437479934278862,44911.63,0.89,0.36,9.45,0.62,1399.71,2
1681,2.44,1.219207764,0,8.975328445,3.070088632,-68.88479614,-71.71602162,-300.2279968,-293.5223999,-297.1722368,0,0,12.60796911,39.31976807,69557.9,1162.8,190.924,483.929,77.2,0.394528949494657,73695.52,0.94,0.46,6.71,0.65,18691.27,1
1682,1.22,0,0,6.372560024,1.99462404,70.10400391,69.52826063,-438.9120178,-437.3880005,-438.4988376,2.197869309,0,79.12329518,8.79147724,6763,324.8,75.743,130.684,116.4,0.579588932080438,6976.58,0.97,0.29,1.52,0.81,20.51,2
1683,3.05,1.524017334,0.809360802,17.86610603,7.530455239,10.05838013,5.081615845,-379.4760132,-363.0168152,-374.0554414,16.07993238,1,20.50191378,13.26594421,36975.6,875,154.667,337.97,90,0.45763529307335,40200.59,0.92,0.33,16.46,0.61,3590.21,2
1684,3.66,1.524017334,0.809383988,13.48743725,5.633217563,79.85760498,77.99162181,-449.5800171,-442.8744202,-447.2456851,39.40285218,1,9.850713047,14.77606957,12071.5,401.3,105.848,141.811,89.7,0.746401901121916,12102.45,1,0.35,6.71,0.94,168.78,2
1685,16.46,0.609588623,0,19.10590553,5.200668105,-22.86001587,-26.57809177,-346.2528076,-326.1360168,-342.3453167,9.12200286,2,45.6100143,12.51017535,57031.9,999.6,198.645,388.559,55.6,0.511235102005101,61502.1,0.93,0.2,20.12,0.72,8386.55,2
1686,3.96,3.657623291,1.919009209,12.20994091,6.909743245,6.400787354,1.283667344,-376.7328186,-363.0168152,-370.5117585,12.41067863,1,26.12774449,24.16816365,22756.1,553.1,149.763,195.093,158.8,0.767649274961172,23015.12,0.99,0.46,13.72,0.94,4059.77,2
1687,0.3,0.30480957,0.639868021,5.53915453,2.85204867,91.74478149,90.70989351,-460.857605,-458.41922,-459.7659976,0,0,0,82.12825465,6153.6,296.6,69.545,106.204,90.1,0.654824677036646,6232.68,0.99,0.47,2.44,0.88,661,2
1688,3.35,1.828796387,0,7.575433731,2.81153571,217.0176086,215.6528932,-586.4351807,-582.1680298,-584.5800686,34.27652657,0,32.21167557,7.020493394,35993.3,743.3,213.1,242.167,101.4,0.87997125950274,38019.36,0.95,0.45,4.27,0.82,22696.29,3
1689,4.27,1.219192505,0.286161244,11.02255058,3.953688794,-116.433609,-118.917254,-252.6791992,-245.668808,-250.0360157,13.73337664,0,21.58102043,12.55623007,37881.8,794.4,155.075,301.516,18.2,0.514317648151342,39411.01,0.96,0.38,7.01,0.76,33825.56,1
1690,17.07,13.10641479,0,16.8929081,6.789816034,92.65917969,82.15657084,-462.0768127,-441.6552124,-451.1503571,13.9416634,2,33.50891027,5.38099289,121543.1,1687.5,265.326,693.425,78.8,0.382631142517215,139749.02,0.87,0.54,20.42,0.54,294.35,2
1691,0.3,0.30480957,0,5.246512413,1.866856134,171.2975769,169.6900351,-540.4104004,-535.8383789,-538.5745435,0,0,59.04427149,23.15461627,38517.1,775.2,191.279,275.724,90.4,0.693733588661125,40654.15,0.95,0.41,4.57,0.81,10960,3
1692,44.5,6.400756836,0,18.02241516,5.309694379,217.3224182,201.0527851,-586.4351807,-541.9343872,-569.9582435,8.434512552,3,36.06010225,7.136895236,435288.2,6046.2,730.55,1416.771,2.6,0.515644377249393,807021.4,0.54,0.37,44.5,0.15,18510.36,3
1693,5.49,3.962402344,0.286144823,30.32971764,7.457510741,-57.91201782,-68.36984104,-312.1152039,-284.683197,-300.5872716,5.9788311,4,23.82473605,4.80118255,164084.5,2246.8,269.306,936.106,65.6,0.287687505474807,206879.42,0.79,0.42,27.43,0.41,17787.51,1
1694,36.58,18.28799438,0,40.09630203,8.359198445,-10.66799927,-40.33812285,-359.0544128,-289.8648071,-328.6430289,5.361829272,5,26.03309212,4.115439134,632065,7633.2,1097.66,2437.603,124.7,0.450303023092768,1700000,0.37,0.44,69.19,0.14,11096.12,1
1695,1.83,0.304794312,0,17.03019714,4.081025993,-173.4312134,-176.6779596,-195.3768005,-185.3184052,-192.244747,6.941037337,0,42.16037493,19.02358381,57820.2,1061.6,215.691,397.361,90.1,0.542808680268069,64103.01,0.9,0.31,10.06,0.65,58408.24,0
1696,0.61,0,0.80939424,5.711684227,2.754769555,-45.1104126,-45.86715383,-324.0024109,-321.8688049,-323.2456623,0,0,37.40290335,44.2034312,4371.5,245.2,64.124,87.388,151.2,0.733784959033277,4401.47,0.99,0.37,2.13,0.92,12291.53,1
1697,2.44,2.438415527,0.286151826,11.66643429,4.769571467,-104.5464172,-109.9603071,-264.8712158,-242.6208038,-258.9800449,13.84053643,1,45.44309462,2.998782895,64437.4,1216.7,232.118,392.92,82.5,0.590751297974142,70644.09,0.91,0.27,22.25,0.55,30611.11,1
1698,1.52,0.914398193,0,7.809327602,2.67898799,-120.091217,-121.5826756,-249.0216064,-243.8399963,-247.3537653,0,0,36.5941911,43.91302932,26402.3,667.1,129.107,268.825,148.1,0.480264112340742,27875.05,0.95,0.33,5.18,0.75,34813.09,1
1699,12.19,12.19198608,0,15.73190784,4.575080985,-57.30239868,-71.59137531,-311.5056152,-284.9880066,-297.3224837,4.023781831,5,19.57433718,1.391683942,491311.7,7287.6,831.903,2548.678,124.6,0.32640568953787,1500000,0.33,0.54,26.52,0.12,18657.2,1
1700,0.61,0,0,6.30908823,2.191375314,-46.32962036,-47.31968426,-322.4783936,-319.4303894,-321.5892286,0,0,34.16045969,29.28039401,21321.2,590.3,130.328,222.888,38.9,0.584724166397473,22511.85,0.95,0.3,3.05,0.77,12615.71,1
1701,12.5,11.88717651,0.90491116,20.29144859,10.38596091,79.85760498,67.45452311,-449.8847961,-419.1000061,-436.5812226,13.75714683,1,23.38714961,10.08857434,64828,1084.4,248.71,332.628,106,0.747712158928292,68006.31,0.95,0.43,30.78,0.69,6.02,2
1702,12.19,2.74319458,0,35.82233429,5.95243147,-71.32321167,-76.87734324,-298.3992004,-267.6144104,-292.0856107,15.29075105,1,30.85951576,5.838286766,106931,1720.9,288.408,571.86,29.8,0.504333228412549,135109.42,0.79,0.21,30.78,0.45,20129.18,1
1703,2.44,1.219207764,0.404719889,6.510203838,3.35750356,-44.50082397,-45.3636315,-325.5263977,-322.1736145,-323.791387,0,0,51.81418512,28.9549858,9753.7,382.9,93.646,132.274,71.5,0.707969820221661,10209.11,0.96,0.53,3.35,0.84,12180.13,1
1704,1.22,0,0,5.168775558,3.231993869,162.153595,159.2192995,-531.2664185,-523.9512329,-528.1852417,0,0,38.0915412,39.13514507,28486.2,681.6,145.044,268.924,12.7,0.539349407267481,30057.7,0.95,0.43,7.32,0.77,8877.28,3
1705,5.79,0.30480957,0,3.812539339,2.332647124,170.3832092,169.1639957,-539.4960327,-535.8383789,-538.0843065,0,0,14.36683837,78.63953633,19657.7,609.5,119.723,239.934,63.4,0.498983053673093,21261.36,0.92,0.4,3.66,0.67,10850.14,3
1706,19.51,0.30480957,0,11.30515575,3.931598415,30.17520142,27.21626456,-398.9832153,-389.2296143,-396.1606732,0,0,75.99557308,1.373413971,32468.3,812.8,163.397,317.26,150,0.51502553111013,37266.72,0.87,0.29,9.75,0.62,1427.61,2
1707,6.71,6.400756836,0,18.5543232,6.807899677,183.1847839,172.0154737,-552.9072266,-522.4271851,-541.0180683,5.654700904,1,29.02035181,9.495629821,139317.6,2507.2,326.943,913.128,82.5,0.358047283622887,219503.04,0.63,0.39,30.48,0.28,11452.31,3
1708,1.22,0.304779053,0.639868557,9.638100624,5.483929066,-110.337616,-111.6221317,-259.3847961,-254.2032013,-257.5052011,7.081759667,0,73.1781832,4.721173113,6296.8,298.2,76.035,113.766,25.5,0.668345551394969,6379.56,0.99,0.37,5.18,0.89,31195.38,1
1709,17.07,4.87677002,0,17.71502686,3.794870453,198.4247742,189.3096972,-567.8424072,-539.1912231,-558.2179342,6.324713246,2,49.85362205,20.52431455,239717.2,3094.2,466.369,947.712,73.6,0.492099920651,354806.27,0.68,0.34,28.65,0.32,15452.9,3
1710,31.09,0,0,17.35918236,8.059595642,41.75759888,29.57396848,-410.5656128,-370.9415894,-398.4870189,0,0,31.30055361,19.03412044,70282.9,1194.7,233.835,454.398,97.1,0.514603937517331,78960.34,0.89,0.31,39.62,0.62,1255,2
1711,13.11,1.219177246,0,5.413594246,2.277304729,-26.51760864,-27.66818653,-342.8999939,-339.2424011,-341.2706836,16.20970657,1,68.49908261,3.137362561,28426.7,763.5,141.702,311.756,155.7,0.454528541551726,30699.29,0.93,0.46,3.66,0.61,8587.39,2
1712,21.64,18.89761353,3.758661985,23.45934486,11.69990898,60.35040283,46.21292756,-433.1208191,-404.7744141,-415.7303895,14.8958463,1,16.28150642,10.39245091,42908.5,790.2,204.09,276.095,58.5,0.739202086238432,44621.34,0.96,0.62,28.35,0.87,352.95,2
1713,4.27,4.267181396,0,21.87867355,6.103837775,3.657592773,-18.17247749,-372.7704163,-319.4303894,-350.7711348,1.916900735,2,32.90027588,20.14701793,379958.7,4737.4,695.532,1253.12,89.3,0.555040219611849,688752.52,0.55,0.41,53.34,0.21,6917.66,2
1714,19.81,17.37359619,2.636586666,21.86983681,11.06952267,-46.02481079,-57.56462681,-325.8312073,-305.4096069,-311.9123785,16.16605668,1,23.51426427,12.85936327,40456.5,739.6,213.773,227.905,20.4,0.937991707070929,41195.91,0.98,0.68,20.42,0.93,15022.09,1
1715,7.01,0,2.022803307,13.34894276,6.86743376,179.8320007,173.0411542,-548.6400146,-532.7904053,-541.996401,0,0,0,19.18277509,17822,613.4,111.659,253.129,148.9,0.441115004602396,20028.11,0.89,0.42,15.85,0.6,11672.89,3
1716,5.79,3.962402344,0.286172181,18.70236015,5.870821434,239.5727844,216.7511972,-609.2952271,-557.1743774,-585.6867235,2.817192965,1,46.29995394,13.59601822,242706.3,3213.2,333.016,1294.371,137.1,0.257280177012618,326632.63,0.74,0.45,52.12,0.3,23028.43,3
1717,2.44,1.219177246,0.639870882,5.487943172,3.477822062,-36.27120972,-38.22603108,-333.1463928,-327.9648132,-330.8516139,32.41327445,0,16.69774744,26.51995182,15133.2,458.6,127.891,150.078,80.6,0.852163541625022,15554.36,0.97,0.45,5.18,0.91,10655.61,1
1718,2.74,0.609588623,0.286183834,6.041515827,3.199541352,-47.54879761,-49.42960295,-321.8688049,-315.4680176,-319.5577044,29.08348998,0,21.96100264,28.48994937,25043.2,608.7,159.509,214.388,9.6,0.744020187697073,26003.37,0.96,0.37,6.4,0.85,13094.13,1
1719,3.05,1.524017334,1.458960056,10.2549715,5.339478582,-65.22720337,-67.25412979,-304.8000183,-298.70401,-301.9806057,13.7537954,1,17.50483051,20.00552059,11888,400.2,114.53,141.088,62.8,0.81176287139941,11941.79,1,0.47,6.1,0.94,17491.15,1
1720,0.61,0.30480957,0,5.413751602,2.443094669,-42.36721802,-44.33831306,-326.7456055,-321.2592163,-324.5581594,0,0,58.49352405,14.30548143,46757.4,865.3,191.118,337.698,90.1,0.565943535348151,48035.79,0.97,0.41,5.49,0.79,11954.87,1
1721,31.7,7.315185547,0,11.73601341,5.185135496,-7.924804688,-18.97900244,-361.4927979,-331.9272156,-349.9151295,12.41591696,2,17.042603,5.563736374,507606.2,5643.4,430.293,2386.445,68.8,0.180307109529027,824154.87,0.62,0.39,29.57,0.2,7052.47,2
1722,10.97,8.839172363,0,22.28167725,4.842057067,228.9048157,218.8528999,-598.3223877,-573.0239868,-587.790538,17.85641606,1,14.85173067,20.26016438,173144.6,2260.6,516.803,624.553,15.2,0.827476611272382,227344.41,0.76,0.42,25.3,0.43,23670.71,3
1723,32.31,0.30480957,0,6.894201279,2.48037725,42.97677612,37.81734426,-411.78479,-398.9832153,-406.6975474,6.714581079,0,66.13228911,10.89535798,117326.7,1820.8,300.913,653.842,89.9,0.460222806121357,136706.71,0.86,0.4,12.8,0.45,738.9,2
1724,2.44,0.609603882,0.286201805,4.120240688,2.380145343,-165.5064087,-166.1112494,-203.9112091,-201.7776031,-202.9539387,42.32216702,0,29.78226568,7.83743834,9482.8,366.4,96.521,135.636,165.7,0.711617859565307,9636.34,0.98,0.47,2.13,0.89,53412.41,0
1725,0.61,0.609619141,0,6.014895439,2.885040706,155.7527771,154.1382609,-524.8656006,-520.9031982,-523.0775494,0,0,36.06815222,37.05632078,30084.2,663.5,159.858,247.975,47.2,0.644653694928924,30731.45,0.98,0.46,3.96,0.86,7945.63,3
1726,17.98,0,2.002420187,13.92758083,8.981369757,28.04159546,19.21564358,-397.1544189,-374.5992126,-388.1800335,0,0,0,5.149255261,17320,532.8,136.202,182.175,108.6,0.747643749142308,18565.92,0.93,0.4,22.56,0.77,2096.21,2
1727,1.52,0.30480957,0,4.040492058,1.876736104,172.5168152,171.6398274,-541.3248291,-538.8864136,-540.5244883,7.5408109,1,62.06667432,16.82180893,25625.1,645.9,135.914,255.15,57.9,0.532682735645699,26993.49,0.95,0.34,2.44,0.77,11372.05,3
1728,2.74,0.914398193,0.404726833,6.847436905,3.863009496,-43.28161621,-44.96602965,-326.1360168,-321.2592163,-324.1173738,29.88012379,1,14.06123472,3.515308681,16913.6,473.5,142.457,154.828,0,0.9200984318082,17051.77,0.99,0.42,4.88,0.95,12092.53,1
1729,10.06,2.74319458,0,21.46190643,3.831125734,-72.84719849,-76.81652459,-296.2655945,-279.8063965,-292.0939918,17.23667479,1,34.17616553,6.240865009,150049.9,2385.3,303.583,882.367,5.5,0.344055251386328,206112.61,0.73,0.26,16.46,0.33,20111.93,1
1730,9.45,0.30480957,0,20.60452461,3.793549077,-29.56561279,-35.61613719,-339.2424011,-319.4303894,-333.2670638,4.41376532,1,46.05028485,22.21595211,101030.4,1320.2,316.915,438.742,39.7,0.722326560940142,113180.94,0.89,0.3,19.81,0.73,10123.61,1
1731,0.3,0.30480957,0.286188245,5.238944054,2.314387034,189.5856018,188.5623329,-558.6984253,-555.9552002,-557.4937199,0,0,16.85362045,42.13405111,12347.4,412.8,117.706,134.531,79,0.874935888382603,12613.06,0.98,0.46,2.74,0.91,15267.65,3
1732,3.35,2.43838501,0,13.6889143,4.618006736,-72.54241943,-78.84398392,-297.1799927,-280.7207947,-290.0945906,8.206883437,2,47.97870317,6.944285985,94181.4,1547.2,214.235,648.686,83.4,0.330259940865072,107040.96,0.88,0.43,16.46,0.5,20691.09,1
1733,0.91,0.609588623,0.286184102,7.420926571,3.589982323,-60.96002197,-66.20722126,-308.1528015,-291.6936035,-302.6888275,0,0,26.94815322,28.87302131,54055.1,1068.6,193.298,403.001,171.8,0.479646452490192,61502.72,0.88,0.33,16.46,0.6,17215.33,1
1734,5.18,0,1.031765342,4.040473461,2.481829156,-69.79922485,-72.25608255,-299.3135986,-292.9128113,-296.6473743,0,0,0,86.64435872,14925.2,494.6,113.388,179.506,172.9,0.631666908069925,15732.11,0.95,0.42,6.4,0.77,18839.23,1
1735,0.3,0.30480957,0.286190063,5.246726036,2.556268093,-69.18960571,-69.93129374,-299.9232178,-297.7896118,-299.1713654,0,0,89.4532116,6.881016277,4320.3,236.9,68.619,80.782,179.3,0.849434279913842,4325.94,1,0.37,2.13,0.97,18206.45,1
1736,5.79,2.743225098,0.286190063,11.86096478,5.22803096,175.2599792,172.4518986,-544.6776123,-538.2767944,-541.5607784,29.56283964,1,26.34948751,5.141363418,23128.7,613.6,122.52,241.255,73.2,0.507844397007316,24054.07,0.96,0.49,6.4,0.77,11545.91,3
1737,1.52,1.219207764,0,32.22677994,9.193828478,-83.82000732,-92.44042233,-285.9024048,-253.5935974,-276.5738537,1.638712655,1,12.83658247,29.22370903,54423.7,1214.3,244.334,417.382,17.5,0.585396591132344,72179.83,0.75,0.29,32.31,0.46,24787.49,1
1738,3.96,2.133605957,0.80942136,14.27298069,5.38230791,57.60717773,55.14165173,-427.3296204,-416.6615906,-424.1751337,31.01537275,0,11.71691859,16.54153213,21566.3,707.5,125.584,283.025,77,0.443720519388747,25356.26,0.85,0.3,10.67,0.54,97.19,2
1739,15.24,11.88720703,3.259458303,19.93766594,11.26898476,51.20639038,41.53416887,-421.8432007,-402.0312195,-410.9976516,20.55573172,1,30.83359759,8.320177128,30370.8,646.7,178.876,214.337,90,0.834554929853455,30974.69,0.98,0.55,19.81,0.91,550.65,2
1740,1.83,0.30480957,0.809426486,4.726576328,2.853647647,348.0815735,347.5958214,-717.4992065,-715.6704102,-716.8324585,77.12440649,0,9.254928775,0,4818.2,261,74.381,89.971,71.2,0.826721943737426,4945.81,0.97,0.39,1.83,0.89,79860.4,4
1741,73.46,0,1.179844499,4.120278835,2.484453605,356.9208069,356.3111911,-726.0336304,-724.5095825,-725.3732096,0,0,88.05399055,12.5791415,2363.3,172.9,53.147,53.561,135.3,0.99227049532309,2363.3,1,0.46,1.52,1,84862.21,4
1742,2.44,0.609588623,0.286177039,3.196328402,1.801824823,-193.2432098,-193.8739349,-175.8695984,-173.7360077,-175.0547916,37.44973599,1,30.5511004,2.956558103,15082.5,456.8,136.015,152.253,116.1,0.893348571128319,15413.51,0.98,0.4,2.13,0.91,67015.71,0
1743,2.74,2.438400269,0,17.63366508,4.039239234,-179.832016,-186.0148443,-189.8903961,-174.9552002,-182.9225327,9.33787888,2,20.42661005,21.30203619,101875.9,1637.9,329.138,539.152,4.7,0.610473484286435,132849.57,0.77,0.47,14.94,0.48,63008.45,0
1744,0.3,0,0.286191612,3.477333546,1.950891468,-168.2496185,-169.5704123,-200.863205,-196.9008026,-199.3188821,0,0,17.97617601,54.87464257,15710.7,488.1,127.555,151.495,80.5,0.841974982672695,16780.13,0.94,0.4,3.96,0.83,55023.28,0
1745,0.61,0.30480957,0,9.019836426,2.676377686,-84.42959595,-85.4093271,-284.9880066,-280.4160156,-283.5429219,0,0,0,0,16428.6,546.6,119.654,205.372,64.3,0.582620805173052,18004.79,0.91,0.32,4.57,0.69,22622.97,1
1746,1.22,0.304779053,0.639856815,9.654707909,5.267315695,-70.10400391,-73.26138018,-299.0087891,-289.2552185,-295.7653722,0,0,45.18265927,16.79868101,25660.4,595.7,172.569,188.09,98.2,0.917480993141581,26299.23,0.98,0.34,9.75,0.91,19116.21,1
1747,2.44,0,0,2.178457737,1.049256279,15.5447998,15.19644795,-384.3528137,-383.4384155,-384.1060636,22.12084721,0,75.84290472,1.580060515,9407.3,354.5,95.723,125.697,135.6,0.761537665974526,9434.39,1,0.3,0.91,0.94,2480.39,2
1748,8.53,6.095977783,0.858488321,7.117772579,3.870212515,-55.16882324,-59.26565627,-314.5535889,-306.9335938,-309.7252378,14.87841445,1,43.53313859,14.32736207,53948.2,863.5,257.178,280.875,66.7,0.915631508678238,55370.48,0.97,0.64,7.62,0.91,15441.95,1
1749,3.66,1.523986816,0.639924943,8.975794792,4.211295422,349.3008118,346.8513568,-719.0231934,-712.6224365,-715.9840473,31.03694644,0,45.07746983,5.91179932,20114.5,607.1,109.946,232.02,163.3,0.473864322041203,22143.17,0.91,0.48,6.4,0.69,79440.19,4
1750,1.52,0.30480957,0,6.372806072,2.516388887,-61.5696106,-65.59236133,-307.5432129,-296.8752136,-303.2912433,0,0,29.71876968,40.16049957,74023.7,1200.4,283.91,388.548,80.9,0.730694791891864,83042.21,0.89,0.4,10.67,0.65,17054.36,1
1751,32.61,11.58239746,0,26.39262199,9.603273632,197.2055969,158.7759107,-566.3184204,-452.6279907,-527.6933504,4.645822723,4,16.98355005,5.85110692,678286.4,8608.1,971.11,1811.306,44.2,0.536138013124232,1400000,0.48,0.34,113.69,0.12,8793.92,3
1752,1.22,1.219177246,0,10.22844219,2.876323933,193.8528137,191.4294554,-562.6608276,-555.6503906,-560.3220954,9.750706147,2,76.10307237,1.189110506,62501.1,1191.9,227.905,434.838,0.1,0.52411472778368,72867.5,0.86,0.34,7.01,0.55,15984.41,3
1753,2.13,0.609619141,0.286166579,18.76733971,6.308471046,11.58239746,-3.758228952,-381.6096191,-337.7184143,-365.1651058,1.17832445,0,31.92188056,38.13486403,138761.1,1914.6,359.316,552.689,20,0.650123306235514,161656.32,0.86,0.38,43.89,0.48,4727.69,2
1754,4.27,0.609588623,0,5.246806622,1.462398707,-74.98080444,-75.51805082,-294.1319885,-292.3031921,-293.364518,28.39199203,1,63.33598223,2.911999184,20417.8,563.1,129.458,217.414,115.8,0.595444635580045,21374.41,0.96,0.44,1.83,0.81,19745.32,1
1755,0.3,0.304779053,0.404696196,6.251663208,3.172779849,-80.77200317,-82.4077691,-288.3407898,-284.0736084,-286.5390981,0,0,14.70968392,69.02236299,13136.5,428.4,110.267,158.174,33.3,0.69712468547296,13311.93,0.99,0.43,4.27,0.9,21729.05,1
1756,62.79,0.609619141,0.572321475,8.638219833,4.00746645,345.643219,344.553824,-715.3656006,-710.7935791,-713.6835655,1.836022594,0,51.40863267,29.37636152,8095.8,327,92.874,106.16,90,0.874849284099472,8150.63,0.99,0.38,4.57,0.95,78150.34,4
1757,3.96,2.133605957,1.031760573,11.17768383,5.496846396,252.6791687,249.8483147,-622.4016113,-614.1719971,-619.0154068,22.71776564,1,15.1451771,11.70309139,21591.8,599.4,124.737,236.428,54.6,0.52758979477896,22933.02,0.94,0.42,8.23,0.76,34168.9,4
1758,7.92,7.924804688,0.572377741,15.77787685,6.069185358,-78.33361816,-83.54339231,-291.9984131,-278.5871887,-285.5412395,6.899621172,3,25.58609518,3.449810587,103408.4,1733.1,261.306,676.839,85.2,0.386068178695377,134294.84,0.77,0.49,13.41,0.43,22065.14,1
1759,21.03,17.98321533,0,24.10111618,6.623922749,232.2575989,213.2265447,-605.0280151,-558.3936157,-582.2393288,3.247578387,1,35.87097946,21.18306812,201387.7,2209.6,413.631,673.708,148.4,0.613961835097698,238759.45,0.84,0.49,46.63,0.52,21971.11,3
1760,1.83,0.304748535,0,2.98526144,1.549091047,345.643219,345.3057513,-714.7559814,-714.1464233,-714.3532519,76.71537298,0,10.46118722,0,4262.7,240,65.434,81.535,155,0.802526522352364,4290.63,0.99,0.79,0.61,0.93,78571.31,4
1761,12.5,7.924804688,0,16.70246506,5.290450328,226.1615906,209.8274106,-595.5792236,-539.1912231,-578.7717945,9.276797437,1,10.58764925,14.82270895,294821.8,3582,453.127,1298.664,133.6,0.34891781091953,422595.64,0.7,0.3,56.39,0.29,20974.98,3
1762,2.44,1.523986816,1.031668067,8.395360947,5.575591552,251.764801,249.3831042,-621.4871826,-614.7816162,-618.616421,0,0,35.7444987,29.78708225,12475.3,406.7,113.644,147.263,44.5,0.771707760944704,12524.41,1,0.43,6.71,0.95,33997.13,3
1763,2.44,0,0.858537138,7.966787338,4.709226198,245.3639832,244.5562622,-615.3912354,-612.0383911,-613.9129288,2.491111525,0,19.9288922,49.82223051,5966.9,280,78.504,97.529,72.4,0.804929815747111,5996.65,1,0.45,3.35,0.96,32240.45,3
1764,6.4,4.267181396,3.144917011,12.66807079,7.223486955,35.66159058,31.16130794,-405.9935913,-393.8016052,-400.4235333,29.50116416,1,4.589069979,14.42279137,22673.2,551.2,163.74,173.098,64.1,0.94593813908884,23048.06,0.98,0.46,12.19,0.94,1145.06,2
1765,0.61,0.30480957,0.404741853,6.559737206,3.667607835,254.8127747,253.2051206,-623.9255981,-619.3536377,-622.2282858,0,0,0,105.815249,7164.1,305.9,92.388,97.701,155.4,0.945619799183222,7193.19,1,0.38,4.57,0.96,35421.17,4
1766,5.18,3.352813721,0,14.55186844,4.722979396,80.4671936,61.64990105,-450.1896057,-407.2127991,-430.5736824,4.079855748,1,36.02589604,17.70503438,193095,3060.1,636.213,878.559,4.6,0.724155122194411,347596.93,0.56,0.46,42.98,0.26,11.22,2
1767,1.83,0.30480957,0.639875352,4.861952305,2.87047058,-81.99121094,-82.43366168,-287.7312012,-285.9024048,-286.747978,24.91757146,1,52.94983936,3.114696431,4772.3,250.4,70.721,81.629,115.2,0.86637102010315,4796.93,0.99,0.57,1.83,0.96,21736.68,1
1768,5.18,0,0.809364498,2.943944931,1.953449472,-69.18960571,-70.58661334,-299.6184082,-296.8752136,-298.3039506,0,0,96.368199,0,7403.7,343.3,90.539,107.97,60.1,0.838557006575901,7974.97,0.93,0.5,2.74,0.79,18383.73,1
1769,5.79,1.523986816,0.57232511,4.360057354,2.023572585,18.59280396,17.27909018,-387.7055969,-384.3528137,-386.1736196,1.757728185,1,83.93152082,2.19716023,33825.8,693.8,178.867,239.434,90,0.747040938212618,34498.95,0.98,0.47,3.35,0.89,2277.29,2
1770,3.35,0,0,4.040630341,1.69149295,13.71600342,12.55187694,-382.5240173,-379.7807922,-381.3966138,0,0,103.6239969,1.26370728,11762.3,452,101.728,156.802,44.8,0.648767235111797,12754.01,0.92,0.43,2.74,0.73,2750.81,2
1771,5.79,0,0.572382927,3.886679888,2.492587314,178.6127625,177.4697914,-547.7255859,-544.9824219,-546.4492518,0,0,94.50661079,6.443632553,6920.4,306.7,91.617,97.869,154.4,0.936118689268308,7025.57,0.99,0.48,2.74,0.93,12649.45,3
1772,3.05,0,0.904905081,18.52431297,6.343843069,13.41119385,-6.953148218,-382.5240173,-338.6328125,-361.963697,0,0,3.381063576,77.18152025,127492.5,1631.7,323.044,615.297,40.9,0.525021249900455,147615.73,0.86,0.47,43.89,0.6,5177.26,2
1773,2.44,0.609588623,0.809406459,6.061809063,3.342707404,-78.02880859,-78.78108053,-291.6936035,-288.9504089,-290.416039,43.51866224,0,12.43390349,8.289269002,7172.7,318.8,92.385,103.815,153.5,0.889900303424361,7271.25,0.99,0.48,2.74,0.89,20673,1
1774,2.74,0.609603882,0.286183774,8.041509628,3.838820173,-195.3768158,-197.5344744,-173.7360077,-167.6399994,-171.4756699,17.3909184,2,37.94382197,6.850967854,28205.3,702.5,153.336,277.005,43,0.55354957491742,30577.29,0.92,0.38,6.1,0.72,68924.35,0
1775,25.6,4.572021484,1.031799912,30.99443054,8.218592176,226.4664001,210.4294061,-595.8840332,-556.5648193,-579.4046446,17.46089963,0,26.63031061,27.31313908,152379.4,1764.5,282.626,735.613,123.9,0.384204738089185,162640.5,0.94,0.42,39.32,0.62,21149.71,3
1776,52.12,0,0,4.120402336,2.115146461,335.8896179,334.5808939,-704.6976318,-700.7352295,-703.5147008,0,0,48.94081761,36.31092919,18830.4,542.7,142.259,189.569,89.5,0.750433878957002,19837.87,0.95,0.31,3.96,0.81,72673.86,4
1777,1.52,1.524017334,0.28616944,9.695676804,4.958823137,-23.16479492,-28.12793513,-346.2528076,-331.622406,-340.8868315,0,0,31.53885247,15.76942623,42416.7,939.5,162.979,386.356,76.6,0.421836337471141,46949.1,0.9,0.37,14.63,0.61,8672.81,2
1778,0.3,0.30480957,0,4.040688992,1.893699709,-195.9864044,-197.5750675,-172.8216095,-169.7736053,-171.337626,0,0,45.87699864,34.90641201,14904,505.5,111.727,194.417,167.4,0.574677111569462,16277.48,0.92,0.5,3.05,0.73,68945.67,0
1779,2.74,0.914428711,0.404745877,6.645169258,3.141071148,173.1263733,171.9071918,-542.5440063,-538.8864136,-540.9223747,0,0,31.07534604,2.330650952,19133,573.7,112.1,232.553,114.6,0.482040653098433,20171.85,0.95,0.46,3.66,0.73,11429.15,3
1780,8.23,6.705596924,0.404704273,13.48556709,7.268538497,29.87039185,23.61200684,-399.8976135,-386.4864197,-392.7753995,10.04348992,2,15.06523487,10.04348992,68079,1105.7,226.987,424.989,62.3,0.534100882611079,74667.67,0.91,0.54,13.41,0.7,1712.97,2
1781,1.83,0.609588623,0.904919803,6.141208649,3.663593092,36.57598877,35.78012339,-406.2984009,-403.8600159,-405.1130676,0,0,74.55290682,13.80609385,5383.2,266.2,69.614,93.92,90.5,0.74120528109029,5392.62,1,0.51,2.44,0.96,853.8,2
1782,0.3,0,0,2.460515976,1.394214329,350.519989,349.5934967,-719.3280029,-716.8895874,-718.4885947,0,0,68.8822445,24.02868994,18558,534.3,137.546,176.389,75.7,0.779787855251745,19492.61,0.95,0.36,2.44,0.82,80993.46,4
1783,44.81,0.609619141,0.404748827,3.333837748,2.010911093,55.16879272,54.56871891,-424.2816162,-422.7575989,-423.567234,85.46041302,0,14.24340217,0,9392.2,362.2,81.512,130.534,90.1,0.624450334778678,9415.62,1,0.5,1.52,0.9,108.81,2
1784,3.05,1.219207764,0,6.771023273,2.506920909,-158.4960175,-162.5221703,-210.616806,-199.3392029,-206.3832965,19.68193042,0,35.29173731,8.653262513,87605.3,1511.1,223.137,600.473,54.2,0.371602053714322,110093.06,0.8,0.38,11.28,0.48,51766.34,0
1785,0.91,0.304779053,0.404748082,5.740350246,2.882162409,26.8223877,24.6006558,-396.2399902,-390.4487915,-393.5996296,0,0,4.804103284,78.06667832,12376.2,494.6,95.204,194.997,83,0.488233152304907,14034.28,0.88,0.46,5.79,0.64,1632.11,2
1786,1.83,0.914398193,0.572330832,4.040700912,2.106760543,-66.14160156,-67.37787744,-303.276001,-299.9232178,-301.5935078,0.814990577,0,45.63947228,34.22960421,18238.4,543.1,134.693,195.824,55.8,0.687826824086935,19542.16,0.93,0.52,3.35,0.78,17523.9,1
1787,4.88,3.657623291,1.668378234,9.137947083,5.723705567,119.1767883,116.9854409,-489.5088196,-483.4128113,-486.2715091,30.05509581,1,9.327443532,10.36382614,14342.3,436.6,127.194,142.527,22,0.892420383506283,14502.81,0.99,0.54,6.1,0.95,2702.49,2
1788,19.81,4.571990967,0,12.76101589,4.620939048,-54.86401367,-65.27160556,-314.2488098,-290.1696167,-303.6343851,12.71697726,1,52.1747921,3.920649117,295717.1,3649.3,567.304,1067.024,47,0.531669390754097,434287.25,0.68,0.44,24.08,0.28,16970.69,1
1789,6.4,3.047973633,1.031785846,9.593577385,5.40466149,176.4792175,173.7405423,-546.2015991,-539.4960327,-542.9011226,14.70180942,1,8.821085658,7.350904713,20220.8,534.8,129.689,205.124,116,0.632246836060139,20594.21,0.98,0.5,6.71,0.89,11824.51,3
1790,27.74,0.609588623,0,13.02860165,3.393421288,38.1000061,30.90411883,-406.90802,-385.8768005,-399.8176068,1.171821913,1,36.76591254,22.85052731,101477.1,2184.1,304.252,818.1,74.6,0.371900745630119,173635.7,0.58,0.34,21.03,0.27,1162.53,2
1791,4.88,0,0.904991388,12.59228516,5.46904967,15.23999023,11.48417596,-384.0480042,-373.0751953,-380.488618,0,0,0,44.46929675,13036,438.1,123.245,132.186,13.8,0.932360461773561,13672.76,0.95,0.33,10.97,0.86,2863.94,2
1792,6.71,4.572021484,1.031814814,7.845627785,4.604601712,-60.35040283,-63.61251295,-309.6768188,-302.6664124,-305.4839457,21.47107908,1,37.57438838,5.85574884,30460.6,648.2,188.134,211.662,104,0.888841643752776,31122.47,0.98,0.61,7.01,0.91,16541.18,1
1793,17.07,6.400817871,0,22.00765038,6.592610664,-60.96002197,-74.4534356,-308.4576111,-262.1279907,-294.4617416,9.111295897,7,10.06259129,2.748186697,703132.2,9636.5,708.507,3408.209,142.5,0.207882497816302,1600000,0.44,0.3,46.33,0.1,19447.26,1
1794,6.1,3.657592773,0.286124736,23.65799332,7.246896994,177.3935852,162.4610563,-547.1160278,-498.6528015,-531.4330521,3.100598845,1,12.60460835,13.07643861,220522.1,3953.6,328.97,1469.511,173.5,0.223863584552957,368172.29,0.6,0.32,48.46,0.18,9498.66,3
1795,17.37,16.15438843,1.144662023,16.23851585,8.511550222,35.66159058,20.25862927,-406.2984009,-374.9039917,-389.3769758,8.259374585,1,31.71599841,27.09074864,89983.5,1123.4,310.791,365.32,26.4,0.850736340742363,92425.72,0.97,0.54,31.39,0.9,2001.79,2
1796,1.52,0.609619141,0,6.645270824,3.297460036,-90.2208252,-91.76259359,-279.1968079,-274.6248169,-277.238461,0,0,46.34039446,19.37871042,17641.8,524.2,130.198,190.534,89.9,0.683332108705008,18460.2,0.96,0.44,4.57,0.81,24574.51,1
1797,24.99,2.438415527,0,19.00770569,4.851509415,225.856781,207.747128,-595.2744141,-556.2600098,-576.6707386,7.47623097,2,57.96787781,8.884796226,274369.8,3678.4,389.55,1364.987,110.3,0.285387333359219,369210.04,0.74,0.48,39.01,0.26,20376.74,3
1798,14.63,12.49679565,2.022845984,20.52927399,10.68223102,26.21279907,15.65762461,-398.3735962,-372.4656067,-385.1111405,9.112353388,2,9.11235339,12.94913376,61985.9,1046.3,222.855,380.761,125.6,0.585288409264604,68795.66,0.9,0.51,25.91,0.71,2434.67,2
1799,4.57,0,0.809466064,10.76947403,5.825654104,15.23999023,11.30331956,-384.0480042,-373.9895935,-380.1984195,0,0,21.77635246,22.43624193,22525.2,672.4,132.707,243.39,150.6,0.54524425818645,25495.85,0.88,0.39,10.06,0.63,2883.33,2
1800,3.96,0.914398193,0,7.485805988,2.457166605,-75.28561401,-77.07500319,-293.8272095,-288.9504089,-291.8222793,35.59635517,0,42.97930291,5.2735341,56372.6,1129.2,169.339,476.38,130.9,0.355470422771737,62810.63,0.9,0.42,4.88,0.56,20185.31,1
1801,6.71,6.400817871,0.904983997,12.60775948,6.941472097,40.53839111,34.18456352,-410.5656128,-395.020813,-403.3025966,20.58241495,1,13.03552947,12.00640872,43330.6,758.1,215.227,252.179,22.9,0.853469162777234,43867.15,0.99,0.47,15.54,0.95,949.59,2
1802,46.02,0,0.639956236,4.090941906,2.623634218,329.4888,328.3849199,-698.6016235,-695.5535889,-697.4071226,0,0,43.49527001,48.93217877,5467.9,281.3,74.148,100.858,109,0.735172222332388,5648.88,0.97,0.41,3.05,0.87,69371.62,4
1803,7.32,1.828796387,0.639944553,25.05802345,6.182088752,-48.15841675,-51.44494961,-321.5639954,-307.8479919,-317.6241328,1.717390538,1,183.3314399,5.152171616,34620.3,838.8,165.232,311.787,66.4,0.529951537427795,39225.64,0.88,0.29,13.72,0.62,13559.43,1
1804,0.91,0,0.404757261,8.285880089,4.731732567,192.938385,192.12559,-562.6608276,-559.9176025,-561.6956143,0,0,22.12680897,22.12680897,2687.1,186.1,56.715,57.556,0.3,0.985388143720898,2687.08,1,0.37,2.74,0.98,16160.92,3
1805,19.81,0,0.639897943,10.38111496,4.195272302,30.47998047,27.4952502,-399.2879944,-392.5823975,-396.4211587,0,0,0,82.49931614,15314.7,514.3,116.66,198.128,72.9,0.588811273520149,16552.49,0.93,0.43,6.71,0.73,1406.61,2
1806,2.13,0,0.286207169,11.95261765,4.538345085,203.3016052,201.3785259,-572.4144287,-564.489624,-570.3185167,0,0,32.39780017,37.62325182,14222.8,473.5,121.12,156.303,99.5,0.774905152172383,14941.68,0.95,0.27,7.92,0.8,18599.1,3
1807,4.88,2.438415527,1.031815767,11.51716995,6.167822531,347.1672058,339.7671414,-717.8040161,-696.163208,-708.9190325,14.10546453,0,33.63610772,28.57260763,41097.7,1303.9,204.907,468.378,156.2,0.437482119143085,71279.29,0.58,0.41,21.64,0.3,75496.98,4
1808,8.53,5.181640625,0.286186963,20.17837524,6.957326139,166.1159973,139.970895,-535.2288208,-486.1560059,-508.9112999,4.454063941,2,28.34404326,17.9512274,330383.7,3905.9,489.959,1466.141,178.5,0.334182728673436,541622.29,0.61,0.54,49.07,0.27,5620.64,3
1809,3.96,2.74319458,2.443804979,10.21358204,7.004333799,14.32559204,12.22102041,-384.9624023,-378.866394,-381.7934527,9.472899586,1,48.94331455,11.05171618,9414.7,371.6,105.296,117.297,179.3,0.897687067870449,9804.57,0.96,0.53,6.1,0.86,2785.62,2
1810,0.3,0.304779053,0.404756874,10.90999508,5.02422659,9.753601074,6.579755871,-379.1712036,-371.2463989,-375.6729955,0,0,0.911980271,50.15891495,16298.8,483.7,118.126,179.472,0.3,0.658186235178747,16609.22,0.98,0.45,7.92,0.88,3412.92,2
1811,1.22,0.914428711,1.179807067,13.66229153,7.770177897,145.3896179,138.7657285,-515.4168091,-498.3479919,-507.934733,0,0,0,62.69538336,26553.5,618.3,150.136,219.676,8.2,0.683442888617783,27204.68,0.98,0.44,17.07,0.87,5441.38,3
1812,26.52,0,0.809477031,4.887114048,2.619122205,309.6767883,306.564625,-678.7896118,-672.0839844,-675.5147265,0,0,15.06517673,75.32588368,19733.1,606.4,107.558,252.912,144.6,0.425278357689631,21091.73,0.94,0.5,6.71,0.68,58353.47,4
1813,12.8,0.609619141,0,4.434147358,2.07522625,23.16479492,21.26656779,-392.2776184,-387.4008179,-390.1613577,17.59109281,1,69.28736554,5.026026515,41404.1,991.3,224.716,295.923,28.4,0.759373215329664,48893.56,0.85,0.44,4.88,0.53,1912.61,2
1814,18.59,0,0.8585729,4.64880991,2.539176875,302.0567932,301.1830302,-671.1696167,-668.7312012,-670.1129659,0,0,10.56700859,77.49139632,4220,236.6,62.987,82.655,162.8,0.762047063093582,4238.94,1,0.45,2.44,0.95,55782.42,4
1815,0.91,0,0.639938712,10.57180214,5.516318102,-103.9367981,-107.4981556,-265.4808044,-255.7272034,-261.5206964,0,0,0,74.01051984,19682.1,594.9,106.089,244.861,69.4,0.43326213647743,20832.94,0.94,0.41,9.75,0.7,29755.61,1
1816,0.3,0.30480957,0.286179811,7.680997849,2.187698511,110.3375854,107.2248928,-479.7552185,-471.8304138,-476.0961676,0,0,3.979361908,69.98995357,63500.2,1122.9,176.332,423.566,29.8,0.416303480449328,69027.5,0.92,0.47,7.92,0.63,1782.94,2
1817,8.23,7.315216064,0.286180824,17.85790253,6.868571114,-71.62802124,-77.85932478,-298.70401,-281.3304138,-291.2118012,15.13911146,1,22.14377498,8.812318613,65783.1,1168.8,218.208,474.347,63.3,0.460017666391903,73677.46,0.89,0.43,17.37,0.61,20408.79,1
1818,1.52,1.523986816,0,10.82389069,4.400261196,211.2264099,207.4917649,-580.9487915,-569.6712036,-576.4414119,0,0,43.38958122,30.29083972,54469.3,890.2,259.018,282.644,134.6,0.916410749918625,56736.51,0.96,0.4,11.28,0.87,20303.9,3
1819,21.34,11.88720703,0.404754698,14.10074234,5.90562731,32.61358643,19.62657059,-403.2503967,-375.8183899,-388.6010696,4.325644125,4,25.19497981,21.02111268,195868.2,2188.5,512.466,576.001,166.6,0.88969637205491,236269.58,0.83,0.54,27.43,0.52,2058.75,2
1820,4.27,2.438415527,0.639897943,8.887634277,5.009141094,-25.29840088,-29.08636417,-344.4240112,-335.2799988,-340.0513709,19.20593262,1,4.956369707,35.31413417,23992,629.3,144.745,230.366,130.7,0.628326228696943,25829.94,0.93,0.48,9.14,0.76,8852.24,2
1821,2.13,0,0,4.604875088,2.00762021,-72.23760986,-76.09340506,-296.5704041,-288.6455994,-292.7791726,0,0,75.23264597,10.11324093,60260.6,1064.8,191.143,409.878,180,0.46634120396801,66548.23,0.91,0.48,7.92,0.67,19907.35,1
1822,0.3,0.30480957,0.404761642,5.145789146,2.264752455,365.4551697,364.8183779,-734.5679932,-732.4343872,-733.7570223,0,0,43.44058592,18.10024414,8212.1,336.1,87.301,118.44,116.4,0.73709050996285,8304.79,0.99,0.4,2.13,0.92,89891.06,4
1823,1.52,0.30480957,0.286180049,3.615454912,1.662406298,-76.20001221,-78.09716584,-292.9128113,-287.4263916,-290.7870488,0,0,66.1802149,12.86837512,40428.2,919.3,152.672,384.029,160.8,0.397553309776085,45067.18,0.9,0.39,5.49,0.6,20476.8,1
1824,3.35,0,0.28618446,2.306232929,0.955683266,-51.51119995,-51.69408569,-317.601593,-316.9920044,-317.2206085,0,0,108.3782285,0,2743,197.9,51.182,70.457,161.6,0.726428885703337,2832.82,0.97,0.75,0.61,0.88,13617.51,1
1825,6.1,3.962402344,0.809482872,9.398551941,5.932937586,88.69677734,85.56344686,-458.723999,-450.7991943,-454.7575407,27.89211023,1,7.969174347,10.6255658,22382.5,546.4,142.443,190.351,89.9,0.748317581730592,22426.87,1,0.51,7.92,0.94,422.86,2
1826,17.98,6.705596924,0.639904916,15.3646965,6.855015226,-12.49679565,-23.580574,-357.2256165,-331.9272156,-345.4634145,16.81870185,1,16.51010182,19.13320211,96332.7,1571.3,252.062,597.889,71.4,0.421586615575801,119718.17,0.8,0.47,25.3,0.49,7846.52,2
1827,0.3,0,0.572356701,14.460145,4.997998507,194.7671814,193.2431946,-563.8800049,-560.8320313,-562.5737247,0,0,23.71263622,23.71263623,3134.2,224.7,55.322,83.881,54.9,0.659529571655083,3371.5,0.93,0.44,3.05,0.78,16446.32,3
1828,5.18,0,0.858576775,9.15126133,5.386739001,288.9504089,283.8703947,-657.7584229,-646.1760254,-652.8130876,0,0,0,74.94581419,19238.2,554.1,150.896,174.982,11.6,0.862351556160062,20414.41,0.94,0.43,11.58,0.79,47904.25,4
1829,16.46,5.48638916,0,29.56478882,7.572422201,217.6271667,192.6334458,-586.7399902,-527.6088257,-561.5834432,11.2319016,0,37.48829496,17.16390158,305702.2,3080.9,387.251,1195.124,116.9,0.32402579146599,380509.92,0.8,0.43,59.13,0.41,16290.3,3
1830,59.44,16.76400757,0,32.18896103,8.799844461,68.57998657,44.9193251,-438.9120178,-378.561615,-413.9146327,5.624910018,1,27.07374272,7.41746376,240472.7,2828.7,400.931,1084.548,105.7,0.36967566211915,326965.63,0.74,0.41,60.35,0.38,403.23,2
1831,43.89,0,0,4.912052631,2.269824133,54.5592041,52.14919661,-423.367218,-416.6615906,-421.006372,15.1446836,0,49.40051557,12.98115737,41222,898.6,204.655,305.038,108.7,0.67091641041444,45568.74,0.9,0.36,6.71,0.64,165.14,2
1832,0.61,0.30480957,1.031854987,9.630866051,5.340136924,368.5032043,366.509801,-737.9208374,-733.0440063,-735.7689233,0,0,0,47.29588466,7542.7,331.4,75.606,129.81,166.5,0.582435867806794,7678.05,0.98,0.45,4.88,0.87,90908.16,4
1833,23.77,11.88717651,0.286165297,37.14318466,9.028707876,-56.99761963,-72.1869554,-313.6391907,-273.1007996,-296.7936343,7.59008721,3,21.70123526,5.380766051,417131.2,4894.8,473.503,1804.334,127.1,0.262425360271435,609131.74,0.68,0.42,40.54,0.22,18820.26,1
1834,3.05,1.219207764,0,8.802570343,4.952453325,-53.64480591,-58.28271414,-315.4680176,-299.6184082,-310.6829959,18.24440259,1,11.25718457,36.10062639,38292,736.3,204.921,255.067,107.6,0.803400675116734,39380.65,0.97,0.3,15.85,0.89,15198.63,1
1835,4.27,1.524017334,1.540952921,10.25595951,5.562441139,124.3583984,122.2176212,-494.3856201,-487.6799927,-491.481041,27.69852313,1,14.45140337,27.69852313,12342.7,416.9,113.915,143.911,30.6,0.791565620418175,12664.85,0.97,0.44,6.71,0.89,3273.86,2
1836,32.61,2.133605957,0,26.63389587,4.971159248,205.7400208,182.9533991,-574.5480347,-516.0264282,-551.8636538,3.59156188,2,34.100104,11.48510447,376615.3,5460.9,466.944,1774.067,18.5,0.26320539190459,636477.28,0.59,0.39,58.52,0.16,13913,3
1837,0.91,0.609619141,0.572416604,5.451511383,3.435220279,-24.07922363,-25.44037325,-345.3384094,-341.0711975,-343.6098106,0,0,26.45664861,52.91329722,10674.8,380.4,105.749,118.346,90,0.893557872678417,10707.9,1,0.41,4.27,0.93,8179.46,2
1838,3.35,2.438415527,0.639968395,12.47331619,4.540179767,-78.33361816,-82.22187005,-291.0840149,-281.9400024,-286.7747909,21.84885448,1,31.01997859,4.046084164,55105.7,1023.5,179.253,435.586,129.2,0.411521490589688,57792.57,0.95,0.48,9.14,0.66,21674.28,1
1839,1.22,0.30480957,0,2.558243513,1.34607685,-100.2792053,-101.0592701,-268.8336182,-266.0903931,-267.816639,0,0,81.4640824,5.150028199,31748.5,714.8,177.851,258.351,163.2,0.688408405618713,33639.78,0.94,0.38,2.74,0.78,27575.68,1
1840,6.71,5.48638916,0.63997072,13.25855064,6.055315684,134.4167786,121.6862938,-504.4440002,-477.316803,-490.6850143,0,0,6.500626487,36.47573751,82316.6,1161.8,273.297,391.647,104.1,0.697814613669963,86885.83,0.95,0.51,27.13,0.77,3213.34,2
1841,26.52,12.19198608,2.713165522,20.89383507,11.04347736,35.05200195,21.4625479,-405.9935913,-376.7328186,-390.6714407,15.23027778,1,14.35997619,24.36844445,68317.2,1050.4,249.185,396.095,135.4,0.629104129059948,72099.62,0.95,0.53,29.26,0.78,1895.51,2
1842,2.13,0.30480957,0,4.862278461,2.359997031,81.99118042,81.54462238,-451.1040039,-449.8847961,-450.6078179,0,0,65.72157455,11.33130595,6558.9,291.2,81.85,93.901,90,0.871662708597353,6563.83,1,0.44,1.22,0.97,273.72,2
1843,9.45,7.619995117,2.558308601,14.38710785,8.767900086,258.4703674,251.0530723,-628.8024292,-612.6480103,-620.4424036,20.14147759,1,26.3388553,9.812514722,28781.5,622.8,187.544,197.066,166,0.951681162656166,29397.81,0.98,0.52,16.15,0.93,34615.75,4
1844,5.18,1.828796387,0.286186785,8.869969368,5.028037,96.9263916,91.456821,-466.6488037,-453.2376099,-460.5013826,8.555198927,1,31.47091034,20.77691168,48648.3,915.6,206.253,329.888,110.2,0.625221287224755,52618.55,0.92,0.46,13.41,0.73,699.96,2
1845,6.71,3.962402344,0,9.752986908,6.167325203,-2.133605957,-5.102867635,-367.8936157,-360.8832092,-364.2131454,33.72693614,1,23.60885531,3.372693614,17628.8,481.6,142.497,154.691,89.8,0.921171884595743,17825.55,0.99,0.53,7.01,0.96,4914.41,2
1846,0.61,0,0,4.912106991,1.63494312,-154.8384094,-155.2639768,-213.9696045,-213.0552063,-213.6705579,0,0,24.56666967,69.92052136,7865.7,333.6,93.938,105.19,179.9,0.893031657001616,8089.3,0.97,0.37,0.91,0.89,48516.22,0
1847,1.22,0.609619141,0.80949682,8.87441349,4.905601457,83.81997681,82.67894412,-453.5424194,-449.2752075,-452.0105896,0,0,30.24234593,68.73260438,5406.5,267.2,78.549,85.825,18.3,0.915222837168657,5482.43,0.99,0.37,4.27,0.95,312.55,2
1848,17.37,15.24002075,1.618579388,18.93608856,8.63851758,19.50720215,8.45767295,-391.0584106,-371.5512085,-377.8037515,12.93968295,1,33.03024332,20.43107834,43651.6,776,215.462,262.095,90,0.822075964821916,44608,0.98,0.68,19.51,0.91,3197.03,2
1849,0.61,0,0,5.106339931,2.353397049,-96.62161255,-97.80853846,-272.1864014,-268.5288086,-271.0962941,0,0,5.922052467,61.58934566,12549.8,416,104.021,158.124,153.7,0.657844476486808,12616.64,0.99,0.31,3.66,0.91,26506.62,1
1850,0.91,0.914398193,0,5.137821674,1.79300415,-200.2536163,-201.7993825,-168.8592072,-165.2015991,-167.1108619,7.768636149,1,79.24008872,0.932236337,47833.8,1340.5,122.151,565.073,12,0.21616853043766,63018.05,0.76,0.49,3.66,0.34,71181.91,0
1851,4.88,1.828796387,1.740404725,8.711931229,5.082336544,-30.78482056,-32.92755615,-338.9375916,-333.4512024,-336.2797473,24.97218316,1,50.94325363,2.996661978,14880.7,444.2,130.41,142.617,0.1,0.914407118365973,14983.54,0.99,0.49,5.49,0.95,9589.81,1
1852,0.3,0,0.572421253,4.090947628,2.336851037,-3.04800415,-3.879285408,-366.0648193,-363.3215942,-365.1042222,0,0,12.00918852,72.05513117,4950.9,267.3,74.187,93.118,161.3,0.796698812259714,5110.43,0.97,0.36,2.74,0.87,4744.36,2
1853,31.39,0,0,2.178669214,0.839036601,42.06237793,41.69311876,-410.8703918,-409.9559937,-410.5714669,25.66458067,0,63.17435243,0,7529.2,357.4,79.37,126.702,168.6,0.626430522012281,8097.02,0.93,0.37,0.91,0.74,543.21,2
1854,7.62,5.181610107,2.306269884,9.428077698,5.921161621,1.523986816,-3.20395412,-371.5512085,-361.4927979,-366.0293625,22.06110842,1,13.71366199,16.09864668,24929.5,578.7,162.474,197.816,30.6,0.821339022121568,25249.8,0.99,0.55,10.06,0.94,4651.78,2
1855,3.05,3.047973633,0,11.24795055,5.161951608,364.2359924,360.5994624,-734.5679932,-724.204834,-729.6743549,5.967405141,1,31.67315036,12.39384144,32381.6,707.9,163.8,264.602,172,0.619042939962661,33261.37,0.97,0.48,10.36,0.81,87379.04,4
1856,1.52,1.523986816,0,7.655314922,3.210509061,-99.05999756,-102.5249939,-270.0527954,-261.2135925,-266.3740374,0,0,62.00839978,5.321616399,64242.8,1010.8,224.004,378.169,80.6,0.592338346083365,68584.72,0.94,0.42,8.84,0.79,28064.62,1
1857,23.16,0,0,8.976607323,3.953956805,33.83279419,29.64894384,-402.6408081,-392.2776184,-398.5639489,0,0,59.8251907,20.07831743,36275.1,746.9,213.931,229.723,167.5,0.931256339156288,38429.02,0.94,0.4,10.36,0.82,1249.7,2
1858,21.95,14.93521118,2.86564E-05,43.08192062,8.640321538,-62.17919922,-75.15959977,-309.3720093,-273.7103882,-293.8362943,16.31781997,4,6.875020597,2.816273498,358900.4,4552.6,394.745,1889.031,103.9,0.208966925370732,539211.35,0.67,0.44,35.66,0.22,19644.71,1
1859,0.91,0.304794312,0,2.944143772,1.468817234,-202.387207,-202.8293859,-166.7256012,-165.2015991,-166.0601948,5.509210206,0,79.883548,2.754605104,10792.2,391.3,92.809,142.521,90,0.651195262452551,10955.26,0.99,0.47,1.52,0.89,71732.58,0
1860,2.13,1.523986816,0.905004323,7.660645962,4.944748793,354.7872009,353.183475,-724.5095825,-719.9376221,-722.418211,0,0,53.00833527,19.27575828,9253.6,347.7,106.206,106.257,90,0.999520031621446,9286.14,1,0.47,4.57,0.96,83049.72,4
1861,2.13,0.30480957,0.286219865,3.615557671,1.845390051,-199.3392181,-199.9237111,-169.7736053,-167.944809,-169.0277383,30.19655148,0,40.64920391,9.291246607,12798.4,425.6,112.528,151.455,161.4,0.742979762965897,13145.25,0.97,0.43,1.83,0.89,70184.57,0
1862,4.27,1.524047852,2.306355,12.21172905,6.995615934,147.8279724,145.8708496,-517.8552246,-511.7592163,-515.3579808,32.13942821,1,21.42628547,12.49866652,8324.8,334.3,81.576,118.399,90,0.688992305678257,8326.88,1,0.42,6.1,0.94,6540.09,3
1863,11.89,7.010375977,0,21.61015129,6.196779741,176.174408,151.8386387,-545.59198,-479.4504089,-520.7453342,3.498169391,5,39.9478451,9.807367758,475901.5,6124.5,519.269,2146.341,27.3,0.241932199962634,762885.59,0.62,0.38,66.14,0.16,7540.95,3
1864,3.05,2.438415527,1.430770278,18.82947731,8.562855946,333.756012,316.656132,-704.3928223,-665.0736084,-685.817481,1.891054604,1,12.6070307,13.23738223,47161.4,1074.7,177.875,400.282,73.4,0.444374216177595,58019.93,0.81,0.47,39.32,0.51,63330.81,4
1865,61.57,16.76403809,2.874033213,23.04622269,13.50720043,342.5951843,329.3927932,-714.1464233,-687.6287842,-698.9724071,18.92506841,1,15.77089035,18.53079616,37700.2,714.3,211.701,239.195,33,0.885056125755137,38485.55,0.98,0.57,26.52,0.93,69903.55,4
1866,40.23,16.76400757,0,30.55611801,8.540547571,9.753601074,-15.71140232,-379.4760132,-285.9024048,-353.2394992,5.39240838,7,17.58322119,4.28415267,898617.2,9770,559.804,4027.263,102.9,0.139003586306631,1800000,0.5,0.28,93.57,0.12,6514.33,2
1867,7.01,4.876800537,0.286248267,13.68762302,6.184812871,-31.08959961,-40.64032835,-338.9375916,-315.7727966,-328.3767872,8.497111808,1,21.87219521,19.98394814,94463.1,1393.4,259.742,559.419,75.2,0.464306718220153,103828.54,0.91,0.46,23.16,0.61,11159.88,1
1868,6.1,1.524017334,0,7.246833801,2.757410725,-48.76800537,-52.15294408,-320.3448181,-311.5056152,-316.7992076,1.204408126,1,47.57412098,15.35620361,49365.8,1046.8,233.912,355.505,52.2,0.65797105525942,59965.99,0.82,0.41,8.84,0.57,13724.81,1
1869,18.29,2.743225098,0,25.85590553,6.259960981,-36.57601929,-61.39551428,-332.5368042,-264.8712158,-307.5324694,10.23800503,2,10.63656484,15.94239227,596714.2,9332,927.329,2183.57,75.2,0.424684805158525,1400000,0.43,0.37,67.67,0.09,15975.83,1
1870,3.35,1.523986816,0.809434831,9.594248772,6.070290345,214.8840027,212.8585451,-585.2160034,-578.510437,-582.2958236,8.024581722,1,38.51799225,24.07374516,9261.6,361.3,102.127,123.26,53.4,0.828549407755963,9569.51,0.97,0.44,6.71,0.89,21862.15,3
1871,7.62,6.096008301,1.031860113,10.78089046,6.161486121,28.04159546,22.99945643,-398.0688171,-387.0960083,-392.1133944,18.84736308,1,25.86892971,11.08668416,40221.6,794.3,180.315,319.226,134,0.564850607406665,41662.79,0.97,0.55,10.97,0.8,1764.05,2
1872,5.49,2.438415527,0.40477556,11.03835106,5.32888605,-5.79119873,-10.2653898,-363.9312134,-352.653595,-358.8289935,7.951205603,1,23.85361682,36.01428421,31780.1,699.4,158.128,262.322,154.7,0.602801137533261,33145.6,0.96,0.46,11.28,0.82,5664.88,2
1873,3.66,0.304779053,0.286224246,5.414485931,2.892345956,-26.51760864,-27.26944851,-342.8999939,-340.1567993,-341.8162747,0,0,75.18103212,8.844827307,6722.2,302,85.508,102.24,47.2,0.836345852895149,6821.89,0.99,0.41,2.74,0.93,8513.65,2
1874,6.1,3.657592773,0.404736519,14.615592,6.167639305,83.51519775,80.29223457,-453.2376099,-438.9120178,-449.3566316,31.70333235,1,34.19685287,2.137303305,41727.8,858.4,183.86,313.474,51.4,0.586523922239165,45724.93,0.91,0.27,14.33,0.71,233.85,2
1875,3.66,0.30480957,0,6.27810812,2.775753149,-84.73440552,-88.04694243,-284.0736084,-275.2344055,-280.8270308,8.215243498,0,39.25060783,23.96112687,65136.1,1001.5,280.816,296.228,121.1,0.947972507663016,68317.6,0.95,0.37,8.84,0.82,23423.37,1
1876,3.35,2.133605957,0,11.61501789,5.359948629,-153.3144073,-156.3173341,-216.4080048,-204.8256073,-212.7053276,0,0,36.06633114,16.26520816,21018.8,610.7,150.737,207.701,132.3,0.725740367162411,23610.3,0.89,0.32,11.58,0.71,48981.36,0
1877,38.1,5.486419678,0,19.67271614,7.455485761,46.32958984,34.0542128,-417.5760193,-385.571991,-403.0883693,6.438066415,1,48.6717821,5.794259774,115439.5,1570.4,313.407,612.995,170.1,0.511271706947039,131254.37,0.88,0.45,32,0.59,957.64,2
1878,6.4,3.657592773,1.61867404,10.15245247,5.922009823,7.010375977,2.681833837,-377.3424072,-366.9792175,-371.8975677,27.25689979,1,6.489738045,18.17126653,22904.1,558.3,166.877,179.115,90.1,0.931675180749798,23361.61,0.98,0.53,10.36,0.93,3883.55,2
1879,0.91,0,0.809523165,5.87298727,3.271615362,106.3751831,105.5008971,-475.4880066,-473.0495911,-474.5896478,0,0,2.811185032,92.7691061,5287.5,271.5,70.223,94.121,42.4,0.746092795444162,5409.41,0.98,0.38,2.44,0.9,1640.32,2
1880,22.86,17.37359619,0.905051172,23.51335907,9.612842044,10.66799927,-3.248020919,-381.3048096,-355.0920105,-365.8889404,14.27552261,1,25.6959407,16.22901518,98917.1,1265.5,307.211,457.279,64.5,0.671823984919491,107168.83,0.92,0.59,26.21,0.78,4657.79,2
1881,4.57,2.133605957,0,9.917405128,3.756099673,106.9848022,100.4238698,-476.4024048,-456.285614,-469.3582739,3.742132055,1,35.28295937,32.74365548,111219,1741,374.366,520.495,90,0.719249944764119,140483.69,0.79,0.35,20.12,0.46,1254.85,2
1882,5.49,3.657592773,0,8.74861145,3.283545725,-49.98721313,-52.52674769,-319.735199,-313.9440002,-316.4960112,17.89498886,1,62.86188397,2.294229341,32394.6,776.2,192.482,250.565,118.8,0.768191886336879,36609.96,0.88,0.57,5.79,0.68,13812.54,1
1883,6.4,6.400787354,0,14.97190666,6.929082131,97.53598022,80.38964074,-467.2583923,-429.7680054,-449.381043,6.058520692,1,41.99181583,11.1769261,142298.8,1919.3,299.466,790.813,22.1,0.378681180000835,170948.14,0.83,0.48,37.49,0.49,236.84,2
1884,5.18,4.876800537,0,11.66783428,4.398069352,-28.04159546,-39.83506027,-341.6808167,-311.5056152,-329.0792792,5.190435297,2,33.62499388,10.53131799,197599.2,3163.6,327.304,1138.442,160.8,0.287501690907398,267355,0.74,0.42,30.18,0.25,10990.39,1
1885,12.8,7.315185547,0,15.00680923,3.714265687,-76.80960083,-86.90015261,-293.2175903,-268.8336182,-282.0163601,8.952598938,2,40.57131542,5.123163555,287234.7,4179.1,511.115,1471.08,25.7,0.347442015390054,591368.08,0.49,0.46,24.38,0.21,23073.66,1
1886,2.74,1.219207764,0.639998496,6.310170174,3.876599672,71.32318115,68.33724519,-440.4360046,-430.377594,-437.3515018,4.15211953,1,27.28535691,21.35375758,25059.3,621.9,149.081,229.529,165.8,0.649508340993948,26067.73,0.96,0.31,10.06,0.82,11.14,2
1887,1.83,0.609619141,0.404781789,16.47556305,6.181900582,189.5856018,185.324536,-558.6984253,-544.0679932,-554.2861801,0,0,11.38968892,52.23546989,37846.5,799,172.691,311.484,136.9,0.554413709853476,39635.71,0.95,0.3,14.63,0.75,14477.99,3
1888,0.3,0,0.286228925,2.358932257,1.251671223,-203.3016052,-203.6233444,-165.5064087,-164.8968048,-165.3370717,44.59894309,0,50.17381098,0,2666.3,185.6,56.773,57.482,90.3,0.987665704046484,2666.28,1,0.33,0.61,0.98,72158.5,0
1889,0.3,0,0,4.845761776,2.831678444,-4.572021484,-6.491522653,-364.540802,-359.3591919,-362.4725189,0,0,21.69937411,30.1380196,12330.1,411.4,117.978,118.273,90.1,0.9975057705478,12448.94,0.99,0.41,5.18,0.92,5111.04,2
1890,2.74,1.219177246,0.572410762,12.35934162,5.81457134,-7.010406494,-11.36584103,-362.407196,-346.8623962,-357.6154276,21.76805681,0,14.3350618,28.6701236,27996.5,669.7,159.53,243.501,39.5,0.655151313546967,29373.87,0.95,0.31,15.54,0.79,5831.74,2
1891,2.13,0.914398193,1.179911613,6.895221233,4.311428881,-10.05841064,-11.96764459,-359.3591919,-353.8728027,-357.1832695,15.60002831,1,31.20005661,31.20005661,10481.1,375.1,106.079,118.435,90,0.895672731878245,10565.74,0.99,0.4,5.49,0.94,5924.02,2
1892,1.52,0.914398193,0.905065954,7.660783291,3.523358486,-53.94961548,-54.79678031,-315.7727966,-312.1152039,-314.2846599,13.4663588,1,76.30936646,1.496262089,9934.2,390.2,91.446,142.894,74,0.63995689112209,10307.22,0.96,0.42,3.66,0.82,14351.27,1
1893,5.49,4.267181396,0.905023098,17.27204514,8.692682418,-10.05841064,-15.1760399,-360.2735901,-345.0335999,-354.0571894,13.12040674,1,29.98950111,18.7434382,23791,593.1,146.297,212.208,64.5,0.689403792505466,24666.73,0.96,0.41,15.24,0.85,6428.2,2
1894,2.44,2.43838501,0.286197424,9.293296814,3.868016524,19.8119812,17.52208416,-389.5343933,-382.5240173,-386.5254832,10.30870993,1,30.92612981,1.718118322,34605.6,855.3,144.103,360.354,145.4,0.399892883109387,38064.87,0.91,0.44,7.01,0.6,2254.15,2
1895,2.13,2.133605957,0,11.43631268,3.707711582,-81.38162231,-88.76322394,-287.7312012,-267.0047913,-280.1170584,4.009503893,3,54.92471086,4.50382629,270627.6,3548.7,356.47,1462.334,120.4,0.243767839631712,366554.07,0.74,0.37,20.73,0.27,23643.13,1
1896,0.3,0,0.640009522,14.83974743,6.194646127,75.2855835,73.4807657,-445.0079956,-438.3023987,-442.6278272,0,0,32.08726605,25.21142332,12970.8,489.1,93.536,190.754,93.9,0.490348826236933,14093.59,0.92,0.36,6.71,0.68,71.92,2
1897,37.49,0.609588623,0,29.45574188,12.62387476,47.85357666,35.41277404,-416.9664001,-373.6848145,-404.4105108,3.4998314,0,35.41005888,6.999662802,72200.7,1356.4,222.245,507.314,125,0.43808174030285,86776.41,0.83,0.29,43.28,0.49,875.4,2
1898,3.96,1.828796387,0.286229432,8.821018219,3.12071921,159.4103699,157.0295317,-528.8280029,-523.0368042,-526.0194911,0,0,15.92884574,11.81817587,28927.9,700.8,184.768,213.998,12.3,0.863409938410639,31661.44,0.91,0.49,5.79,0.74,8469.43,3
1899,2.44,0.609588623,0.286203116,6.405340672,2.758981121,-57.60720825,-58.19299459,-311.8103943,-309.6768188,-310.8436184,50.10176335,0,33.93990421,4.848557749,9197.1,382.8,87.075,150.886,38.5,0.577091313972138,9583.5,0.96,0.48,2.13,0.79,15176.51,1
1900,2.44,0.30480957,0.640014172,6.226671696,3.573327898,199.0343933,198.2793135,-568.4520264,-565.7088013,-567.523751,23.78167673,1,19.02534139,21.40350906,6250.3,291.9,81.482,94.324,89.9,0.863852253933251,6340.64,0.99,0.35,2.74,0.92,17763.38,3
1901,35.66,9.448791504,1.618752599,13.38504505,6.571087597,44.19598389,36.1899115,-415.1376038,-398.9832153,-405.4012773,13.16742716,1,30.72399671,27.34773333,44025.4,798.3,215.682,264.346,90.1,0.815907938837735,45001.96,0.98,0.61,16.15,0.87,830.02,2
1902,2.44,1.828796387,0.2862266,13.00636101,6.190540674,85.95358276,74.93462414,-455.3712158,-421.5383911,-443.9417014,2.439718071,2,33.66810937,29.43926472,91388.5,1599.7,313.119,537.83,129.9,0.58218953944555,122785.87,0.74,0.34,33.83,0.45,98.7,2
1903,2.44,2.43838501,0.286232561,15.00767899,4.15359066,-54.86401367,-57.16719835,-314.8583984,-306.9335938,-311.795507,27.50330263,1,21.09842394,9.795696828,39452.8,835.4,193.841,310.224,70.8,0.624842049615762,41861.61,0.94,0.39,7.92,0.71,14924.82,1
1904,6.71,6.705596924,0.404792786,25.41896629,11.10120391,-106.3752136,-112.6740937,-265.1759949,-245.3639984,-256.6511279,12.9813167,1,29.1288082,11.71484678,46946.7,1018.9,141.325,434.06,90.4,0.325588628300235,51428.16,0.91,0.43,19.81,0.57,31568.08,1
1905,6.1,6.096008301,0,17.48724937,5.226464019,-50.59680176,-66.00039309,-318.8208008,-275.8439941,-302.9067135,2.042048458,6,33.59499077,6.093209109,451300.2,6275.4,410.709,2792.166,32.4,0.147093331843451,761532.95,0.59,0.37,42.98,0.14,17161.1,1
1906,3.66,3.048034668,0,14.29293919,3.936401273,154.5335999,134.2594572,-523.9512329,-477.6216125,-503.1642336,5.722038541,1,23.46035802,32.8063543,233793.1,3504.5,303.941,1523.951,123.5,0.199442764235858,339339.53,0.69,0.45,46.33,0.24,4796.87,3
1907,2.74,2.133605957,0,11.97309113,3.965455048,158.4960022,156.4669577,-527.6088257,-520.5983887,-525.3940006,0,0,46.22181163,7.703635272,40519.4,826.3,172.044,328.415,78.8,0.523861577577151,42115.41,0.96,0.32,7.01,0.75,8366.2,3
1908,3.35,2.133575439,0,12.00798702,4.743462832,-92.65921021,-98.07982262,-276.7583923,-261.8232117,-270.8772724,18.94874595,0,21.54173224,16.55522015,74521.7,1588.2,217.26,679.894,154.5,0.319549812176604,107716.42,0.69,0.4,14.94,0.37,26595.03,1
1909,34.75,20.72637939,0,41.43434525,8.848391933,211.2264099,185.7931087,-580.9487915,-493.1664124,-554.8286495,5.852683145,4,15.27887956,8.525783619,528260.6,6520.1,551.464,2200.404,125.4,0.25061943170436,943272.81,0.56,0.3,87.78,0.16,14590.98,3
1910,32,1.219207764,0,16.34163094,5.903694392,42.3671875,30.71898194,-411.480011,-376.428009,-399.623348,11.76140113,0,23.41963207,14.34065576,144074,1906.5,458.234,519.487,14.6,0.882089445934162,182047.35,0.79,0.34,35.05,0.5,1175.19,2
1911,2.74,0.914428711,0.858649075,5.74097538,3.681311073,-18.89761353,-20.08633205,-350.5200195,-346.8623962,-349.0395469,37.80657436,1,18.14715568,13.61036677,9829.1,357.1,106.128,106.147,180,0.999821002948741,9838.33,1,0.42,3.66,0.97,7239.68,2
1912,8.23,5.79119873,1.430846095,10.08679199,5.778497964,-13.41122437,-18.5499661,-356.6159973,-344.7287903,-350.5861052,19.15248546,1,38.30497093,13.56634387,37252.5,715.5,189.934,247.738,74.1,0.766672856001098,38057.6,0.98,0.51,11.89,0.92,6980.6,2
1913,3.96,3.962402344,0,15.68836498,5.472938643,364.540802,341.8452932,-733.6536255,-674.5223999,-710.836872,2.733757256,1,20.50317942,9.809364271,184866.8,3387,271.711,1351.107,72.2,0.201102503354657,300745.28,0.61,0.39,59.13,0.2,76643.32,4
1914,6.71,3.962402344,0.286230206,10.04779911,3.841064626,-53.03521729,-56.72111637,-316.0776062,-306.3240051,-312.2144787,8.804260697,3,15.84766925,3.792604608,109738.8,1677.6,280.061,654.498,34.6,0.427901995116868,138467.69,0.79,0.4,9.75,0.49,14816.03,1
1915,3.35,2.133605957,0.905023813,8.082146645,4.692422687,-17.06881714,-20.06753028,-352.0440063,-343.8143921,-348.9722769,26.57445537,1,15.70308726,22.34670111,24610.9,593.4,142.412,224.281,111.9,0.634971308314124,25123.54,0.98,0.38,8.23,0.88,7236.48,2
1916,0.91,0,0,4.434568405,1.788988104,326.4407654,324.7550631,-695.5535889,-690.9816284,-693.6688229,1.026652517,0,72.3790025,16.42644028,28956.5,749.3,117.099,311.677,129.2,0.375706260006353,30871.58,0.94,0.42,4.57,0.65,67472.69,4
1917,5.79,3.352813721,0.40477252,8.262633324,5.126329967,-16.76400757,-22.81681603,-353.2632141,-338.6328125,-346.258509,12.00575033,2,29.34738969,10.13818916,55713.8,1125.2,199.926,418.946,142.7,0.477211860239744,68075.49,0.82,0.48,14.63,0.55,7711.79,2
1918,0.3,0.30480957,0,8.199662209,4.095059912,206.3495789,204.2159917,-575.4624023,-569.6712036,-573.2467417,0,0,0,22.90684553,11031.2,390.9,103.433,135.084,11.5,0.765693938586361,11224.83,0.98,0.39,5.79,0.91,19381.09,3
1919,15.85,10.66796875,0.809469223,18.62825775,10.93381784,211.2264099,201.2916485,-581.2536011,-559.9176025,-570.6311646,22.16849689,1,16.09003807,11.08424844,41571.5,755.2,221.621,249.621,158.7,0.88782995020451,42416.92,0.98,0.5,21.34,0.92,18575.41,3
1920,40.84,1.524017334,0,13.55748081,5.298696192,51.20639038,42.5778518,-420.3192139,-387.0960083,-411.4817819,29.85972657,0,13.76346772,15.1631424,127436.6,2025.2,421.054,613.221,75,0.686626844155696,178543.08,0.71,0.27,33.22,0.39,502.75,2
1921,6.1,4.267181396,0.286224008,11.33068752,4.295157411,-80.77200317,-95.05555749,-288.3407898,-248.1072083,-273.8592986,6.912477815,1,6.01329371,1.629771192,264491.2,3389.2,245.695,1554.617,123.7,0.158042141569274,304642.86,0.87,0.36,40.23,0.29,25617.78,1
1922,5.49,5.48638916,0,11.08118153,4.816876942,-17.37359619,-25.25936847,-352.3488159,-334.3656006,-343.7659563,7.903416882,2,13.17236147,12.39751668,95916.9,1666.8,236.171,686.526,120.4,0.344008821224542,127600.23,0.75,0.48,17.98,0.43,8146.75,2
1923,7.01,5.181610107,0.286236703,11.13392639,6.16906789,106.0704041,98.99529346,-475.4880066,-458.41922,-468.0405343,18.63083174,1,19.33833168,18.15916512,63028.2,1005,253.734,364.133,32.3,0.696816822424773,65952.96,0.96,0.44,17.07,0.79,1155.68,2
1924,8.23,4.876800537,1.144769073,17.17136002,6.835698313,-15.84960938,-21.4125638,-354.1776123,-340.7664185,-347.7505777,13.99169942,1,7.229044698,4.663899806,63741.3,1289,241.879,489.762,62.5,0.493870492198251,82300.31,0.77,0.48,13.41,0.48,7467.13,2
1925,11.28,6.400787354,0,18.22860336,3.938017707,-98.75521851,-106.4274222,-270.357605,-251.4600067,-262.447329,8.298487896,4,48.26727058,0.544163141,546312,6620,362.954,2951.407,23.7,0.122976600651825,843171.82,0.65,0.42,18.9,0.16,29387.36,1
1926,5.49,3.352844238,0.572461665,13.72177124,7.57637061,194.7671814,189.6358545,-564.489624,-549.5543823,-558.8313543,10.63105393,1,27.64074022,17.00968629,27963.6,639.9,149.459,235.179,151.5,0.635511674086547,28780.22,0.97,0.38,14.94,0.86,15534.1,3
1927,2.44,0,0.286211908,6.271948814,3.615505847,75.59039307,74.81453913,-445.3128052,-442.264801,-444.0566628,0,0,23.32192316,9.995109922,4461.4,242.2,65.666,86.572,114.4,0.758513145127755,4466.83,1,0.43,3.05,0.96,96.33,2
1928,2.44,1.219177246,0.286179394,18.03924751,8.408208414,325.8312073,308.8094063,-695.2487793,-639.4703979,-677.7817023,6.669723533,0,9.406020366,12.99740996,86915.4,1247.5,239.329,494.755,125.5,0.483732352376429,91812.18,0.95,0.31,55.78,0.7,59443.03,4
1929,22.56,1.219207764,0.286236942,11.84994125,4.089576903,32.0039978,30.26708969,-402.0312195,-392.5823975,-399.234396,15.60731488,1,54.87733298,13.09000603,29523.9,686.2,135.721,271.545,26.5,0.499810344510118,30352.57,0.97,0.3,9.45,0.79,1206.38,2
1930,1.52,0.304779053,1.459198952,7.907594681,3.738394251,76.80960083,76.29377864,-446.836792,-444.398407,-445.62933,0,0,0,71.98692875,3510.2,231.6,52.083,85.34,165.9,0.610299976564331,3683.14,0.95,0.52,2.44,0.82,127.55,2
1931,1.52,0.304779053,0,4.295022964,2.92660664,-26.21279907,-27.3719709,-342.8999939,-339.8519897,-341.7177503,18.54059527,1,32.44604172,13.90544646,9620.5,360.7,92.247,131.078,24.1,0.703756541906346,9646.61,1,0.4,3.05,0.93,8532.58,2
1932,2.13,1.828796387,1.430830598,32.72520065,16.72338745,98.45037842,89.31084381,-468.1727905,-438.9120178,-458.6772851,0,0,2.205857977,24.99972374,20215.5,603.1,121.366,233.288,131.2,0.520241075408937,21662.53,0.93,0.33,29.26,0.7,591.02,2
1933,0.91,0.30480957,0,3.759427547,2.646774928,-13.41122437,-15.31783181,-356.0064087,-350.8247986,-353.6458244,0,0,29.97309871,54.59385837,13885.7,448,111.742,159.339,80.5,0.701284682343933,14288.24,0.97,0.46,5.18,0.87,6450.95,2
1934,24.99,18.28799438,0.286269248,21.23966789,9.138745316,32.30877686,14.98107041,-402.6408081,-367.5888062,-384.0928175,7.973170818,2,37.28629883,5.862625602,126770.4,1712.8,328.867,628.941,97.1,0.522890064409857,148639.56,0.85,0.53,35.05,0.54,2501.89,2
1935,3.35,1.219177246,1.18004632,12.90949917,6.863322613,202.0823669,197.7016428,-571.8048096,-559.612793,-566.9817978,0,0,17.01467631,46.03971236,14851.3,502.6,113.931,190.7,137.1,0.5974357629785,16181.89,0.92,0.4,12.19,0.74,17609.73,3
1936,2.74,1.523986816,0.639996529,4.51639986,2.916161964,123.1391907,121.6659936,-492.5567932,-488.2896118,-490.6546294,18.23081254,1,35.85393133,7.900018767,24459.9,598.6,159.717,201.785,65.9,0.791520677949303,25751.34,0.95,0.46,4.27,0.86,3211.03,2
1937,31.7,15.5447998,0,23.67900467,7.277978822,-8.839202881,-33.6029355,-361.4927979,-282.5495911,-335.3174502,2.675296454,16,21.8036661,2.909384893,1333457.6,14627.8,1155.285,6172.687,48.6,0.187160793994576,4500000,0.3,0.33,78.94,0.08,9722.54,1
1938,1.22,0.609619141,0.286243439,15.94792652,5.860931657,154.2287903,150.088201,-523.6464233,-512.0640259,-519.0728428,0,0,0,34.91470582,28523.7,777,136.317,310.166,68.6,0.439496914555432,32928.82,0.87,0.4,11.58,0.6,7240,3
1939,10.06,7.010406494,0.858670056,14.53140068,9.575373003,-21.03121948,-26.64435842,-349.3008118,-335.5848084,-342.6797032,34.18884612,1,13.87373466,4.459414711,29998.8,670.3,154.673,239.901,89.9,0.644736787258077,31169.86,0.96,0.49,13.72,0.84,8398.69,2
1940,18.59,8.534423828,0,24.0895443,6.256874341,130.4544067,111.2163793,-500.1768188,-454.4568176,-480.1783643,4.364107494,3,10.37432571,11.33136683,388283.8,5019.7,579.306,1479.172,32.8,0.391642080839821,634165.73,0.61,0.44,45.72,0.19,2135.95,2
1941,3.35,1.523986816,1.809665084,10.47254753,5.805365474,284.3783875,282.4895611,-654.4055786,-647.7000122,-651.8101927,26.21392886,1,10.79397071,15.41995816,9639.5,363.8,102.063,121.761,48.8,0.838224061891739,9860.38,0.98,0.39,6.71,0.92,47301.71,4
1942,29.87,5.79119873,0,25.39352226,6.827165487,230.4288025,198.0695719,-600.1511841,-518.1600342,-566.9989716,8.762204865,6,53.73713109,2.61328917,676860.8,7475.1,640.897,2344.865,145.9,0.27331935953669,1100000,0.62,0.4,81.99,0.15,17707.51,3
1943,0.61,0,0,3.334350348,1.213379865,-73.76159668,-74.18833008,-295.0464172,-294.1319885,-294.7659924,0,0,103.7223793,0,3582.7,223.9,57.331,80.938,178,0.708332303738664,3603.41,0.99,0.34,0.91,0.9,19373.39,1
1944,0.3,0.304779053,0.809557855,10.74916172,3.990689049,97.84078979,97.16006978,-467.2583923,-463.9056091,-466.3643239,0,0,52.37489736,13.9666393,4257,241.8,57.415,82.043,90,0.69981595017247,4257.04,1,0.27,3.35,0.92,1034.27,2
1945,9.45,6.400787354,0.572443426,11.99920654,8.034520858,97.53598022,89.40066913,-467.5632019,-448.3608093,-458.5510113,17.56926522,1,15.14591829,29.08016312,49069.8,820.6,227.592,275.663,90.1,0.82561678571299,49791.24,0.99,0.47,19.2,0.92,595.39,2
1946,3.96,3.962402344,0.286239296,15.1320858,5.234927451,336.8039856,321.3561776,-706.5264282,-662.3303833,-690.3233214,6.674503376,1,8.637592605,41.61749164,113577.2,2018.1,253.818,771.718,61.7,0.328899934950332,163083.1,0.7,0.37,44.2,0.35,65718.49,4
1947,1.83,0,0.286245763,5.489049435,2.896584259,332.8415833,332.5090859,-702.5640259,-701.0400391,-701.8989896,26.74127331,1,35.65503108,0,3335.1,208.7,57.385,70.488,93.6,0.814110203155147,3335.1,1,0.47,1.52,0.96,71561.11,4
1948,3.96,1.828796387,0.905076385,19.9585228,9.601041724,47.85357666,42.29007252,-417.8807983,-397.1544189,-411.5314182,0,0,18.15350132,36.91211935,24564.1,602.8,135.554,220.96,15.7,0.61347755249819,25358.97,0.97,0.31,20.73,0.85,515.74,2
1949,14.63,14.02081299,0.286215544,18.0392952,7.923542639,-11.88720703,-25.4779799,-358.1400146,-326.1360168,-343.6472472,6.505129516,5,11.11292959,3.523611821,164519.1,2586.1,477.515,803.415,68.9,0.594356590305135,260240.99,0.63,0.45,32,0.31,8186.26,2
1950,17.68,0,0,3.23499918,1.689564791,28.34640503,27.13345358,-397.1544189,-394.1064148,-396.0187123,0,0,79.25234687,17.61163264,21943.9,562.6,140.198,201.341,18.5,0.696321166578094,22512.33,0.97,0.39,3.05,0.87,1433.88,2
1951,0.3,0.304779053,0.809578121,28.35019302,13.48840503,66.14160156,58.03493109,-435.2543945,-412.3944092,-427.1400626,0,0,6.034890677,45.69274369,17241.2,512.5,128.292,188.449,135.8,0.680778353825173,18161.51,0.95,0.36,22.86,0.83,48.51,2
1952,14.02,0.304779053,0.286218405,5.422307491,3.333273654,24.38400269,22.87338928,-393.4967957,-388.9248047,-391.925912,17.56707255,1,41.72179729,20.86089865,13538.2,427.2,127.515,130.293,33.6,0.978678823881559,13788.36,0.98,0.35,4.57,0.93,1774.65,2
1953,7.62,5.181610107,0.809501469,8.915539742,4.303687987,-31.69921875,-35.07727857,-338.6328125,-331.0128174,-334.0229007,17.69519993,1,14.57251759,18.21564698,28560.3,656.9,163.532,245.546,63.8,0.665993337297289,29522.23,0.97,0.61,7.62,0.83,10015.46,1
1954,10.36,7.010406494,0,32.9611702,8.404774592,-103.9367981,-126.0556441,-266.3952026,-194.7671967,-242.9176502,6.435878888,2,9.226658228,28.59124957,260981.9,3163.7,531.263,962.414,132.1,0.552010880972222,394325.93,0.66,0.33,71.63,0.33,36502.26,1
1955,4.88,0,0.28624627,5.741213799,3.339990424,-120.7008057,-123.2978059,-248.1072083,-241.0968018,-245.5969402,0,0,44.16152927,33.72334962,18512.2,577,137.914,196.176,144.3,0.703011581437077,20355.64,0.91,0.36,7.01,0.7,35456.06,1
1956,4.27,2.438415527,2.082926273,15.64183903,8.727103663,75.89520264,71.78668995,-446.5320129,-434.9496155,-441.166519,0,0,2.508561025,47.66265948,17776.1,516,115.412,208.243,129.1,0.554217908885293,18065.68,0.98,0.47,11.58,0.84,46.06,2
1957,15.24,12.49679565,0.404812574,15.6392889,8.050581433,-23.77441406,-33.5796849,-346.2528076,-329.1839905,-335.645239,14.3654729,1,22.41013773,7.470045909,51735.7,931.1,247.795,294.398,71.7,0.841700690901433,57636.72,0.9,0.63,17.07,0.75,9717.95,1
1958,8.84,4.572021484,0.404810369,13.5858469,5.88817046,16.459198,8.156704911,-386.4864197,-367.5888062,-377.1999448,6.312753242,1,17.84985399,22.63883921,68284,1169.9,246.607,407.538,28.9,0.605114124327057,79466.71,0.86,0.49,18.9,0.63,3231.16,2
1959,1.22,0,0.640048921,5.540391445,3.546694131,172.5168152,170.3554903,-541.9343872,-536.447998,-539.4128786,0,0,0,10.32208256,12960.3,418.2,114.72,147.493,153.9,0.777799624388954,13140.61,0.99,0.47,5.49,0.93,11099.78,3
1960,42.06,2.74319458,0,20.61126328,8.275063622,52.12078857,22.16883519,-421.5383911,-341.0711975,-391.1192894,9.69887705,0,9.884205911,11.24328422,240612.4,3904.7,440.588,1127.536,140.4,0.390752933830938,363782.9,0.66,0.38,80.47,0.2,1834.51,2
1961,3.05,0.914428711,1.144855738,5.98927784,3.82645129,268.8335876,267.7742875,-638.2512207,-635.5079956,-636.967052,31.45374732,1,28.14282655,8.277301928,8978.9,342.6,98.101,116.233,73,0.844002993986217,9025.67,0.99,0.49,2.74,0.96,41117.41,4
1962,6.4,0,0.858691037,4.862896442,2.710316623,16.76397705,14.94634228,-385.8768005,-381.6096191,-383.9513606,0,0,0,101.0440313,12062.7,433.8,87.782,171.903,111.4,0.510648447089347,12408.2,0.97,0.46,4.27,0.81,2505.37,2
1963,10.06,9.144012451,0.640007555,15.1517477,7.020546127,-20.42160034,-30.26913875,-348.9960022,-329.1839905,-338.7483371,18.00992429,1,13.23806401,28.47723072,96563.7,1170.7,332.183,397.794,71.2,0.835062871737633,99137.86,0.97,0.52,19.81,0.89,9076.21,1
1964,19.51,0.30480957,0,15.91595936,5.370057289,29.87039185,23.55331862,-398.9832153,-377.9519959,-392.4722359,0,0,31.35531874,31.59467232,62101.2,1053.7,233.388,376.235,116.1,0.620325062793201,67617.12,0.92,0.31,21.03,0.7,1717.83,2
1965,9.14,3.047973633,0,32.71171951,6.797892674,185.3183899,162.0224834,-555.3455811,-483.1080017,-530.9897006,3.371474873,1,44.75923538,22.32148881,255710.1,3679.6,427.222,1159.677,120.8,0.368397407209076,373205.89,0.69,0.34,72.24,0.24,9413.36,3
1966,8.23,6.400817871,0,11.13766766,4.836307022,-20.72640991,-30.27873661,-349.3008118,-331.3175964,-338.7762399,7.983500584,1,34.40508585,11.21491749,78198,1369,207.026,520.449,172.7,0.397783452365169,94792.83,0.82,0.59,17.98,0.53,9078.04,1
1967,3.05,1.219207764,0.286250412,3.970330715,2.330596227,-63.39840698,-64.34456011,-305.7144165,-302.9711914,-304.5701346,38.26244577,1,17.65959036,2.522798622,35351.6,794.4,149.637,327.125,59.6,0.457430645777608,37995.81,0.93,0.43,2.74,0.71,16730.02,1
1968,11.89,8.534393311,0,13.95476246,6.758080374,127.4064026,114.6137272,-497.4335938,-466.0392151,-483.6150127,12.40959213,2,32.33025319,5.76937178,136548.6,1874.3,237.949,805.403,105.6,0.295440915914145,153896.62,0.89,0.44,31.39,0.49,2461.52,2
1969,10.97,7.924804688,0,17.00494766,5.967205575,90.22079468,63.72213393,-459.6383972,-404.4696045,-432.6753724,9.663719971,3,36.91069628,3.582647404,315318.5,4163.1,341.321,1781.577,8.5,0.19158363629526,493658.11,0.64,0.49,55.17,0.23,1.63,2
1970,6.1,3.962402344,0.640019119,9.774326324,5.438765882,68.57998657,65.77529613,-439.5216064,-430.9872131,-435.0592258,0,0,31.77841764,11.4755397,16838.8,498.7,124.054,191.221,55,0.648746738067472,17266.13,0.98,0.53,8.53,0.85,0.6,2
1971,4.27,2.74319458,0.286250412,7.534952641,4.368220287,-24.07922363,-28.81495316,-345.3384094,-333.756012,-340.176532,18.69331221,1,5.903151225,39.68229434,45324,803.9,242.704,250.688,47.6,0.968151646668369,47006,0.96,0.45,11.58,0.88,8801.25,2
1972,17.98,13.41122437,0,37.21118927,10.34360497,-57.60720825,-73.16838241,-312.4200134,-240.1824036,-295.8335468,6.17811728,6,17.6617364,2.652750923,425850.3,5613.2,361.223,1907.954,126.4,0.189324795042228,581574.86,0.73,0.23,72.24,0.17,19090.5,1
1973,14.63,0.30480957,0,2.306535721,1.198422937,24.99359131,24.80697632,-394.1064148,-393.1920166,-393.7269599,68.69391176,0,20.8163369,0,7140.6,312.3,81.749,105.638,0.6,0.77385978530453,7232.21,0.99,0.47,0.91,0.92,1615.48,2
1974,7.62,1.524002075,0,10.97945499,2.873257564,-118.567215,-124.4872755,-250.8504028,-223.1136017,-244.4040761,23.36731719,0,16.28119934,25.2232052,176202,2934,480.406,873.159,51.5,0.550193034716472,312646.86,0.56,0.23,27.74,0.26,35905.43,1
1975,0.91,0.30480957,0.640059292,3.638432503,2.015702104,-42.36721802,-42.91405532,-327.050415,-324.6119995,-326.1180779,0,0,52.11389382,52.11389382,4848.8,274.4,69.397,93.399,0.7,0.743016520519492,5101.69,0.95,0.4,2.44,0.81,11645.44,1
1976,7.01,4.267211914,0.905089378,13.59737968,6.628761648,71.32318115,67.01836254,-441.6552124,-432.2063904,-436.2835761,19.5541455,1,13.24635663,13.24635662,23564.7,625.2,130.207,240.509,90.6,0.541380987821662,24870.51,0.95,0.57,9.45,0.76,4.07,2
1977,16.46,15.23999023,0,34.80915451,9.15674223,-39.62402344,-62.65535889,-330.7080078,-243.2304077,-306.3195082,2.933834355,9,22.14959153,4.615213108,866364,10654.7,819.18,3231.508,54.3,0.253497747800717,1800000,0.48,0.28,87.48,0.1,16295.89,1
1978,10.67,10.05841064,0.286218405,17.16958427,6.964271687,25.60317993,13.25327086,-394.7160034,-366.0648193,-382.2525649,5.541038451,3,37.12495762,3.957884608,187778.9,2611.9,263.006,1095.833,169.1,0.240005548290661,239207.62,0.79,0.44,28.65,0.35,2677.72,2
1979,1.22,0.30480957,0.809561074,4.710281849,3.158914289,92.96398926,92.53992097,-462.6864014,-460.857605,-461.86477,0,0,0,61.86872915,3363.5,209.7,57.692,68.954,90.3,0.836673724511994,3363.54,1,0.48,1.83,0.96,758.45,2
1980,5.49,3.657592773,1.459254026,11.60607338,7.564523293,266.6999817,262.9059585,-637.336792,-626.9736328,-632.3090582,24.9884418,1,15.37750265,15.37750264,15465.9,452,130.322,142.555,0,0.914187506576409,15630.64,0.99,0.49,10.36,0.95,39166.77,4
1981,4.57,2.438415527,0,6.646393299,2.994436467,-108.8135986,-110.9761146,-260.6040039,-255.4224091,-257.9777303,34.65184031,1,65.40534859,0.433148004,34316.5,798.8,187.557,286.125,37,0.655507208387942,38165.15,0.9,0.52,5.18,0.68,30967.59,1
1982,3.66,0.914398193,0.286254823,4.247574329,1.857001049,-64.92242432,-65.92631482,-304.4952087,-301.7520142,-303.0389358,38.18000034,1,46.92958376,0.795416674,18687.2,562.3,125.854,214.633,85.8,0.586368359012826,20047.85,0.93,0.55,2.74,0.74,17141.7,1
1983,10.97,9.753601074,1.809764266,16.55016327,9.839691808,-31.39440918,-37.71820936,-339.2424011,-325.8312073,-331.6865711,25.32050507,1,30.5956103,8.440168357,28177.9,619.4,177.17,200.985,78.6,0.881508570291315,28682.06,0.98,0.57,13.41,0.93,10551.03,1
1984,1.52,0.30480957,0,6.297963619,2.018046594,120.3959961,119.331441,-489.5088196,-486.4608154,-488.2250401,0,0,22.7352395,52.7264065,30728.3,716.3,143.15,284.408,51.9,0.503326207420326,32004.88,0.96,0.44,3.05,0.75,2951.91,2
1985,3.35,1.523986816,0,8.287269592,3.660190968,275.5392151,273.3169586,-644.6519775,-638.2512207,-642.2515963,15.83123973,1,23.00010301,8.064971184,49762.3,949.6,185.491,350.985,36.2,0.528486972377737,55407.89,0.9,0.38,6.4,0.7,43395.96,4
1986,4.57,2.43838501,0.858649254,11.25280476,5.956569891,-63.70321655,-67.88268745,-306.0191956,-294.4367981,-301.2078246,24.26687619,1,5.338712762,14.07478819,30626.4,650,178.882,226.943,90.1,0.788224355895533,31462.76,0.97,0.42,11.58,0.91,17657.81,1
1987,19.81,0,0.404783398,2.306573153,1.419632441,30.17520142,29.84389065,-399.2879944,-398.3735962,-398.8374315,0,0,95.80781267,0,3568.3,217.7,61.201,75.613,47.5,0.809397854866227,3584.45,1,0.55,0.91,0.95,1235.95,2
1988,8.53,4.267211914,3.197035313,17.28613281,9.321988079,17.67840576,13.16521467,-388.0104065,-377.0375977,-382.6416479,32.21821912,1,8.949505311,12.52930744,16608.9,486.7,105.757,179.199,89.9,0.590165123689306,16624.37,1,0.49,10.97,0.88,2686.84,2
1989,1.22,0.30480957,0.286256373,5.170129776,3.185713341,175.5647888,174.4721133,-544.6776123,-541.6295776,-543.5849252,0,0,60.0653491,26.02831794,7424,313.2,90.213,101.904,162.8,0.885274375883184,7477.44,0.99,0.37,3.05,0.95,11984.14,3
1990,1.52,1.524017334,0.286256641,39.32760239,9.550327412,-69.79922485,-72.38694261,-299.9232178,-284.683197,-296.705414,0,0,55.56292342,5.487696139,21669,623.7,135.001,226.251,36.1,0.596686865472418,23259.43,0.93,0.21,15.24,0.7,18875.17,1
1991,8.84,5.79119873,1.430931926,13.86265945,7.781883696,106.9848022,102.3858984,-477.6216125,-465.7344055,-471.6869703,18.07051509,1,22.73387383,4.663358734,25499.5,609,141.521,215.833,89.7,0.65569676555485,26097.86,0.98,0.5,11.89,0.87,1397.71,2
1992,6.1,3.962402344,1.430981636,11.08556271,6.165065391,-36.27120972,-40.26858654,-333.4512024,-323.6976013,-328.9008567,21.78715981,1,17.87664395,5.586451233,26607.5,621.5,148.692,235.161,122,0.632298723002539,27276.64,0.98,0.47,9.75,0.87,11081.48,1
1993,8.23,5.486419678,0.858712792,12.17523956,7.77839897,71.62799072,66.84783619,-441.6552124,-430.9872131,-436.142786,16.35956192,1,20.60092983,3.635458204,24531.9,580.6,152.316,202.815,117.1,0.751009540714444,24951.62,0.98,0.52,10.67,0.92,3.41,2
1994,7.62,0.30480957,0,2.023149967,1.179891146,359.9687805,359.7154458,-729.081604,-727.8624268,-728.6422119,62.69952783,0,24.8185631,0,11379.3,396.2,107.094,138.327,56.3,0.774208939686395,11642.74,0.98,0.39,1.22,0.91,86857.19,4
1995,18.59,0,0.286256373,4.516639709,2.276636642,29.26080322,27.95384632,-398.0688171,-394.4111938,-396.8311333,0,0,1.571708843,89.58740412,9457.3,375.3,93.818,129.872,179.9,0.722388197609954,9714.04,0.97,0.35,3.66,0.85,1372.42,2
1996,0.91,0.304779053,0.64003247,10.12255669,4.868815511,41.45278931,39.99806283,-410.8703918,-405.6888123,-409.2702054,0,0,0,83.90896618,6554.4,298.1,81.524,95.215,86.9,0.856209630835478,6631.28,0.99,0.31,5.18,0.93,625.1,2
1997,4.27,2.438354492,1.144772172,6.628351212,3.802876071,273.7104187,271.8626953,-643.1279907,-638.5560303,-640.9211639,32.6669475,1,31.88916303,4.666706784,19110.9,517,147.103,172.51,65.6,0.852721581357603,19507.93,0.98,0.49,4.57,0.9,42792.17,4
1998,0.61,0.609619141,1.61883831,29.49683571,18.86029389,96.62158203,77.32567527,-466.0392151,-420.0144043,-446.8679789,0,0,0,12.61058366,12965.7,483.2,91.537,191.544,57.7,0.477890197552521,14387.51,0.9,0.42,46.02,0.7,151.92,2
1999,1.83,0.30480957,0,7.908045769,2.094315085,-111.5568237,-112.1584946,-257.8608093,-255.7272034,-256.8434833,29.6344738,1,54.11512606,2.576910764,11536.4,430,100.391,150.647,172,0.666398932604035,12345.75,0.93,0.5,2.13,0.79,31385.13,1
2000,2.44,1.523986816,0.404825032,8.205123901,3.054315748,-72.84719849,-74.3766876,-296.5704041,-292.6080017,-294.5901155,0,0,71.23350932,12.36284046,25248.8,697,129.551,279.796,126.9,0.463019485625241,28022.23,0.9,0.51,3.96,0.65,19425.86,1
2001,13.41,9.144012451,0,21.91637993,11.62589762,78.02877808,68.81531614,-450.1896057,-426.7200012,-438.2217237,23.66215531,1,8.87330824,12.94024118,40203.7,780.7,192.151,268.024,141.2,0.7169171417485,42454.53,0.95,0.51,23.47,0.83,14.56,2
2002,4.57,3.04800415,0.286259741,9.441978455,4.208474728,13.41119385,9.171028301,-383.133606,-373.0751953,-378.1666746,12.69153408,1,33.75408,7.83094656,55045.7,979.9,211.305,378.093,43.1,0.558870436638605,59464.64,0.93,0.5,10.06,0.72,3116.87,2
2003,8.53,5.48638916,1.459274769,9.918569565,5.772933329,-32.918396,-37.08971688,-337.4136047,-328.2695923,-332.1241266,21.13459347,1,47.27474856,7.230255664,26725.7,600.6,174.722,198.901,78.9,0.87843701137752,27233.33,0.98,0.58,9.14,0.93,10422.31,1
2004,0.3,0.30480957,0.404825747,7.770389557,3.350262829,-56.99761963,-62.53956341,-311.8103943,-300.5328064,-306.379559,0,0,0,75.74995467,30415.1,796.2,158.886,288.33,4.2,0.551056081573197,36180.8,0.84,0.49,11.28,0.6,16266.34,1
2005,4.27,3.352783203,0.640067458,8.013290405,4.384638804,-36.57601929,-42.31403624,-333.1463928,-319.1256104,-326.7066725,10.85732468,1,16.44109166,31.02092767,47916.5,906.1,206.244,338.405,159.1,0.609459080096334,51858.36,0.92,0.46,14.02,0.74,11516.3,1
2006,0.91,0.609588623,0.404821485,8.875731468,3.761592872,-197.5104065,-201.4235745,-171.907196,-161.8488007,-167.5051872,0,0,0,58.38238792,38444.6,798.3,169.02,327.643,127.1,0.515866354538324,40350.07,0.95,0.44,10.06,0.76,70981.52,0
2007,7.01,5.48638916,0.905129611,9.533621788,6.032011163,-35.66162109,-40.25995099,-334.060791,-322.7832031,-328.8277778,22.23975223,1,14.00280696,11.53172338,36091.4,700.3,197.35,238.128,103.6,0.828755963179467,36643.86,0.98,0.47,11.28,0.93,11079.66,1
2008,13.11,10.3631897,0.640037656,17.60314941,10.54288745,-28.34640503,-35.37903579,-341.9855957,-327.9648132,-334.0385798,25.68599619,1,24.63758818,6.81465205,28355.6,623.5,154.454,215.706,90,0.716039424030857,28503.73,0.99,0.57,14.02,0.92,10075.95,1
2009,0.91,0.30480957,0.905103266,7.074262619,4.176278926,-82.29602051,-83.76842698,-287.1216125,-282.5495911,-285.3490756,0,0,41.87359841,35.43150635,9229.4,348,101.316,112.681,107.7,0.899140050230296,9300.24,0.99,0.4,4.57,0.96,22132.04,1
2010,0.61,0,0.28626129,4.649665833,2.461830353,-140.5128174,-141.0081124,-228.9048004,-226.7712097,-228.0475535,0,0,15.75626924,25.21003078,4716.9,248.3,69.771,80.994,89.6,0.861434180309653,4730.26,1,0.42,2.13,0.96,42439.34,1
2011,0.61,0,0,2.359192371,1.073261217,349.6056213,348.8884232,-718.4136353,-716.8895874,-717.7860861,1.479744127,0,97.66311229,0,10045.1,439.4,77.058,178.068,136.8,0.432744794123593,10878.27,0.92,0.44,1.52,0.66,80592.64,4
2012,8.84,0,0,3.72706461,2.265575618,19.50720215,16.87790626,-388.3152161,-382.2192078,-385.7721269,0,0,7.453663237,78.01500856,29913.1,684.9,145.429,259.549,45,0.560314237388701,31362.46,0.95,0.42,6.1,0.8,2315.74,2
2013,3.35,1.523986816,0.28626129,5.540724754,3.425552989,272.79599,271.6546895,-642.213623,-638.8607788,-640.7370246,43.43343686,1,24.5009131,3.341033604,13346.9,431.6,113.58,145.973,115,0.778089098668932,13665.39,0.98,0.45,3.35,0.9,42706.16,4
2014,12.19,9.448791504,0.640074968,22.02180481,8.977458225,79.85760498,72.32103564,-452.0184021,-429.7680054,-441.6830194,14.79358855,2,9.103746799,10.24171515,39186,893.4,203.019,290.059,131.1,0.699923119089565,45395.19,0.86,0.47,22.25,0.62,53.6,2
2015,0.61,0.609619141,0.572454095,22.31529999,10.46319746,211.835968,198.266653,-581.2536011,-550.1640015,-567.4751153,0,0,1.245825227,47.3413586,35793.5,848.7,132.743,362.299,140.4,0.366390743557117,37664.53,0.95,0.44,31.09,0.63,17760,3
2016,2.44,0,1.031954765,5.482039928,3.341530888,12.49679565,11.966704,-381.9143982,-380.3904114,-381.3048056,0,0,70.40880107,13.2016502,3377.8,210,57.385,70.486,3,0.814133303067276,3377.79,1,0.43,1.52,0.96,2812.53,2
2017,7.32,5.18157959,0.640038848,12.4475174,6.16801145,-35.05200195,-39.97530342,-334.9751892,-320.9544067,-329.1902039,15.9965347,2,13.95442389,7.487739646,43672.9,968.5,201.705,341.175,115.3,0.591206858650253,50203.03,0.87,0.42,14.02,0.59,11019.81,1
2018,0.3,0,0,19.12957954,9.481552894,103.327179,97.0117332,-472.744812,-455.6759949,-466.0188841,0,0,0,38.4266401,22435.5,629.8,127,251.382,108.5,0.505207214518144,23658.02,0.95,0.4,17.07,0.71,1024.75,2
2019,9.75,6.705596924,0.640052795,10.62166214,5.701946106,-39.31921387,-46.40962035,-330.4031982,-315.163208,-322.6593787,11.60196613,2,17.40294919,6.008161029,71745.8,1095.1,255.816,364.364,3.7,0.702089119671537,77200.42,0.93,0.51,15.24,0.75,12412.1,1
2020,13.11,10.66799927,0.286259741,23.51484871,8.471721946,150.5711975,126.0081123,-521.5128174,-477.6216125,-495.1351798,5.533226193,1,6.736101453,34.64280747,123571.8,2109.5,183.856,932.379,74.4,0.197190198406442,155260.01,0.8,0.6,43.89,0.35,3721.99,2
2021,1.22,0.304779053,0,3.616121531,1.941159629,9.448791504,8.856861059,-378.866394,-376.1231995,-377.8327367,1.423930241,0,75.46830273,12.81537217,10438.8,376.1,108.764,117.698,14.3,0.924093867355435,10649.01,0.98,0.39,2.74,0.93,3152.05,2
2022,1.22,0.914398193,0,11.88006687,4.617386762,-113.0808105,-117.4249514,-255.7272034,-243.2304077,-251.4977327,8.066961051,1,30.31221728,30.55667065,60805.6,1020.5,250.157,333.978,38.8,0.749022390696393,67646.75,0.9,0.34,12.5,0.74,33278.86,1
2023,3.35,3.352813721,0.404783756,23.56974411,7.153156491,125.8823853,94.60719103,-494.6903992,-444.0935974,-463.623394,2.595508987,1,4.564515803,24.88108615,166079.2,2594.9,423.981,901.809,59.9,0.470145008532849,256837.15,0.65,0.62,50.6,0.31,876.59,2
2024,7.62,5.486450195,2.083131552,13.76709366,8.670441405,163.6775818,157.5594266,-533.704834,-519.684021,-526.914233,24.82985344,1,12.71772981,12.71772981,24544.2,571.7,161.197,199.161,34.1,0.809380350570644,24794.02,0.99,0.49,14.02,0.95,8567.25,3
2025,2.44,2.43838501,0,10.13437748,4.11279616,-17.37359619,-24.70212392,-351.7391968,-336.8040161,-344.236179,1.405395558,2,20.76862324,7.339287911,95188.4,1592,179.062,693.191,116.3,0.25831552919758,104300.38,0.91,0.51,14.94,0.47,8046.47,2
2026,1.22,0.914398193,0,19.68573189,6.154277632,116.7384033,111.0906286,-485.8511963,-465.4295959,-480.0249624,5.336009727,1,27.74725059,29.88165448,55712.6,1079.5,220.341,388.698,104.3,0.566869394748622,60226.16,0.93,0.29,20.42,0.6,2124.35,2
2027,2.44,0.609558105,0,2.916784048,1.827570797,272.1863709,271.60729,-641.2991943,-639.7752075,-640.6042712,79.4420429,0,8.147901832,0,7297.2,310.1,93,99.318,25.2,0.936386153567329,7314.24,1,0.49,1.52,0.96,42686.57,4
2028,7.01,4.571990967,1.14482677,12.475523,7.229643131,-45.72000122,-49.44694159,-324.6119995,-314.8583984,-319.7705241,16.40590846,2,12.95203299,3.453875464,34428.9,772.8,138.975,317.029,135.2,0.43836683710323,36278.69,0.95,0.5,9.75,0.73,13098.1,1
2029,11.28,8.534393311,0.286233425,12.57667923,5.672060826,-40.84320068,-47.68514772,-328.8792114,-316.6871948,-321.3784129,11.89181535,2,26.34853206,8.860568302,63747.3,1155.7,221.152,449.276,19.4,0.492240849722665,71388.04,0.89,0.62,12.19,0.6,12697.94,1
2030,19.81,8.229614258,0,22.86395264,7.572117114,188.3663635,171.6697652,-558.6984253,-499.8720093,-540.637326,7.301744036,2,14.04571596,4.005817909,586280.9,7114.9,1014.6,1543.38,80,0.657388329510555,1200000,0.49,0.31,58.83,0.15,11378.44,3
2031,1.52,0,0.404800236,7.739667416,3.732465932,119.1767883,118.4228098,-488.5943909,-485.8511963,-487.6318761,21.71838089,1,78.72913074,0,5475.2,274,69.541,94.205,89.4,0.73818799426782,5481.32,1,0.36,2.74,0.92,2854,2
2032,2.13,1.219207764,0.905175626,8.416357994,4.601909037,-29.26080322,-32.11780212,-340.4616089,-332.8416138,-336.970627,0,0,19.98574363,55.29389069,22312.1,576.1,130.724,223.9,41.2,0.583849933005806,22864.01,0.98,0.46,7.62,0.85,9431.87,1
2033,2.13,1.219207764,0.858746946,5.240408421,3.121965038,-22.86001587,-24.07066559,-346.5576172,-342.8999939,-344.9680857,25.16042651,1,54.98019126,8.386808835,15950.9,475.7,120.123,176.859,76.3,0.679202076230217,16382.06,0.97,0.45,3.66,0.89,7933.58,2
2034,9.45,7.619995117,0.640016675,15.13289833,7.787604251,60.95999146,51.15461333,-432.5112,-405.6888123,-420.2514131,4.27080691,2,26.5145929,10.49906699,83529.8,1212.9,251.623,411.597,0.5,0.611333415938406,88783.85,0.94,0.46,26.82,0.72,191.69,2
2035,0.61,0,0,2.55869031,1.247470021,-134.1120148,-134.7067449,-234.6959991,-233.1719971,-234.1867616,44.63636874,0,48.25553378,2.41277669,12321.2,423.7,104.612,158.904,161.6,0.658334591954891,12555.6,0.98,0.36,1.52,0.86,39882.78,1
2036,5.18,3.657592773,0.404820502,13.93138886,7.345852688,29.56558228,25.77807517,-399.592804,-388.9248047,-395.0832635,18.03078995,1,17.21120859,22.12869676,18136.3,495.3,128.704,167.11,104,0.77017533361259,18299.07,0.99,0.43,10.67,0.93,1538.36,2
2037,1.52,0,0.640095234,7.811701775,3.787829248,-44.1960144,-44.94904911,-325.2216187,-322.1736145,-324.2892752,0,0,56.45155275,34.49817111,4739.5,251.8,69.494,82.788,92,0.839421172150553,4740.03,1,0.32,3.05,0.94,12088.79,1
2038,1.22,0.30480957,0.404842228,21.96429634,6.863883734,150.8760071,148.1137409,-519.9888306,-506.2727966,-517.0741577,0,0,31.65237428,10.55079143,14088.2,479.1,101.392,195.414,120.8,0.518857400186271,14486.16,0.97,0.21,13.72,0.77,6907.89,3
2039,2.74,1.523986816,1.430991411,16.43325233,8.955685684,118.2623901,113.8655645,-488.5943909,-474.878418,-483.1920885,0,0,0,68.47620514,12590.1,417.7,118.147,129.601,90,0.911621052306695,12888.63,0.98,0.4,13.72,0.91,2387.84,2
2040,4.27,0,0,2.944730759,1.647168242,356.9208069,355.1240793,-725.7288208,-721.4616089,-723.9842304,0,0,51.67385689,40.41160602,22436.9,638.1,131.648,219.665,18.7,0.599312589625111,24403.32,0.92,0.42,4.27,0.69,84171.98,4
2041,18.29,0.30480957,0,3.454759121,1.653478531,28.95599365,28.24855625,-397.7640076,-396.2399902,-397.2108516,37.16746195,1,35.92854654,2.477830797,11997.7,409.9,113.399,131.288,43.5,0.863742306989215,12377.25,0.97,0.39,1.52,0.9,1350.67,2
2042,14.63,12.80160522,4.370464802,21.71227264,12.84762572,83.81997681,73.20362379,-456.285614,-431.5968018,-442.896058,21.36572979,1,12.93188909,17.42993746,26436.6,586.7,174.574,192.143,44.7,0.908562893261789,26573.85,0.99,0.54,24.69,0.97,67.3,2
2043,0.61,0,0.404802442,6.043323994,2.792902867,-56.38800049,-57.13307275,-312.7247925,-309.9815979,-311.9458745,0,0,45.29539688,45.29539687,5250.6,266.1,69.644,93.415,0.6,0.745533372584703,5263.87,1,0.29,2.74,0.93,14916.49,1
2044,10.97,9.448791504,0,29.7849884,9.799605219,158.1911926,131.3914062,-528.2183838,-452.9328003,-500.3846603,5.182776603,1,44.18317054,11.72603206,229439.1,3303.4,337.798,1160.819,76.5,0.290999716579415,316359.65,0.73,0.37,75.29,0.26,4407.82,3
2045,0.3,0,0.404824167,15.13817692,4.828047629,-123.7488098,-125.2884404,-245.3639984,-238.6584015,-243.8400022,0,0,23.40045011,75.40145035,5716.9,306.5,72.771,112.108,14,0.649115138973133,6193.89,0.92,0.23,6.71,0.77,36209.69,1
2046,3.66,2.43838501,0.640096962,17.24496841,8.311622969,110.0328064,107.1517058,-480.0599976,-469.6968079,-476.4495773,0,0,7.102043012,21.30612904,12557.6,412.4,105.873,153.954,89.2,0.687692427608247,12612.15,1,0.35,10.36,0.93,1776.77,2
2047,10.36,7.924804688,0.286239117,9.29466629,5.889252851,-3.962402344,-12.93585343,-366.0648193,-344.4240112,-356.1307455,9.709160443,1,14.3839414,11.68695239,82670.8,1392.8,280.25,436.74,25,0.64168612904703,95885.54,0.86,0.46,21.64,0.54,6074,2
2048,7.32,6.096008301,0,16.68733597,8.058143549,128.9303894,123.8287089,-499.8720093,-487.9848022,-493.1719811,26.15778527,1,29.19938821,4.258244113,24434.7,583.8,146.45,215.217,76.4,0.68047598470381,24905.64,0.98,0.57,11.89,0.9,3460.82,2
2049,5.49,1.828796387,0,12.77945042,3.69553345,-107.8992004,-111.8600711,-261.2135925,-242.6208038,-257.0406913,31.32527311,0,15.2837018,7.326071937,117678.4,1891.6,417.198,570.402,68.2,0.731410478925389,175578.87,0.67,0.23,18.59,0.41,31279.48,1
2050,8.23,6.705596924,0.640031159,11.60675621,5.716422577,-46.02481079,-51.77123799,-323.3927917,-313.0296021,-317.3054141,15.25051839,1,35.58454291,5.648340145,52631.9,877.4,208.798,315.725,65.7,0.661328687940455,54735.64,0.96,0.59,10.36,0.86,13635.52,1
2051,7.62,4.876800537,2.288861513,14.18952942,8.4666696,18.89758301,14.02816453,-389.8392029,-377.9519959,-383.5121458,22.92136832,1,9.823443563,17.19102624,18157.6,492.7,130.217,167.088,90,0.779331849085512,18298.91,0.99,0.54,11.89,0.94,2598.13,2
2052,1.83,0,0.640103936,5.853283405,3.61781294,-57.91201782,-58.98642807,-311.5056152,-308.4576111,-310.3016472,0,0,56.63545618,39.39857823,6036.4,287.7,79.051,94.135,76.2,0.839762043873161,6190.2,0.98,0.41,3.05,0.92,15372.63,1
2053,11.58,7.010406494,1.180085659,19.98757935,10.57231199,98.45037842,87.08320112,-469.0872192,-438.3023987,-456.3538662,4.977359911,3,6.532784884,9.332549833,95563.2,1733.7,180.744,752.644,140.1,0.240145407390479,112921.2,0.85,0.41,30.78,0.4,487.67,2
2054,0.61,0.30480957,1.032037973,12.39851475,5.401832952,85.64880371,84.41507903,-455.0664063,-450.1896057,-453.6149793,0,0,47.31108756,11.8277719,6283.6,298.6,70.374,113.156,71.8,0.621920180989077,6364.41,0.99,0.3,4.88,0.89,376.95,2
2055,9.45,0,0.905202687,14.60511875,3.782128378,19.8119812,14.6598214,-388.6199951,-379.1712036,-383.5666325,0,0,1.375199348,81.13676155,21617.4,634.1,121.054,240.71,95,0.502903909268414,23569.13,0.92,0.54,9.45,0.68,2534.13,2
2056,5.49,3.657592773,0.858701289,10.6515789,5.037833101,-3.04800415,-7.667968003,-366.3695984,-354.1776123,-361.3393385,23.49047699,1,21.76323603,29.01764804,43028.6,777.7,220.899,250.23,135.9,0.882783838868241,44479.26,0.97,0.42,12.19,0.9,5280.63,2
2057,3.96,3.04800415,0,15.85874748,4.58155532,122.8343811,111.0849655,-491.9472046,-462.0768127,-479.9881039,8.043458903,1,51.69750404,22.30231787,203277.7,1904.7,375.801,724.63,78.7,0.518610877275299,217351.06,0.94,0.4,29.87,0.71,2123.82,2
2058,3.35,2.438415527,1.459382415,12.41094589,7.05501931,37.18557739,34.02850695,-407.5176086,-397.7640076,-403.3081572,3.189996192,0,25.51996952,30.83662984,13978.8,429.8,129.254,130.451,179.9,0.990824140865152,14073.52,0.99,0.44,9.75,0.95,959.23,2
2059,5.49,1.523986816,0.57250607,10.0881424,6.155072294,96.31680298,94.53092419,-466.6488037,-460.857605,-463.9700017,1.48149356,0,17.77792273,2.962987121,10033.2,365.3,101.221,128.262,18.4,0.789173722536683,10099.35,0.99,0.47,5.79,0.95,872.08,2
2060,4.88,3.657592773,0.286274523,12.47270775,6.423013606,168.5544128,162.8931795,-538.8864136,-523.9512329,-532.0553002,13.92509757,1,9.44917335,23.37427091,29888.2,658.4,166.893,227.564,0.2,0.73338928828813,30753.11,0.97,0.46,14.94,0.87,9583.07,3
2061,3.96,3.962402344,0,11.43838882,4.614338734,64.61758423,58.29909694,-433.7304077,-418.1856079,-427.2794088,10.41454721,2,30.7973039,6.248728328,99907.4,2071.4,294.155,761.237,86.7,0.386417107944044,165737.69,0.6,0.42,15.54,0.29,44.9,2
2062,8.23,5.48638916,0.286246628,8.477732658,4.820693812,-53.64480591,-58.70741314,-316.0776062,-305.7144165,-310.3824367,14.15871796,1,51.45485309,7.597360858,43042.7,899.8,185.37,342.859,63.4,0.540659571427321,49453.18,0.87,0.55,10.36,0.67,15303.52,1
2063,21.64,17.98321533,0.286268026,23.70067406,9.223022178,113.6903992,70.64200984,-483.7176209,-392.5823975,-439.6290669,2.512352593,6,24.51004448,5.024705186,508812.5,5938.5,570,2042.366,76.3,0.279088077259414,913466.88,0.56,0.48,91.14,0.18,31.83,2
2064,6.1,3.657623291,1.03207159,11.46905899,6.372540202,-108.8135986,-114.9829174,-260.9088135,-246.5832062,-254.1581901,20.2710601,1,13.93635382,40.54212021,35196.9,696.2,199.901,229.356,126.8,0.871575193149514,35939.57,0.98,0.47,14.33,0.91,32393.85,1
2065,1.52,0.30480957,1.214353085,8.142252922,5.18231038,76.80960083,74.88484135,-446.5320129,-439.826416,-444.1218301,0,0,7.718320755,36.66202361,7703.3,323.2,81.703,117.39,90,0.695996251810205,7722.91,1,0.36,6.71,0.93,97.71,2
2066,5.18,2.74319458,0,8.543028831,3.656260837,-22.25039673,-27.46497352,-347.1672058,-334.6704102,-341.5059506,9.600956008,2,42.96821296,11.96184683,94439.8,1871.9,427.891,574.508,58,0.744795546798304,150208.63,0.63,0.46,12.5,0.34,8549.77,2
2067,7.32,5.486419678,1.180158377,10.99804783,5.895738926,-32.30880737,-37.45775168,-337.7184143,-327.050415,-331.723486,19.6997931,1,10.36831216,25.40236479,28672.3,661.8,154.493,239.314,89.9,0.645566076368286,29326.59,0.98,0.57,10.67,0.82,10497.59,1
2068,13.11,6.400817871,0,25.68376541,6.917183299,96.62158203,80.49035529,-466.0392151,-388.6199951,-449.4911382,9.183826982,4,7.944739215,7.434526604,407865.3,5875.1,1024.497,1330.866,159.5,0.769797259829314,930571.46,0.44,0.21,77.42,0.15,239.95,2
2069,3.66,1.828796387,0.809658706,5.880866528,3.96250547,-45.41522217,-48.210769,-324.0024109,-316.6871948,-320.8552961,26.20561255,0,17.47040836,16.22252205,23822.9,585.7,141.317,203.933,0.4,0.692957981297779,24325.9,0.98,0.44,7.32,0.87,12816.68,1
2070,3.05,1.219207764,0.640070677,6.050124645,3.809928162,-53.64480591,-55.40957795,-316.0776062,-310.591217,-313.6955528,22.9814559,1,15.3209706,9.362815365,17463.3,522.6,111.158,212.709,135.8,0.522582495334001,18041.32,0.97,0.44,5.49,0.81,14498.47,1
2071,10.06,7.315216064,3.145780802,21.00379562,10.82045375,7.924804688,-0.146901694,-378.561615,-359.3591919,-369.3625203,26.54203769,1,6.635509421,16.28715949,24641,591.1,151.39,205.497,71.8,0.736701752337017,25475.38,0.97,0.48,19.2,0.89,4244.12,2
2072,7.32,5.181610107,0.404809415,8.263733864,4.828489415,6.705596924,2.222928365,-376.1231995,-365.7600098,-371.2385207,18.71965466,1,20.73561747,11.80778217,51612.6,875.5,204.878,341.213,18.5,0.600440194248168,52684.48,0.98,0.48,10.36,0.85,3940.96,2
2073,4.27,3.657592773,0.286275804,11.04040241,5.328981954,56.38800049,53.32941172,-426.7200012,-415.4424133,-422.4348155,15.0003239,2,10.46534225,9.418808031,42609.6,907.5,168.858,357.318,56.8,0.472570651352577,47758.32,0.89,0.38,11.28,0.65,136.2,2
2074,9.45,0,1.740769863,14.65649414,7.406230033,154.8384094,146.0968867,-523.6464233,-505.0536194,-515.0729309,0,0,0,22.29153808,23338.2,669.3,109.606,278.382,29.8,0.393725169012364,24825.32,0.94,0.46,18.59,0.66,6576.71,3
2075,9.45,0,1.740769863,14.65649414,7.406230033,154.8384094,146.0968867,-523.6464233,-505.0536194,-515.0729309,0,0,0,22.29153808,23338.2,669.3,109.606,278.382,29.8,0.393725169012364,5100000,0,0.46,18.59,0.66,6576.71,3
2076,21.95,19.81201172,3.197314024,26.07665062,15.41528938,161.2391663,145.5288655,-533.4000244,-500.7864075,-515.1987657,17.33260374,1,22.60774402,10.17348481,39448.8,726.5,215.532,227.628,90,0.946860667404713,40047.11,0.99,0.56,32.61,0.94,6484.9,3
2077,3.35,1.828796387,1.280029297,11.59034634,6.282188782,126.4920044,123.8975608,-496.5191956,-488.5943909,-493.2208328,14.29980186,1,26.2163034,22.64135294,12473.6,407.5,109.663,146.003,25.7,0.751101004773875,12507.56,1,0.42,7.92,0.95,3468.92,2
2078,9.75,7.924804688,3.638842821,17.0271759,10.6613525,153.3144226,146.9184311,-524.2559814,-509.9304199,-516.5295681,27.31453335,1,20.88758433,6.426949027,18502.3,495.2,142.544,153.455,0.1,0.928897722459353,18645.54,0.99,0.54,14.33,0.95,6710.63,3
2079,8.84,7.010375977,1.144906163,22.65714264,9.986254785,12.19198608,6.715616527,-383.7431946,-366.9792175,-376.1613039,24.11575021,1,23.44586826,10.7181112,22189.2,580.7,163.302,190.581,32.1,0.856864010578179,23689.22,0.94,0.45,16.76,0.83,3397.07,2
2080,1.22,0,0.404812336,4.041797161,2.363336807,-57.30239868,-58.17870543,-311.8103943,-309.6768188,-310.8282746,0,0,72.54862511,12.31957785,10858.9,398.1,96.574,149.379,166.1,0.64650318987274,11161.95,0.97,0.48,2.13,0.86,15172.99,1
2081,1.83,0,0,2.306751251,1.047280091,-120.3960114,-120.8722597,-248.4120026,-247.1928101,-247.998347,60.36463182,0,23.9683097,0.887715173,16744.3,523.4,107.866,206.514,79.1,0.522318099499308,17640.29,0.95,0.37,1.22,0.77,34548.5,1
2082,6.1,3.962402344,0,9.677785873,3.990055608,-31.69921875,-34.9945537,-337.7184143,-330.7080078,-333.9578026,18.25758179,1,26.92993314,1.597538407,65130.8,1203.8,258.801,412.571,162.5,0.627288393997639,79439.63,0.82,0.54,7.01,0.57,9998.91,1
2083,3.35,2.74319458,0,8.146920204,2.851383079,-28.95602417,-36.67179741,-340.1567993,-322.4783936,-332.2155217,9.945918487,3,29.36786955,5.247059359,189801.1,3384,196.952,1554.306,115.9,0.126713787375202,259583.85,0.73,0.45,17.68,0.21,10337.15,1
2084,8.53,0,1.431051493,6.89638567,3.852718122,-40.84320068,-43.93895014,-328.2695923,-321.5639954,-324.986577,0,0,14.70678116,82.11286151,12128.4,445.2,81.486,178.451,0,0.456629550969174,12255.14,0.99,0.5,6.71,0.77,11867.69,1
2085,7.32,4.571990967,1.740810752,14.6053381,8.761248503,124.0535889,117.2844139,-494.0808105,-478.2312012,-486.6291,21.66904266,1,8.048501561,15.47788761,24008.7,576.2,142.312,203.549,0.1,0.699153520773868,24279.13,0.99,0.47,15.85,0.91,2733.66,2
2086,0.3,0,0,6.169112682,4.07053567,77.72399902,74.88325521,-446.5320129,-440.1311951,-443.9147904,0,0,0,0,11194.9,391.4,112.577,129.738,78.7,0.867725724151752,11491.6,0.97,0.42,6.4,0.92,97.68,2
2087,1.22,0.30480957,0.905229747,22.77337265,13.22243091,55.77838135,38.62539319,-425.1960144,-373.9895935,-407.7988293,0,0,3.829422439,30.08831916,27170.9,738.7,120.206,301.227,45.5,0.399054533624144,30389.29,0.89,0.34,51.21,0.63,695.62,2
2088,2.74,0.30480957,0.80967778,14.21379375,4.496766202,-59.43600464,-60.09765104,-310.2864075,-306.3240051,-309.1118082,37.44329771,1,34.94707787,0,5954.7,295.2,66.515,113.208,108.7,0.587546816479401,6038.7,0.99,0.3,3.96,0.86,15649.42,1
2089,1.22,1.219207764,0.404836267,13.85560036,6.873497424,87.17279053,83.67240536,-457.2000122,-447.1416016,-452.7948435,0,0,4.201281618,49.36505899,14152,459.5,123.06,157.594,50.6,0.780867291901976,14801.44,0.96,0.44,10.06,0.84,348.66,2
2090,3.35,2.74319458,0.572487772,10.30780792,4.411242584,86.5632019,83.47514521,-455.9808044,-447.4464111,-452.4756049,20.69972799,1,20.69972799,16.63370999,40212.7,739,215.558,239.198,179.9,0.901169742221925,40773.48,0.99,0.42,8.53,0.93,341.33,2
2091,11.58,6.400817871,0.640117824,11.3569479,6.767007903,21.33599854,15.28392592,-391.0584106,-375.5136108,-384.3729416,20.91089934,1,33.94232937,9.091695367,49047.4,799.9,239.699,269.941,127.1,0.887968111550302,49450.65,0.99,0.43,15.54,0.97,2471.69,2
2092,1.52,1.523986816,0,8.75022316,4.224259908,101.4983826,99.29319528,-471.2207947,-462.9912109,-468.3057736,3.346880349,1,27.44441885,13.38752139,22206,596,140.972,235.178,54.7,0.599426817134256,23127.96,0.96,0.36,8.23,0.79,1176.02,2
2093,9.14,6.705596924,0,11.19826126,5.398572759,6.705596924,-1.42417929,-376.428009,-356.0064087,-367.5978315,7.503120093,2,48.50854386,7.154137763,85185.6,1335.3,216.071,535.623,20.6,0.403401272910237,96147.97,0.89,0.43,20.42,0.6,4412.17,2
2094,1.83,0,0.286282033,1.717193723,0.985227008,-59.74081421,-59.78653564,-309.3720093,-308.7623901,-309.1586426,0,0,82.77511257,15.52033361,2873.2,193.1,53.922,65.673,114.8,0.82106801882052,2874,1,0.42,0.61,0.97,15571.68,1
2095,7.01,3.962341309,0,12.83652306,4.090114493,244.754364,215.865838,-613.5623779,-544.0679932,-584.7483438,4.957412387,1,21.00658918,47.68388749,416773.1,4693.7,434.066,1769.751,83.4,0.245269532267534,599698.4,0.69,0.42,69.49,0.24,22760.5,3
2096,14.63,11.58239746,2.179149389,20.80794334,9.710240941,18.89758301,6.708288502,-389.5343933,-363.0168152,-375.9505748,12.17774243,1,34.75111863,11.58370621,50044.6,857.7,218.594,287.526,174.9,0.760258202736448,51401.99,0.97,0.51,26.52,0.86,3397.92,2
2097,4.27,3.352813721,0.286280215,10.38352585,5.050230102,-42.06240845,-50.66623603,-327.9648132,-306.9335938,-318.3365112,5.55564628,1,27.59304319,22.96333796,80265.1,1372,222.392,565.963,121.2,0.392944415094273,94052.92,0.85,0.46,21.03,0.54,13378.68,1
2098,3.05,1.523986816,0.28625232,6.279292107,3.230263719,53.33999634,50.63313235,-422.7575989,-416.052002,-419.6076143,18.13409521,1,29.32321778,16.97659977,38524.9,735,191.163,252.338,90,0.757567231253319,39163.45,0.98,0.48,6.71,0.9,206.41,2
2099,9.14,7.315216064,0.286281765,15.28820992,8.395863269,145.999176,140.44324,-518.1600342,-504.1392212,-509.9344962,22.79046857,1,8.043694792,10.05461848,22175.1,547.2,161.416,180.952,47.4,0.892037667447721,22610.26,0.98,0.59,14.02,0.93,5691.68,3
2100,1.52,0,0,1.459407091,0.828504785,349.6056213,349.5235572,-718.7183838,-718.1088257,-718.4839524,44.87209805,0,53.03066132,0,3643.8,230.1,62.308,82.099,122.6,0.758937380479665,3748.87,0.97,0.46,0.61,0.87,80953.65,4
2101,1.22,0.914398193,0,8.416730881,2.294888908,-113.0808105,-115.4218309,-255.7272034,-249.3264008,-253.4470457,7.82886392,2,65.66659329,3.994318326,93033,1389.7,222.556,575.639,151.2,0.386624255827003,101924.11,0.91,0.36,6.4,0.61,32552.04,1
2102,21.03,6.705596924,0.28627038,19.8781929,4.631052426,-29.56561279,-38.92739604,-341.0711975,-313.9440002,-330.0033122,24.03645149,0,13.97084366,8.800531438,270240.8,3721.6,755.97,951.78,64.3,0.794269684170712,510406.36,0.53,0.41,27.13,0.25,10800.9,1
2103,6.71,4.267211914,0,30.74017143,6.830809359,-81.38162231,-100.8815306,-288.0360107,-229.20961,-268.0674195,5.677010839,6,56.08742987,4.096071112,413692.1,6319.7,413.082,2242.032,1.1,0.184244471086943,722677.94,0.57,0.34,58.83,0.13,27516.68,1
2104,3.96,1.828826904,0.404860914,5.107437134,2.362874822,64.00799561,62.5861214,-433.1208191,-429.7680054,-431.5122259,0,0,0,23.93364839,27947.5,643.6,142.267,252.574,180,0.563268586632036,28325.17,0.99,0.49,3.35,0.85,5.83,2
2105,3.35,1.219207764,0.404836625,4.579586506,2.09292231,-132.2832184,-134.1948955,-236.8296051,-231.3432007,-234.6968937,28.90546639,0,41.8834309,17.40227059,50394.8,865.3,227.838,295.883,73.4,0.770027341888517,52611.07,0.96,0.4,5.49,0.85,39678.61,1
2106,0.91,0.609619141,0.640126526,16.34442329,7.50225453,49.68240356,46.67503153,-419.4048157,-406.2984009,-415.750591,0,0,0,57.289077,13491.8,438.5,113.002,151.742,17.6,0.744698237798368,13797.38,0.98,0.28,13.11,0.88,335.8,2
2107,0.91,0,0,6.896537781,2.376213979,-48.15841675,-49.16130017,-320.9544067,-317.9064026,-319.7843653,0,0,49.18159797,42.62405158,9066.9,393.6,77.116,151.736,9.8,0.508224811514736,9704.77,0.93,0.4,3.05,0.74,13032.8,1
2108,13.72,9.753601074,0,15.57906055,6.464129333,59.13119507,37.02811896,-429.1584167,-369.7224121,-405.9787425,2.569277979,4,31.10383493,10.19925501,381832.4,4644.2,713.406,1396.421,90.3,0.510881746980316,711871.54,0.54,0.39,59.44,0.22,782.43,2
2109,0.3,0,0,4.995108128,2.666237037,268.2239685,263.0631595,-637.0319824,-623.0112305,-631.9533928,9.937996009,0,42.78859392,28.98582169,53844.8,1058.5,173.762,425.98,176.6,0.407911169538476,58783.95,0.92,0.36,14.02,0.61,39229.02,4
2110,3.96,1.828796387,0.640093267,8.201114655,4.1618541,-54.86401367,-56.87320216,-314.5535889,-308.7623901,-312.1628937,29.59534441,0,23.54175123,8.74407903,22098.8,549.8,158.388,184.986,76.1,0.856216146086731,22613.23,0.98,0.42,5.79,0.92,14853.08,1
2111,6.71,3.352783203,0.286278933,17.34620285,4.622882115,-55.77841187,-59.69766808,-314.2488098,-304.1903992,-309.2819716,8.747685411,3,23.94103375,2.608958806,96854.9,2080,427.146,513.153,122.4,0.832395016690928,169625.14,0.57,0.5,10.06,0.28,15549.51,1
2112,2.44,0.304779053,0,2.944831371,1.387476932,-46.63439941,-46.94646636,-322.4783936,-321.5639954,-322.0284649,78.09574349,0,7.099613048,0,6281,309.2,69.329,117.466,0.2,0.590204825226023,6430.78,0.98,0.55,0.91,0.83,12532.01,1
2113,2.13,0.30480957,0,8.773056984,4.517475859,2.43838501,0.83521895,-371.5512085,-366.3695984,-369.9599082,27.42176681,1,37.86815418,14.36378262,11383.2,411.5,103.665,140.009,25.8,0.740416687498661,11772.81,0.97,0.31,5.18,0.85,4117.12,2
2114,1.52,0.304779053,1.832479119,10.48906422,5.35581379,45.72000122,44.94413896,-415.7471924,-413.0039978,-414.4725883,0,0,30.94646837,22.10462027,3362.2,210.1,57.379,69.76,89.9,0.822520068807339,3363.23,1,0.48,2.74,0.96,402.24,2
2115,0.61,0,0.286286682,7.298168182,3.69558816,78.63839722,77.68194791,-447.7512207,-444.7032166,-446.8473195,3.521067869,0,63.37922168,31.68961084,4221.5,234.8,69.661,69.918,89.7,0.996324265568237,4223.12,1,0.31,3.05,0.96,160.83,2
2116,12.8,12.80160522,0,23.18053627,7.774607898,69.49438477,55.66441321,-439.826416,-411.1752014,-424.7893601,5.201344555,2,23.34556975,10.64461211,122883.3,1947.3,270.236,788.391,37.2,0.342769006749189,159512.81,0.77,0.53,28.65,0.41,87.15,2
2117,2.44,1.524002075,0,10.25826359,3.390309505,-121.0056152,-123.1581623,-248.1072083,-236.8296051,-245.771456,16.59211557,2,39.66552629,8.555309592,57334.8,1292.8,222.416,468.668,27.8,0.474570484863485,76738.22,0.75,0.21,11.28,0.43,35403.49,1
2118,1.52,1.523986816,0,8.478157043,2.077788112,7.924804688,5.931378408,-377.0375977,-370.6368103,-374.8774544,8.440628371,2,81.24104808,1.758464245,42264.6,1152,156.562,465.595,137.9,0.336262202128459,57689.01,0.73,0.34,6.4,0.4,3489.1,2
2119,2.44,0.609588623,0.404827356,3.727349758,2.664771394,-66.14160156,-66.86204529,-303.276001,-301.4472046,-302.2992568,49.6176369,1,22.55347132,2.255347132,6590.6,294.1,81.764,94.212,90.8,0.867872457860994,6592.35,1,0.56,1.83,0.96,17387.6,1
2120,5.79,4.267211914,0.2862854,14.24314785,7.453487693,-35.66162109,-42.35697356,-333.4512024,-316.9920044,-326.7547027,10.85984083,1,26.58788616,14.60461353,39693,745.3,216.607,243.739,133.7,0.888684207287303,40716.62,0.97,0.41,16.46,0.9,11525.52,1
2121,4.88,3.352813721,0.640134037,6.050345421,3.9261567,2.133575439,-0.924816448,-371.5512085,-364.540802,-368.1062211,18.91078847,1,45.57984912,8.728056216,30654.5,652.2,184.98,214.997,33.5,0.860384098382768,31267.9,0.98,0.5,7.01,0.91,4346.08,2
2122,4.27,2.43838501,1.81001246,10.77250957,7.221437346,-3.962402344,-7.510951891,-366.3695984,-356.3112183,-361.8087895,18.77219462,1,13.14053624,22.52663354,15836.3,458,130.309,142.324,89.9,0.915579944352323,15910.28,1,0.46,10.06,0.95,5257.84,2
2123,4.27,2.43838501,0.809633851,6.500164509,4.310418389,8.534393311,6.127960418,-377.9519959,-372.7704163,-375.2215913,18.95071945,1,42.11270988,4.913149485,21177.7,537.4,142.399,178.99,90.1,0.795569584893011,21392.47,0.99,0.54,5.18,0.92,3465.92,2
2124,8.23,8.229614258,0,15.13153934,6.451118642,37.18557739,6.843784984,-406.90802,-343.509613,-375.785258,2.185263804,2,46.30285381,7.751501797,360505.5,4502.3,292.202,2041.584,91.7,0.143125142046568,507496.24,0.71,0.49,63.4,0.22,3382.15,2
2125,0.91,0.30480957,0,3.536554575,1.335296364,266.0904236,265.4830132,-634.8984375,-633.3743896,-634.3705427,53.81193838,0,34.64604252,0.737149841,20164.3,606.3,109.651,249.448,23.2,0.439574580674128,21440.2,0.94,0.37,1.52,0.69,40193.44,4
2126,6.71,5.181610107,0.286274433,18.53943825,8.623024496,-116.1288147,-132.1117802,-253.898407,-200.2536011,-236.8363017,17.85492184,0,14.64504825,14.04319696,148184.2,2422.4,392.977,610.614,153.5,0.643576793195046,174292,0.85,0.32,53.64,0.32,38853.05,1
2127,9.45,3.657623291,0.286285669,12.39891624,5.62072431,-42.67199707,-47.60076375,-327.9648132,-311.8103943,-321.3921214,19.7402028,2,16.04779076,14.0595689,104665.4,1491.3,265.044,526.688,114.5,0.503227717358284,121975.46,0.86,0.41,16.15,0.59,12678.93,1
2128,13.41,8.839202881,0,13.93206406,6.481885642,19.50720215,10.09582699,-389.2296143,-365.4552002,-379.1248278,8.665665288,2,18.25320986,19.17508915,161237.4,2366.2,457.121,585.338,70.7,0.780952201975611,205150.83,0.79,0.43,23.77,0.36,3014.47,2
2129,0.91,0.30480957,1.619019866,13.01784515,6.124491325,32.918396,31.60484895,-402.6408081,-398.6784058,-401.1095501,0,0,0,51.88858732,6302.2,305.8,75.502,117.471,46.8,0.642728843714619,6491.36,0.97,0.4,3.96,0.85,1115.24,2
2130,1.22,0,0.905157983,15.85750675,8.90523364,-20.11682129,-37.52565006,-348.6911926,-309.3720093,-331.4591845,0,0,9.146529639,40.85449905,73130.1,1116.2,272.663,395.125,98.2,0.690067700094907,80479.48,0.91,0.44,39.32,0.74,10511.51,1
2131,10.67,10.66799927,0,19.53933907,6.466113405,98.14559937,88.34685324,-469.0872192,-441.6552124,-457.4117363,7.573170817,1,18.63000021,13.02585381,98136.9,1518.4,249.854,618.182,73.1,0.404175469360156,114891.77,0.85,0.43,27.43,0.54,545.08,2
2132,3.66,1.219177246,0.809614301,5.107607365,2.974402077,-56.69281006,-58.87085899,-312.7247925,-305.7144165,-310.0879676,15.48648256,1,19.61621123,40.26485464,28794.4,667.9,165.775,229.921,54.9,0.721008520317848,30114.99,0.96,0.38,7.01,0.81,15343.99,1
2133,10.06,7.619995117,0,16.60336304,5.133092599,12.49679565,-20.18797952,-382.2192078,-327.3551941,-348.7513161,4.81031451,5,14.54026886,2.514482585,543849.9,7623.3,540.866,3254.789,119.6,0.166175441787471,1400000,0.39,0.61,54.86,0.12,7256.99,2
2134,1.83,0.914398193,1.03206408,6.896698475,3.670947066,-35.35681152,-36.8127146,-334.060791,-329.7936096,-332.2482193,1.055569406,0,52.77847032,5.277847034,14081.6,441.7,119.16,153.218,117.8,0.777715412027308,14307.54,0.98,0.43,4.27,0.91,10365.83,1
2135,3.96,2.43838501,0.286261916,12.65693188,8.051115599,-15.24002075,-18.66175225,-355.3967896,-344.4240112,-350.8248055,1.184997117,0,34.36491638,27.25493368,12543.6,408.2,118.14,128.522,0.6,0.919220055710307,12642.5,0.99,0.42,10.97,0.95,6999.29,2
2136,17.37,8.839202881,0,15.28850079,9.476421365,27.43197632,16.78378901,-396.8496094,-370.9415894,-385.8554419,21.69921041,1,25.97070852,14.35223365,86996.1,1086.9,324.243,325.245,90,0.99691924549186,88346.65,0.98,0.43,25.91,0.93,2324.8,2
2137,13.41,13.41119385,1.45946157,33.20747757,14.400397,55.77838135,26.37920066,-426.1104126,-355.0920105,-395.6246853,11.53825102,1,10.21418943,4.728791403,78583.2,1632.8,371.76,421.386,165,0.882231493215247,116045.94,0.68,0.43,71.02,0.37,1491.57,2
2138,4.57,0.30480957,0.286291361,6.62901783,2.549674401,82.90557861,82.05604066,-452.0184021,-448.0559998,-451.0099685,30.58191462,0,60.07161801,3.276633708,13609.2,438.7,108.226,164.233,24.6,0.65897840263528,13844.1,0.98,0.26,3.96,0.89,290.91,2
2139,6.71,3.657592773,0,17.45676613,5.466817502,-15.24002075,-21.77233786,-354.1776123,-320.9544067,-347.1233202,12.69072888,3,14.6336092,4.712518217,359576.8,3936.1,430.004,1585.702,134.6,0.271175794695346,544263.83,0.66,0.21,33.22,0.29,7529.44,2
2140,0.3,0.30480957,0,2.461112738,0.906183275,265.1759949,264.8043777,-634.2888184,-633.0695801,-633.6708483,41.99821855,0,48.77212476,0,10971.6,401.3,105.72,141.6,0.1,0.746610169491525,11475.94,0.96,0.55,1.22,0.86,39921.79,4
2141,31.39,11.58239746,0.286278933,16.93081856,6.566791477,40.84320068,23.0836517,-410.8703918,-372.1607971,-392.0693273,4.897956052,3,40.66787752,8.855900335,300441.7,3694.5,637.461,1172.305,62.5,0.543767193691062,525519.31,0.57,0.49,38.71,0.28,1756.98,2
2142,3.05,1.524017334,1.619031549,10.75449371,5.996887172,80.16238403,77.12109174,-450.4944153,-441.6552124,-446.4348741,0,0,23.7596651,32.39954332,13763.3,454,105.166,170.46,51.2,0.616954124134694,14219.77,0.97,0.46,8.84,0.84,146.92,2
2143,3.05,1.524017334,1.619031549,10.75449371,5.996887172,80.16238403,77.12109174,-450.4944153,-441.6552124,-446.4348741,0,0,23.7596651,32.39954332,13763.3,454,105.166,170.46,51.2,0.616954124134694,5100000,0,0.46,8.84,0.84,146.92,2
2144,0.91,0.30480957,0.64014852,6.506457329,3.810503844,71.93280029,71.04184038,-441.6552124,-437.9976196,-440.1859123,0,0,0,96.0803368,5414.7,262.8,79.712,87.043,46.8,0.915777259515412,5414.87,1,0.41,3.66,0.99,36.5,2
2145,1.22,0.30480957,0,3.970836639,1.364033613,53.33999634,52.73877569,-422.1480103,-420.6239929,-421.6250876,0,0,45.49713825,34.35498194,16008.5,505.2,108.587,203.432,36.9,0.533775413897519,16583.77,0.97,0.37,1.52,0.79,150.34,2
2146,2.13,0.914398193,0.905235291,9.244116783,4.561628091,128.6255798,126.3395924,-498.3479919,-491.642395,-495.4524047,2.061223968,0,21.64285167,32.97958349,14422.6,459.4,108.724,171.432,18.3,0.634210649120351,14780.18,0.98,0.44,6.71,0.86,3762.55,3
2147,3.66,0.914398193,0.858763456,9.058096886,4.896473533,-63.39840698,-65.10776375,-306.0191956,-301.142395,-304.1039062,5.444566214,0,53.08452061,2.722283107,10920.4,405.4,96.048,156.767,51.7,0.612679964533352,11299.09,0.97,0.4,4.88,0.84,16928.03,1
2148,2.44,0.609619141,0.404876679,11.08349419,5.307182201,-64.31280518,-66.56337224,-304.8000183,-297.1799927,-302.5742532,0,0,34.3443562,27.23862733,12551.1,419.9,108.522,146.617,25.3,0.740173376893539,12806.96,0.98,0.3,7.62,0.9,17308.92,1
2149,21.64,18.28799438,1.619015694,15.89976883,8.136789021,-41.75759888,-56.00116897,-328.5744019,-304.8000183,-313.1529367,8.422260655,1,33.86823965,13.43977764,82948.6,1051.2,300.849,349.613,90.1,0.86052006075289,84229.59,0.98,0.65,23.77,0.95,14641.28,1
2150,15.85,11.58239746,0.286290824,21.00410843,7.853684899,76.50479126,57.67110111,-446.5320129,-403.2503967,-426.780228,5.394353292,1,10.11441242,18.74537769,110220,1979,282.403,791.529,161.9,0.356781621393531,169106.93,0.65,0.46,43.28,0.35,53.71,2
2151,5.49,3.352813721,0.286265552,12.79558754,6.303737199,-10.05841064,-16.24702799,-360.8832092,-344.7287903,-353.0240797,12.80834201,1,12.25145757,28.40110619,26691.6,769.5,136.084,266.294,18.2,0.51102916325565,31442.27,0.85,0.49,16.15,0.57,6601.08,2
2152,0.3,0,0.286295503,8.525241852,4.482213558,120.7008057,119.736964,-489.8135986,-486.4608154,-488.866253,0,0,2.691519191,69.97949901,5522.6,294.2,62.83,112.932,107.7,0.55635249530691,5631.26,0.98,0.29,3.35,0.8,2996.14,2
2153,0.3,0.30480957,0.286295235,8.773393631,4.698926521,0.304779053,-1.481079961,-369.7224121,-363.6264038,-367.5973906,0,0,34.58162259,46.61001305,9886,360.3,105.561,106.532,1,0.990885367776818,9944.48,0.99,0.35,6.1,0.96,4419.73,2
2154,6.1,3.657592773,0.905220389,7.39120245,4.17336494,-2.438415527,-5.659806451,-367.2839966,-359.6640015,-363.3866298,11.32676227,1,19.9351016,25.37194749,32807.6,681.4,198.791,215.357,23.4,0.923076565888269,33709.88,0.97,0.52,7.62,0.89,4992.81,2
2155,0.3,0.304794312,0,5.874378681,2.425832322,-154.8384094,-155.8925087,-213.9696045,-210.9216003,-213.0374246,0,0,81.57852193,6.659471178,17856.2,526.3,134.242,192.112,21.7,0.698769467810444,18529.56,0.96,0.32,3.05,0.81,48793.5,0
2156,3.05,1.523986816,0.572548568,13.24209118,5.47563553,56.08319092,51.29745154,-425.5007935,-409.9559937,-420.376118,0,0,8.720356461,45.26280259,35795.2,851.8,166.442,288.65,90.3,0.576622206824875,42487.57,0.84,0.33,15.54,0.62,187.76,2
2157,6.4,4.267211914,1.032081366,13.08840942,7.961190478,0,-4.474037606,-369.4176025,-359.3591919,-364.8760842,31.98621045,1,6.39724209,7.818851442,20911.7,544.6,137.773,200.656,123.2,0.686612909656327,21500.78,0.97,0.46,10.06,0.89,4826.64,2
2158,0.61,0.30480957,0,7.035218239,2.206382622,38.40478516,37.51245137,-407.5176086,-402.9456177,-406.4127069,0,0,14.35624005,31.97526192,22778.3,576,153.561,198.264,46.3,0.774527902191018,23801.92,0.96,0.25,4.57,0.86,755.57,2
2159,6.71,5.181610107,0.286295772,9.530641556,5.241284903,-8.534423828,-14.68613491,-361.1880188,-347.1672058,-354.3456241,14.99552647,1,26.65871372,34.98956176,53526.9,858.1,239.689,287.633,90,0.833315370628544,54524.63,0.98,0.49,14.02,0.92,6349.88,2
2160,1.52,0.609619141,0.640159547,7.120430946,4.176090911,84.73440552,83.92159252,-454.4568176,-452.0184021,-453.2532388,0,0,0,0,5623.2,271.4,81.684,81.9,91.1,0.997362637362637,5633.67,1,0.51,2.44,0.96,358.03,2
2161,2.74,0.914398193,0.858779788,3.981160641,2.375031128,-64.31280518,-64.85710071,-305.1047974,-303.276001,-304.2266889,0,0,88.37443877,7.797744598,5718.6,269.7,81.986,81.991,0.3,0.999939017697064,5718.63,1,0.51,1.83,0.99,16862.87,1
2162,4.57,2.743225098,0.286296278,5.881330967,3.784961709,-48.15841675,-51.19365676,-321.2592163,-312.7247925,-317.8082043,24.15821886,1,30.51564488,22.46290526,35071.1,704.6,202.338,226.883,90.1,0.891816486911756,36178.17,0.97,0.41,8.53,0.89,13500.97,1
2163,14.33,8.534423828,0.858826995,14.09461117,7.136872122,-49.98721313,-57.93784087,-320.3448181,-303.8855896,-311.1956375,10.82716532,2,24.06036738,4.090262454,61778.5,1000.1,215.536,370.976,135.2,0.580997153454671,66251.42,0.93,0.56,16.46,0.78,15113.71,1
2164,17.07,12.1920166,0,23.76897049,7.543947985,181.051178,138.6981098,-551.9927979,-460.857605,-507.6741809,1.579972429,6,28.71336561,1.432508335,705588.7,8930.1,725.889,2637.74,18.9,0.27519353689143,1600000,0.44,0.49,91.14,0.11,5431.41,3
2165,8.84,1.219207764,0.286270708,10.91328239,3.830312607,-34.7472229,-38.53592102,-334.3656006,-324.6119995,-330.3707641,7.505969522,1,47.02269142,12.58353714,67330.5,1028.5,249.68,357.165,21.3,0.699060658239189,71105.5,0.95,0.41,9.75,0.8,10719.69,1
2166,11.58,8.534393311,0,9.379956245,4.254936975,14.02078247,6.215958272,-383.7431946,-365.7600098,-375.1571647,5.890599302,1,41.13085127,4.960504676,143831.9,1962.7,251.159,821.539,131.3,0.305717683518372,173947.25,0.83,0.48,17.98,0.47,3455.56,2
2167,2.13,1.828796387,0.286297828,18.92629623,10.93856829,78.33358765,70.43548695,-448.9703979,-427.0248108,-439.6728917,0,0,15.38671373,27.84262484,20286.8,552,147.364,192.99,70.8,0.763583605368154,21371.69,0.95,0.43,21.95,0.84,29.54,2
2168,16.76,12.49679565,0.286266565,16.7086525,6.262176096,-17.37359619,-27.18355186,-352.653595,-335.2799988,-341.8558332,8.516860161,2,36.80500284,13.53572418,97734.6,1354.3,336.29,396.892,152.2,0.847308587726636,112338.93,0.87,0.63,17.37,0.67,8497.81,2
2169,4.27,0,0,2.558992624,1.15785245,-80.16241455,-82.40028542,-288.6455994,-282.8544006,-286.4558549,23.22837755,0,71.79680334,2.375629522,56312.4,1203.6,169.058,499.382,103.2,0.338534428553692,67221.64,0.84,0.38,5.79,0.49,21726.84,1
2170,13.72,7.924804688,0.572553217,12.35296822,7.323118359,14.93518066,5.080821735,-385.2672119,-361.7976074,-374.1776726,8.033319129,2,19.83737989,9.672772011,90665.3,1252.5,247.794,480.839,9.4,0.515336734333114,97564.84,0.93,0.47,23.47,0.73,3590.31,2
2171,0.91,0.914398193,0,14.30715752,7.990578468,34.44238281,28.70834075,-404.1647949,-387.0960083,-397.6814546,0,0,13.99956294,44.09862325,21235.2,569.4,151.156,185.78,126.9,0.813629023576273,22365.73,0.95,0.38,17.07,0.83,1317.08,2
2172,1.83,0.30480957,0,4.472093582,1.915005045,-59.13119507,-59.79488717,-309.6768188,-307.8479919,-309.1040768,0,0,0.798507958,20.7612069,18614.9,531.8,119.31,206.435,116.4,0.577954319761668,19260.83,0.97,0.33,1.83,0.83,15573.76,1
2173,0.3,0,0.286285043,4.846935749,1.824066814,-154.5336151,-156.2321321,-214.2743988,-210.616806,-212.6569977,0,0,60.76559312,29.9776926,18346.1,538.3,114.676,211.132,158.4,0.54314836216206,19042.74,0.96,0.45,3.66,0.8,48943.66,0
2174,0.91,0,0,4.650288582,1.783653717,-56.38800049,-56.91692487,-312.4200134,-310.591217,-312.0255612,43.58952074,0,26.15371244,17.4358083,5115,306.7,68.49,117.232,179.3,0.584226149856694,5665.58,0.9,0.23,1.83,0.68,14863.74,1
2175,1.22,0.30480957,0,19.83791733,10.01564286,60.95999146,53.16414478,-430.0728149,-406.2984009,-422.1093195,0,0,11.23900482,37.59253337,38353.9,832.2,163.416,350.342,170.6,0.466447071718492,40420.9,0.95,0.34,23.77,0.7,140.09,2
2176,1.83,0,0.572590172,1.810088396,1.041031928,-82.60079956,-83.11287231,-286.2072144,-285.2928162,-285.7561011,0,0,97.30137221,0,3819.1,223.1,65.603,75.921,65.4,0.86409557302986,3821.24,1,0.55,0.91,0.97,21937.42,1
2177,1.22,1.219207764,0.404888034,16.37235069,6.96436362,-16.15441895,-19.14144727,-353.2632141,-342.5952148,-349.9323516,4.849482632,1,12.12370658,11.31545947,18390.6,547.4,114.759,215.684,168.6,0.532070065466145,19265.98,0.95,0.32,10.67,0.77,7079.78,2
2178,6.71,4.876800537,3.34718895,15.45373821,9.05187515,24.99359131,21.27865117,-397.1544189,-385.571991,-390.9044945,1.005977995,0,32.19129586,20.11955992,14775.8,457.3,126.011,159.38,115.4,0.790632450746643,15225.22,0.97,0.54,11.58,0.89,1911.56,2
2179,4.88,4.267181396,1.032170534,9.231545448,4.749602038,-44.1960144,-49.42647349,-326.4407959,-314.2488098,-319.6491146,6.800773625,1,18.89103785,27.95873602,39341.8,731,201.579,257.18,32.7,0.78380511703865,39919.62,0.99,0.56,12.19,0.93,13093.42,1
2180,22.25,10.3631897,0.286301464,13.97860241,4.762521328,81.68640137,70.08454113,-451.1040039,-429.4631958,-439.0311008,6.048363968,1,36.90378596,11.65844069,169570.8,2186.4,370.88,766.004,5.1,0.484175017362834,213706.7,0.79,0.56,21.64,0.45,25.85,2
2181,0.3,0,0.28630352,3.727629662,2.268734091,-17.98321533,-18.63291369,-351.1296082,-348.9960022,-350.3515633,0,0,14.05472111,89.95021512,5288,263.2,80.897,81.021,179.9,0.998469532590316,5297.03,1,0.38,2.13,0.96,6994.46,2
2182,3.66,1.523986816,0.286304295,3.727542639,1.890081249,-91.44000244,-92.57256662,-277.6727905,-275.2344055,-276.3329217,27.56130257,1,57.12706352,4.008916737,29662.2,676.7,176.918,233.254,68.3,0.758477882480043,30854.63,0.96,0.57,2.44,0.82,24829.11,1
2183,11.28,8.839172363,0.286298871,10.80210209,5.635007325,-56.69281006,-62.93861155,-313.6391907,-301.7520142,-306.1603471,12.30775407,2,32.34363278,10.87661987,51931.3,878.8,215.584,300.891,0.2,0.716485371779149,54266.44,0.96,0.63,11.89,0.85,16368.29,1
2184,1.52,1.219207764,0,16.17527199,5.245982221,26.8223877,20.42999749,-395.9352112,-361.1880188,-389.2899612,21.32939924,0,33.26538755,5.085154785,210459.3,2771.2,420.851,933.399,12.2,0.450880063081276,269678.16,0.78,0.19,34.75,0.35,1986.49,2
2185,6.1,2.743209839,0,13.93290424,2.924147265,-115.2144165,-121.5820146,-253.898407,-235.9152069,-247.2997987,11.69630912,0,55.87236893,3.1490063,165209.3,2698.2,299.591,1183.581,116.6,0.253122515484787,235694.33,0.7,0.37,17.98,0.29,34812.85,1
2186,0.61,0,1.180303574,13.82663631,7.109472743,160.3247986,157.1730301,-529.7424316,-518.4647827,-526.1918121,0,0,0,64.49324275,14059,444.8,113.583,167.687,21.6,0.677351255613136,14302.84,0.98,0.32,11.28,0.9,8495.87,3
2187,1.22,0.609588623,0.640174568,11.03097153,6.171453414,101.4983826,99.28641357,-471.5256042,-463.6007996,-468.5167925,0,0,10.21247648,71.48733537,10188.4,368.2,104.287,120.549,107.8,0.865100498552456,10267.2,0.99,0.38,7.92,0.95,1175.56,2
2188,7.32,5.181610107,0.404889882,7.075321198,3.88279756,-3.657623291,-7.91934122,-365.4552002,-356.0064087,-361.0356048,15.42619481,1,43.59576795,17.43830718,66486,1021,264.448,360.969,70.3,0.732605847039496,69918.81,0.95,0.47,9.45,0.8,5317.23,2
2189,2.13,0.609588623,0,4.042106152,1.582705445,-140.5128174,-141.7087525,-228.2951965,-224.9423981,-227.1812755,40.84525178,0,48.52901201,1.2132253,36755.3,816.8,157.848,324.73,131.6,0.486089982446956,39285.45,0.94,0.34,3.35,0.69,42728.51,1
2190,7.92,2.74319458,0,6.103846073,2.618814678,-81.38162231,-84.09017358,-287.4263916,-280.7207947,-284.7934104,25.39140368,1,40.66753272,21.88202268,72004.3,1001.7,285.724,335.752,170.8,0.850997164573852,73706.71,0.98,0.4,6.71,0.9,22227.88,1
2191,7.01,5.79119873,0.905277908,18.81394768,7.271373443,46.02478027,40.87048647,-415.7471924,-402.3359985,-409.9719276,12.35926306,1,32.20898859,13.48283243,39688.2,783.1,163.571,316.33,26.7,0.517089748047925,40227.28,0.99,0.43,13.41,0.82,582.23,2
2192,0.61,0,2.461341381,17.95370483,10.40844855,78.94320679,73.14813387,-447.7512207,-432.5112,-442.106618,0,0,0,44.92138769,11581.2,436.1,92.909,166.168,0.3,0.559126907707862,12249.5,0.95,0.37,15.24,0.77,66.39,2
2193,0.61,0,2.461341381,17.95370483,10.40844855,78.94320679,73.14813387,-447.7512207,-432.5112,-442.106618,0,0,0,44.92138769,11581.2,436.1,92.909,166.168,0.3,0.559126907707862,1200000,0.01,0.37,15.24,0.77,66.39,2
2194,0.61,0.30480957,0,7.52049017,3.683578207,-5.181610107,-8.689341498,-363.9312134,-353.5679932,-360.214872,0,0,36.42959106,27.73996383,44474.6,796.9,227.784,250.98,90.1,0.907578293091083,45563.32,0.98,0.36,10.36,0.88,5430.12,2
2195,0.3,0,0,2.427866459,1.174500551,-89.91601563,-90.3557289,-278.8919983,-277.9776001,-278.5472237,1.771036767,0,106.262206,0,8392.9,332.8,93.926,105.24,90.1,0.892493348536678,8446.52,0.99,0.42,0.91,0.95,24135.4,1
2196,5.18,1.828811646,0.286290765,14.83569527,5.247406194,-128.320816,-136.5722443,-240.7920074,-209.7024078,-232.3325181,16.31603212,0,26.72453536,23.48946003,105677.7,2318.9,254.261,839.485,118.5,0.302877359333401,152337.24,0.69,0.27,31.09,0.25,40631.37,1
2197,0.61,0,0,2.860610008,1.083329025,-90.52560425,-91.07165195,-278.2824097,-276.7583923,-277.7782545,20.73436053,0,75.70452566,0.964388862,30826,773,137.596,315.738,76.1,0.435791700713883,32631.94,0.94,0.35,1.52,0.65,24358.36,1
2198,20.73,15.5447998,0.286275119,17.45731735,8.214343811,-45.72000122,-58.314346,-324.3071899,-301.7520142,-310.7803644,5.909723919,2,16.52310565,15.79946599,123244.8,1481.7,256.089,604.729,155.6,0.423477293134611,129789.38,0.95,0.6,22.56,0.71,15206.43,1
2199,4.27,2.438415527,0.640154183,11.90798664,6.872097426,-12.1920166,-15.83848583,-357.2256165,-348.081604,-353.3855689,32.73763381,1,25.46260407,9.457538657,20431.7,543.9,125.869,200.039,103.9,0.629222301651178,20782.9,0.98,0.42,9.14,0.87,6534.86,2
2200,14.02,11.27758789,0.90528363,13.08883095,8.162597671,-53.33999634,-61.14869545,-316.9920044,-302.0567932,-308.0854168,18.52826034,1,30.8804339,4.117391186,43321.1,773.4,222.717,251.14,11.1,0.886824082185235,44507.35,0.97,0.6,14.94,0.91,15913.49,1
2201,11.58,7.315185547,0.286273837,8.836773872,4.721836266,-0.609619141,-7.296563995,-368.5032043,-353.8728027,-361.631315,14.41838734,1,24.4863992,19.63883793,119586.2,1393.6,353.84,462.718,37.6,0.764699017544163,128214.42,0.93,0.47,14.63,0.78,5226.79,2
2202,3.05,0.609588623,2.23495841,11.25476646,6.999436017,106.0704041,104.6334804,-476.4024048,-471.5256042,-474.3645987,0,0,30.9195027,15.45975135,4807.4,258.1,68.759,93.394,0.1,0.736225025162216,4850.24,0.99,0.43,4.88,0.91,1570.81,2
2203,0.91,0.914398193,0.286290497,9.210112572,3.004397467,-156.9720154,-160.8932379,-212.1408081,-202.6920013,-207.9946632,3.835629669,1,70.656336,2.018752457,73630.3,1419.8,204.701,603.216,32.5,0.339349420439776,92145.62,0.8,0.44,9.45,0.46,51027.75,0
2204,0.61,0.609603882,0,8.714473724,3.285899681,-148.4376068,-152.710491,-220.6752014,-208.7880096,-216.1664343,10.06338167,3,61.74692212,5.466528317,119641.3,1823.5,219.219,788.028,158.3,0.278186815696904,132391.22,0.9,0.38,11.89,0.45,47397.86,0
2205,0.3,0,0,3.159206867,1.886662418,298.3992004,297.6409145,-667.2072144,-665.0736084,-666.5455724,0,0,60.78949876,29.17895942,6113,302.6,78.067,105.126,71.3,0.742604113159447,6315.57,0.97,0.33,2.13,0.84,54121.8,4
2206,8.53,5.79119873,1.740897655,10.62332535,6.882511724,249.0215759,245.3951383,-619.6583862,-610.8192139,-614.7015118,28.24889253,1,23.90290906,7.967636359,20521.2,523.3,150.833,181.338,107,0.831778226295647,20685.83,0.99,0.57,8.84,0.94,32542.41,3
2207,8.84,4.267211914,0.404893517,7.515088558,4.014080346,-0.30480957,-4.724408047,-368.8080139,-358.7496033,-364.2152238,20.75437325,1,22.398284,8.63053145,72335.5,1166.8,247.054,395.6,115.3,0.624504550050556,80644.84,0.9,0.46,10.06,0.67,4861.49,2
2208,4.57,0.914398193,0,8.823459625,3.002236537,-118.2624054,-120.8460805,-250.5456085,-240.1824036,-248.0501651,33.39824432,0,26.66000204,15.82022099,50736.6,913.4,228.512,331.022,141.7,0.690322697585055,54256.92,0.94,0.24,10.36,0.77,34538.77,1
2209,23.16,16.45916748,0.809738576,28.69684792,13.38123514,184.0992126,168.1982215,-555.6503906,-522.4271851,-537.5473414,7.347371821,3,8.784901091,5.750117078,93060.6,1502.3,201.66,649.119,26.5,0.310667227426712,102389.15,0.91,0.55,33.22,0.52,10649.87,3
2210,11.58,10.3631897,0.858789861,18.52326965,6.615028226,6.400787354,-11.22954915,-378.2568054,-334.060791,-357.7841095,6.971831423,1,5.726861525,42.90996245,179090.4,2070.1,392.199,687.88,28.3,0.570156131883468,206801.53,0.87,0.46,44.2,0.53,5810.94,2
2211,14.02,2.438415527,0,7.052688122,2.716417359,-29.87042236,-33.80294901,-339.5472107,-327.050415,-335.1199983,24.03863344,1,134.2465221,12.75896698,80384.7,1609.8,304.443,461.918,153.7,0.659084512835611,109407.79,0.73,0.36,12.5,0.39,9762.02,1
2212,0.91,0.304794312,0,3.235680342,1.471442715,-159.1056061,-159.7821736,-210.0072021,-207.5688019,-209.1020406,0,0,90.66004577,2.304916418,19346.7,583.6,126.831,218.945,173,0.579282468199776,20980.57,0.92,0.39,2.44,0.72,50527.03,0
2213,2.74,1.524017334,0.572608829,8.417571068,5.518664592,108.2039795,105.9823378,-477.6216125,-471.2207947,-475.2441661,5.524207185,1,32.04040168,2.209682874,13453.6,454.9,105.363,170.562,18.6,0.617740176592676,13861.38,0.97,0.38,6.4,0.82,1679.55,2
2214,3.96,0,0,1.619121075,0.783760129,-79.55279541,-80.3101208,-289.2552185,-287.1216125,-288.5307183,9.333909248,0,84.78300901,0,19109.9,669.2,115.532,240.909,126.6,0.479566973421499,22863.17,0.84,0.36,2.13,0.54,21115.03,1
2215,0.91,0.609603882,0,4.122029305,1.55121457,-164.2872162,-164.7657745,-204.8256073,-203.3016052,-204.1419404,37.75662561,0,56.15087911,1.936237211,15353.6,464.4,118.216,153.961,180,0.767830814297127,15537.54,0.99,0.48,1.52,0.9,52792.31,0
2216,1.83,0.609558105,0.286301732,7.171210289,3.371801124,289.8647766,279.4984846,-659.2824097,-634.5936279,-648.4208844,2.054130881,1,17.68834925,26.70370145,130252,2141.6,311.386,695.42,133.7,0.447766817175232,187941.53,0.69,0.44,24.69,0.36,46009.6,4
2217,19.51,13.10641479,0.404898286,20.80985451,7.518058038,61.87438965,51.59411815,-432.8160095,-408.4320068,-420.663704,9.511852414,2,37.90329068,5.620640063,103138,1347.2,275.878,500.762,69.4,0.550916403401217,113662.83,0.91,0.5,24.38,0.72,179.72,2
2218,11.58,0.304779053,0,9.776321411,2.135597361,-32.0039978,-35.55211232,-337.1087952,-324.9168091,-333.3385499,16.67865964,0,126.1323635,3.995928871,85555.9,1459.7,226.032,587.995,73.9,0.384411432070001,103746.69,0.82,0.31,12.19,0.51,10110.73,1
2219,4.27,0,0.28628394,0.905243099,0.691704054,-79.55279541,-79.55279541,-289.5599976,-289.2552185,-289.3918436,97.42955767,0,3.479627058,0,4271.8,241.9,60.095,93.673,132.4,0.641540251726752,4275.32,1,0.82,0.3,0.92,20895.51,1
2220,0.3,0,0,4.580034733,2.357057442,-8.534423828,-10.45429958,-360.2735901,-354.4823914,-358.4500573,0,0,51.57628535,31.51884105,25937.8,707.1,138.674,280.699,77.6,0.494030972678919,28328.46,0.92,0.32,5.79,0.65,5693.35,2
2221,19.81,17.67840576,1.431198239,22.95733452,13.89729688,99.36477661,85.35861285,-470.0016174,-442.5696106,-454.9179421,18.14123296,1,28.87788105,13.69848204,40148.5,744.8,215.32,238.897,179.9,0.901308932301368,40805.49,0.98,0.55,27.43,0.91,414.47,2
2222,0.91,0,0,9.691376686,4.457061417,-165.8112183,-167.0069668,-203.3016052,-199.3392029,-202.0941274,32.81540955,0,16.40770477,28.71348335,3623.7,218.7,59.953,77.737,130.6,0.771228629867373,3630.23,1,0.31,3.96,0.95,53827.23,0
2223,12.8,10.97280884,0.858852744,19.94543266,11.7421443,60.35040283,47.35119587,-431.9016113,-399.8976135,-416.6763191,16.88818122,1,16.1988677,19.30077854,43127.4,791.5,227.695,251.17,0.1,0.906537404944858,45005.24,0.96,0.48,32,0.87,311.48,2
2224,11.58,9.143981934,1.180245876,14.87643909,6.071587642,-36.27120972,-48.50809875,-334.3656006,-310.8959961,-320.5786687,8.764251644,1,20.08474335,24.64945775,81407.8,1192.1,269.13,446.495,143.1,0.602761509087448,87693.48,0.93,0.59,23.47,0.72,12884.09,1
2225,1.22,0.914398193,0.640197158,8.627767563,4.60528623,-33.22320557,-34.91887972,-336.4992065,-330.4031982,-334.1518937,0,0,7.024239388,73.75451358,12696.7,442.8,113.564,152.913,64.1,0.74267066894247,13237.55,0.96,0.39,6.1,0.82,9983.78,1
2226,12.19,11.27761841,1.032194376,13.82441235,7.638139416,-57.30239868,-65.52930509,-312.4200134,-297.4848022,-303.6448296,16.58013577,1,32.27204998,11.25080641,50204.2,830.6,239.618,291.545,142,0.821890274228678,51285.41,0.98,0.59,14.94,0.92,17037.9,1
2227,3.35,3.352813721,0.905341148,20.12565422,11.46944812,73.15197754,67.81379686,-444.7032166,-427.3296204,-437.2789489,0,0,18.80316039,43.2472689,15810.3,463.2,130.4,155.044,90,0.841051572456851,16076.32,0.98,0.43,17.37,0.93,7.92,2
2228,5.79,3.047973633,0,13.78318024,6.946210824,170.6880188,166.6523267,-540.1055908,-526.9992065,-535.7563462,23.00539663,1,11.98197741,14.37837289,31013.5,668.5,174.206,236.065,71.1,0.73795776586957,31968.76,0.97,0.33,13.11,0.87,10333.2,3
2229,0.3,0.304779053,0.640138268,16.176754,8.593336934,96.01199341,86.97190117,-465.4295959,-443.4840088,-456.1008782,0,0,0,29.25445978,19815.8,560.8,141.774,202.353,90.6,0.70062712191072,21354.77,0.93,0.43,21.95,0.79,482.76,2
2230,1.22,0.304779053,0,8.01000309,4.793585966,-43.58639526,-45.84272152,-325.5263977,-318.5159912,-323.2344681,0,0,19.21507885,54.90022528,10829.9,375.7,105.991,118.132,90,0.897225137981241,10832.56,1,0.33,7.01,0.97,12286.11,1
2231,0.91,0.30480957,0,8.773908615,3.694121701,-14.32562256,-16.89872801,-354.7872009,-345.0335999,-352.0136918,0,0,0,36.37874345,26967.2,608.2,178.936,197.916,44.9,0.904100729602458,27747.73,0.97,0.29,9.75,0.92,6707.4,2
2232,12.5,6.705596924,0,8.45069313,4.267638704,-4.572021484,-12.2281196,-365.1503906,-346.8623962,-356.7142384,6.044790009,3,42.31353006,14.20525652,147540,1961,372.821,603.445,98.1,0.617821011028346,185039.05,0.8,0.46,18.29,0.48,5964.18,2
2233,8.84,6.095977783,0.640198886,8.094295502,4.861385114,-24.99362183,-29.04513166,-344.7287903,-335.8896179,-339.9732119,21.51649127,1,16.80054798,9.726633041,50430.3,842.4,212.082,316.676,153.5,0.669712892672637,51056.86,0.99,0.54,8.84,0.9,8844.49,2
2234,1.22,0.914398193,0.286288857,6.773729801,2.942041848,-9.753601074,-11.63966378,-359.6640015,-354.4823914,-357.3266436,0,0,1.655318819,23.7262364,26938.9,631.5,155.574,235.862,56.2,0.659597561285837,27769.83,0.97,0.46,5.18,0.85,5873.64,2
2235,5.79,2.74319458,0,24.97928429,7.053130436,64.9223938,53.22196501,-434.6448059,-400.2023926,-422.1722457,8.7680198,1,29.05224471,39.65238805,113583,1652,266.907,649.149,18.5,0.411164463012344,127371.78,0.89,0.36,34.44,0.52,138.72,2
2236,7.01,7.010406494,0,23.51870918,8.146996403,77.11437988,20.45613107,-447.4464111,-324.9168091,-389.4827258,1.212701441,2,8.878706976,21.65538287,343197.4,4641.5,322.916,1963.092,149.6,0.164493564234381,500080.03,0.69,0.47,122.53,0.2,1984.16,2
2237,12.5,10.05838013,0.286314934,14.38132572,6.18731702,-55.16882324,-63.99661586,-314.5535889,-299.9232178,-305.0996758,11.79195822,2,14.59956732,8.610001239,79413.5,1345.2,244.501,470.797,176.6,0.519334235349843,95641.42,0.83,0.65,14.63,0.55,16640.13,1
2238,0.61,0,0,1.619207025,0.741913606,-165.8112183,-166.1160126,-202.9967957,-202.387207,-202.7586751,61.35355763,0,41.97874996,0,4603.1,287.7,68.726,95.126,46.4,0.722473351134285,5117.21,0.9,0.47,0.61,0.7,53414.61,0
2239,15.85,10.97280884,1.032165766,18.3794136,11.95460847,87.4776001,77.69795357,-460.2480164,-437.6928101,-447.333063,20.57572596,1,19.07018504,19.07018503,29618.9,641.4,189.743,205.991,18.7,0.921122767499551,30552.5,0.97,0.58,22.56,0.91,161.24,2
2240,4.57,2.74319458,1.180339813,6.104147434,3.776194438,-29.26080322,-31.55626684,-340.1567993,-335.5848084,-337.535526,30.1636849,1,43.49182474,5.611848353,21189.7,532.1,154.626,166.859,90,0.926686603659377,21275.56,1,0.59,4.57,0.94,9323.11,1
2241,8.23,5.181610107,2.235043287,20.04310608,11.62182997,-6.705596924,-13.59131815,-363.9312134,-343.509613,-355.7754959,27.26976893,1,13.63488446,7.069940093,29434.2,661.4,152.835,244.103,101.3,0.626108650856401,30057.17,0.98,0.4,20.42,0.85,6176.6,2
2242,2.13,0,0,4.042304993,1.856506825,-89.30639648,-91.02625423,-279.5016174,-274.0151978,-277.841065,20.13165161,0,49.21070394,25.05272201,33225.6,736.2,157.241,279.683,123.4,0.562211503738161,34791.88,0.95,0.31,5.49,0.77,24344.19,1
2243,1.52,1.523986816,0,12.6518259,4.817697447,35.35678101,28.42646065,-405.0791931,-386.1816101,-397.4127787,1.978535078,1,46.82533019,9.233163699,67614.3,1331.8,177.531,567.7,132.1,0.3127197463449,79629.51,0.85,0.41,18.9,0.48,1337.62,2
2244,0.61,0,0,2.559199095,1.181022327,-159.71521,-160.0626785,-209.092804,-208.1784058,-208.8245819,15.98409053,1,69.9303961,0,7439.5,327.2,81.601,117.625,179.3,0.693738575982997,7526.69,0.99,0.33,0.91,0.88,50653.21,0
2245,1.52,0,0.286322445,3.61678791,1.482738738,-70.40881348,-70.62788963,-298.70401,-297.4848022,-298.3420506,0,0,75.16608122,6.263840098,4746,256.2,69.337,82.928,177.4,0.836110843141038,4759.36,1,0.32,1.22,0.91,18394.92,1
2246,0.3,0.30480957,0,17.63128662,7.950450083,104.2415771,100.5476582,-473.3544006,-458.1144104,-469.5817467,0,0,0,57.8102142,22626.5,642.8,122.63,255.115,23.9,0.480685181192795,23813.59,0.95,0.25,15.24,0.69,1263.64,2
2247,14.02,4.571990967,0,21.6192646,5.428315161,127.101593,114.0265984,-496.8240051,-466.3439941,-482.9697645,5.669964207,1,41.63615507,17.17914528,175644.4,2487.1,392.319,836.522,39.6,0.468988263309273,222029.19,0.79,0.46,30.48,0.36,2403.61,2
2248,1.52,0.30480957,0,4.472392559,1.96593973,45.72000122,44.71962353,-414.5280151,-411.78479,-413.6018842,31.98416006,1,47.54402171,2.593310276,34390.4,852.2,125.394,377.481,31.3,0.332186255732077,35609.53,0.97,0.35,2.74,0.6,411.29,2
2249,30.18,22.25039673,0.2862885,31.61683464,10.60035996,-34.44241333,-54.72191225,-336.194397,-280.4160156,-314.2959987,1.741535964,9,13.48285908,2.106696731,529174.8,5878,444.252,2456.676,137.8,0.180834591130454,825791.13,0.64,0.39,55.78,0.19,14333.34,1
2250,6.1,4.571990967,0.286322445,12.98392677,6.636578663,96.62158203,89.93226698,-467.5632019,-450.1896057,-459.1797254,14.4701288,1,7.717402028,28.94025761,30816.9,781.7,166.135,264.629,0.4,0.627803453136278,35502.18,0.87,0.49,17.37,0.64,621.62,2
2251,1.52,1.523986816,1.459660053,16.74699593,9.345723919,167.9447937,154.7079324,-538.2767944,-506.5776062,-523.8065174,0,0,12.83732371,12.05930409,38210.2,813.5,186.741,306.673,65.6,0.608925467843599,41481.49,0.92,0.46,31.7,0.73,8047.51,3
2252,0.3,0.30480957,0,18.35845566,4.975325311,-152.7048187,-161.3383768,-216.4080048,-181.9656067,-207.5940854,1.757307746,1,68.90496163,4.162044662,160711,2724,523.29,796.258,153.4,0.657186489806068,296854.32,0.54,0.26,34.44,0.27,51229.06,0
2253,1.83,1.828796387,0,8.201926231,2.833333403,-11.27761841,-17.0770455,-357.8352051,-345.3384094,-351.7881622,10.82187397,3,35.32568859,3.633057689,192293.9,2928.3,546.153,836.824,87.6,0.652649780599027,365902.45,0.53,0.49,12.5,0.28,6736.64,2
2254,6.1,4.876831055,2.917303801,16.08133125,8.712734246,158.8008118,153.5596105,-529.4376221,-515.4168091,-522.9405554,19.76560953,1,6.081726009,21.28604104,19552.5,514.4,151.83,163.634,170.7,0.927863402471369,20028.91,0.98,0.47,14.02,0.93,7842.8,3
2255,1.83,0.304794312,0.286309659,2.461478233,1.215682484,-176.7840118,-177.0214707,-192.3287964,-191.1096039,-191.871603,54.58892264,0,45.09519696,2.373431421,12525.4,411,105.979,142.749,0,0.742415008161178,12605.34,0.99,0.41,1.22,0.93,58574.39,0
2256,34.44,15.23999023,0,29.24931717,7.971902787,180.4416199,128.8922252,-549.5543823,-385.8768005,-497.8436849,2.834703995,6,12.02305487,3.538492573,1520653.1,20736.5,2056.474,3115.947,29.9,0.659983626165657,5100000,0.3,0.32,163.68,0.04,4082.22,3
2257,3.05,1.219177246,2.307100534,22.05045509,9.39376182,132.5879822,130.1428196,-503.2247925,-494.6903992,-500.0006999,11.14027232,1,49.0171982,13.36832678,6671.4,311.9,81.787,108.51,26.5,0.753727767026081,6947.47,0.96,0.38,8.53,0.86,4243.59,3
2258,0.91,0.30480957,1.280282021,7.68939209,4.441842995,-55.16882324,-56.56073303,-314.2488098,-309.3720093,-312.5978012,0,0,28.58250522,26.90118139,8840.7,344.8,93.89,116.376,90.1,0.806781466969135,8939.54,0.99,0.35,4.88,0.94,14777.01,1
2259,8.23,7.924804688,0.286319077,18.92017365,6.144753682,-52.73040771,-60.59131566,-317.296814,-296.2655945,-308.4365088,5.149646656,3,29.78717183,10.29929331,147208.4,2257.2,319.859,863.471,102,0.370433980990676,214000.76,0.69,0.42,21.03,0.36,15773.18,1
2260,2.13,1.524017334,0.57263732,12.07303333,5.870213357,15.84957886,12.58095129,-385.2672119,-375.5136108,-381.6437225,0,0,21.47425657,37.7650719,20073.3,514.5,142.415,177.058,90,0.804340950423025,20223.95,0.99,0.38,9.75,0.96,2747.76,2
2261,2.74,0.609619141,0.404922485,3.888377428,2.598910672,-33.83282471,-34.40655338,-335.5848084,-333.4512024,-334.7182133,67.33989195,0,9.902925281,3.961170118,7504.9,313.8,93.731,105.542,178.2,0.88809194443918,7557.25,0.99,0.43,2.13,0.96,9881.66,1
2262,12.19,10.3631897,1.214566708,13.86584377,5.15469316,-59.13119507,-66.36150077,-311.8103943,-297.7896118,-302.7193814,10.31057901,1,45.31859144,9.591236283,61990.5,934.5,245.617,329.798,170.7,0.744749816554376,63483.54,0.98,0.65,14.02,0.89,17255.84,1
2263,5.18,3.352783203,1.541496992,10.50538826,6.517250177,-23.77441406,-26.97480922,-346.8623962,-337.4136047,-342.2953206,28.05516815,1,16.50304008,2.475456013,18013.8,507,149.243,162.425,127.5,0.918842542712021,18577.24,0.97,0.49,9.45,0.88,8459.37,2
2264,2.44,0.609603882,0,3.537065983,1.55129147,-164.8968048,-165.5841538,-204.2160034,-202.0823975,-203.2806245,27.58607116,0,38.94504165,4.868130206,36640.3,814.3,152.232,343.429,153.3,0.44327066147588,37986.37,0.96,0.46,2.13,0.7,53169.05,0
2265,0.91,0,0,7.424406052,3.273712593,-90.52560425,-96.06028643,-278.2824097,-263.0423889,-272.8149351,0,0,13.15525824,67.6556138,47455.9,936.2,175.619,371.243,139.3,0.473056731036006,50672.78,0.94,0.36,15.24,0.68,25940.42,1
2266,6.4,3.962402344,0.404925406,11.68885422,5.124035931,-38.70959473,-44.23537465,-331.622406,-319.735199,-324.875189,9.665145814,1,18.58681888,13.38250959,39985.7,962.3,154.711,383.934,100.7,0.402962488344351,46003.7,0.87,0.57,11.89,0.54,11932.37,1
2267,0.91,0.304779053,0.640159726,4.855832577,2.822112369,-97.23120117,-99.68847758,-271.8815918,-264.5664063,-269.2283937,0,0,48.16883667,24.32287792,31167,715,179.082,238.145,90,0.751987234667954,32544.33,0.96,0.37,7.32,0.77,27122.29,1
2268,0.3,0,0,4.685645103,1.884950913,-90.52560425,-92.51155698,-278.2824097,-272.79599,-276.3502455,0,0,82.28057827,12.04945707,43175.8,841.5,182.417,330.202,70.1,0.552440627252409,45431.29,0.95,0.36,5.49,0.77,24809.89,1
2269,5.18,3.352783203,0,8.399024963,3.710319807,-82.29602051,-92.5518189,-286.5119934,-268.223999,-276.3319727,8.417608441,2,51.85564445,8.338197041,187179,2732.1,301.961,1133.914,116.9,0.266299737017093,289653.47,0.65,0.56,18.29,0.32,24822.58,1
2270,16.15,5.181594849,0,8.478775978,3.714207541,-117.3480072,-135.0622475,-251.764801,-198.4248047,-233.8407395,5.396429667,1,26.85761534,37.11083171,358077.2,5009.5,465.088,2016.677,128.1,0.230620967066119,643171.46,0.56,0.34,53.34,0.18,40024.9,1
2271,1.22,0.30480957,0.404927969,4.754431725,2.144992663,-75.59042358,-76.35043295,-293.5223999,-291.6936035,-292.6396679,38.6796896,0,37.34590719,2.667564801,11144.4,446.1,81.492,178.798,89.9,0.455776910256267,11559.71,0.96,0.51,1.83,0.71,19979.94,1
2272,1.22,0.609588623,0.286299229,3.616906405,1.647567104,-81.38162231,-82.05830527,-287.7312012,-285.2928162,-286.8436402,0,0,84.61494742,5.051638652,23539.5,591.8,137.634,215.572,128.7,0.638459540200026,24188.37,0.97,0.38,2.44,0.85,21626.15,1
2273,0.61,0.304794312,0,4.517747879,1.662355694,-160.0200043,-160.9048541,-209.092804,-205.7400055,-207.9585785,7.337318396,0,67.87019514,9.17164799,24309.9,640.8,130.705,244.077,161.9,0.535507237470143,25922.6,0.94,0.35,3.35,0.75,51033,0
2274,2.13,0.609603882,0.640224993,5.431319714,2.780078837,-168.2496185,-170.3453019,-200.863205,-192.9384003,-198.5597628,24.49182937,1,28.99032864,13.99533107,29738.2,789.2,171.398,236.6,167.5,0.724420963651733,31914.36,0.93,0.29,7.92,0.6,55387.41,0
2275,1.83,0.914398193,0.404927969,18.77050591,6.451534367,128.6255798,127.0905096,-498.6528015,-492.2520142,-496.3917442,1.782378675,0,58.81849623,5.347136021,8339.5,339.3,93.568,116.689,162.4,0.80185793005339,8443.28,0.99,0.36,6.4,0.91,3855.23,3
2276,2.74,1.219177246,0,5.707569599,3.570121037,-66.7512207,-67.72498549,-302.9711914,-299.3135986,-301.4036623,46.71578225,0,9.083624324,12.97660618,11454.6,388.7,105.946,129.447,0.1,0.81845079453367,11515.69,0.99,0.44,3.66,0.96,17615.92,1
2277,4.88,1.524017334,0.404922485,5.735655308,2.540380172,-75.28561401,-77.67630244,-293.8272095,-288.0360107,-291.2205012,18.22621177,1,39.96591015,5.489822823,67689.5,1204.7,199.776,476.145,40.8,0.41956966890338,76396.23,0.89,0.46,5.79,0.59,20356.53,1
2278,1.22,0,0.404888541,7.047528267,2.752472338,75.89520264,75.12147229,-445.0079956,-442.264801,-444.1463605,0,0,22.48885838,65.59250362,7931.5,327.7,87.564,119.919,46.3,0.730192880194131,7989.2,0.99,0.33,2.74,0.93,102.44,2
2279,0.61,0.609588623,0,10.44552898,2.769136038,135.6359863,132.9448751,-504.7488098,-498.0432129,-501.8433887,0,0,63.16828296,33.97049884,52944.8,968,201.235,375.193,154.3,0.536350624878396,57508.67,0.92,0.44,6.71,0.71,4616.51,3
2280,3.35,3.352813721,0,18.89808083,6.338653487,14.32559204,5.03487753,-384.0480042,-354.1776123,-374.0070434,7.79010191,2,26.26018224,13.31856133,118301,2279.1,278.005,824.625,179,0.337128998029407,191936.25,0.62,0.34,29.87,0.29,3595.82,2
2281,10.06,8.534423828,0,20.04296303,6.242598735,-60.96002197,-86.01893445,-308.7623901,-264.2615967,-282.9878107,2.462722093,3,7.301754977,4.277359424,344032.4,6062.1,570.63,2581.034,103.2,0.221085812895142,1000000,0.34,0.58,44.5,0.12,22806.72,1
2282,0.61,0,0,3.040784597,1.383563943,-174.0408173,-174.7266103,-194.7671967,-192.9384003,-194.169634,2.576794165,0,88.89939861,3.865191244,11536.9,406.3,103.046,138.159,65.3,0.745850795098401,11720.83,0.98,0.35,1.83,0.88,57468.85,0
2283,2.44,1.523986816,0,10.53162861,5.834441903,-42.06240845,-45.33021868,-327.6600037,-317.9064026,-323.8734489,0,0,26.16132509,31.9749529,15340.7,450.1,130.235,142.656,1.2,0.912930406011665,15433.62,0.99,0.39,9.75,0.95,12172.76,1
2284,15.54,5.48638916,0.572618484,18.73832321,7.114184925,-48.76800537,-58.79317458,-320.9544067,-295.0464172,-310.206378,11.91568982,2,32.44513132,11.91568982,103537.8,1564.5,369.858,418.251,26.4,0.884296750037657,127233.02,0.81,0.42,25.91,0.53,15324.75,1
2285,1.22,0.304779053,0,4.517894268,2.246952396,-37.49041748,-38.39261312,-331.3175964,-329.1839905,-330.6104704,18.71072942,1,66.82403365,6.682403365,11121.9,391.6,105.995,129.454,90.2,0.818785051060608,11362.29,0.98,0.35,2.13,0.91,10690.03,1
2286,1.22,0.30480957,0.640238285,6.648169994,3.050180906,-203.6064148,-205.3536955,-165.5064087,-160.6296082,-163.695323,23.57445481,0,28.28934577,18.85956384,12610.4,456.8,107.076,163.277,8.3,0.655793528788501,13522.91,0.93,0.38,4.88,0.76,73091.12,0
2287,3.05,0.609603882,0,6.044588566,1.801062867,-158.1912079,-159.1003102,-210.616806,-207.5688019,-209.7660132,46.50499749,0,28.68532556,2.173130724,34199.8,719.5,162.759,283.222,26,0.574669340658565,34833.5,0.98,0.29,3.05,0.83,50220.95,0
2288,3.05,1.219207764,0.404931992,7.813421726,3.392577689,-202.387207,-203.3535657,-167.3352051,-163.3728027,-165.7211479,44.48803762,1,7.785406583,3.33660282,13364.6,432.6,114.511,157.519,116.3,0.726966270735594,13657.42,0.98,0.42,3.96,0.9,72013.64,0
2289,0.91,0.914428711,0,10.73745441,3.832890124,-96.62161255,-108.624223,-272.1864014,-242.9255981,-260.2685358,3.444709629,1,57.48837626,8.573499522,194177.9,2918.2,224.195,1292.272,25.4,0.17348901779192,253654.94,0.77,0.41,29.26,0.29,30145.37,1
2290,0.91,0,1.431352019,3.7279737,2.496107418,45.11038208,43.92851351,-413.918396,-411.1752014,-412.8236134,0,0,95.4398949,2.030636061,7319.9,336.7,75.458,125.561,26.4,0.600966860729048,7631.3,0.96,0.41,2.74,0.81,444.01,2
2291,1.52,0.914398193,0,7.521141529,3.017651344,-70.40881348,-72.81237681,-298.70401,-291.3887939,-296.0945417,6.506779594,2,63.84777476,5.693432144,73101.1,1427.4,153.716,633.369,139.3,0.242695806078289,81409.96,0.9,0.36,7.32,0.45,18992.25,1
2292,0.91,0,0,4.04252243,1.145818511,-164.2872162,-165.0709833,-204.8256073,-202.387207,-203.8023451,31.73654372,0,54.90925818,2.015018651,29506.7,834.8,145.77,328.959,96,0.443125131095364,36679,0.8,0.44,2.44,0.53,52932.66,0
2293,4.57,4.267211914,1.180369735,9.659312248,4.882245199,28.34640503,25.63249676,-398.6784058,-390.1440125,-394.7648493,31.45603483,1,12.83919789,3.851759368,23154.3,561.7,154.542,190.073,0.1,0.813066558637997,23320.38,0.99,0.46,8.53,0.92,1549.8,2
2294,1.83,1.219207764,1.180396438,7.260926723,4.403727728,68.57998657,66.49615261,-438.3023987,-431.9016113,-435.5747559,1.070377531,0,36.39283607,26.75943828,13886.8,431.2,117.985,130.994,0.9,0.900690107943875,13965.62,0.99,0.43,6.4,0.94,2.24,2
2295,10.36,7.924804688,1.180378795,18.3280983,9.984178627,68.88479614,61.33968384,-439.5216064,-422.7575989,-430.7677488,24.27494803,1,15.8069429,10.16160615,26329.9,592.2,167.842,201.149,58.1,0.834416278480132,26645.75,0.99,0.53,16.76,0.95,13.4,2
2296,9.14,6.400787354,0,10.88243008,4.790614967,-62.48400879,-68.88109328,-306.9335938,-292.9128113,-300.1096769,13.00183174,1,29.25412141,6.70406949,73167,1179,245.247,449.44,136.3,0.545672392310431,83248.32,0.88,0.49,14.02,0.66,17924.15,1
2297,4.27,1.828796387,0,6.708554745,3.203433804,-36.27120972,-39.11768696,-332.8416138,-325.2216187,-329.8246739,25.31351165,1,24.48807105,16.50881195,54022.6,1038.7,177.552,437.667,53.4,0.405678289658576,57023.73,0.95,0.4,7.62,0.63,10840.49,1
2298,0.61,0.304794312,0,5.108352661,1.564346976,-167.0304108,-167.9192863,-202.0823975,-199.3392029,-200.9607984,19.10548859,1,66.13438358,4.898843227,30342.1,711,166.088,260.147,144.5,0.638439036390964,32448.97,0.94,0.42,2.74,0.76,54251.39,0
2299,3.05,2.43838501,0,12.40097141,3.990540012,30.78479004,28.58279179,-401.1167908,-392.887207,-397.5936051,9.494215852,1,63.69036467,7.516254214,37574.4,744.8,168.226,285.13,30.6,0.589997544979483,38155.74,0.98,0.43,8.23,0.85,1326.21,2
2300,1.22,0.30480957,0.286328405,10.75583076,3.450871687,21.03118896,16.07779138,-390.1440125,-377.0375977,-384.9903314,1.833554411,1,51.07758716,19.38328949,56747.2,1284,164.871,484.456,160.1,0.340321928100798,67875.33,0.84,0.4,13.11,0.43,2393.38,2
2301,1.22,0.304794312,0,3.26112771,2.065595439,-164.8968048,-165.3800309,-204.2160034,-202.6920013,-203.6956128,33.7527407,1,53.04002108,2.410910048,6165.4,288.3,80.791,94.112,179.9,0.858455882352941,6195.72,1,0.37,1.52,0.93,53074.96,0
2302,8.84,6.400787354,0.286335409,11.85692406,6.33988923,-36.27120972,-40.98018359,-334.060791,-322.7832031,-328.1770542,20.36024434,1,17.91701502,6.922483078,36502.9,724.6,178.962,264.444,90.1,0.676748196215456,37367.76,0.98,0.53,11.28,0.88,11231.8,1
2303,1.22,0,0,4.092641354,0.999495045,-163.0680084,-163.2102507,-206.0447998,-204.5207977,-205.6871702,61.76780446,0,15.77050326,1.314208606,11310.3,531.2,93.004,201.855,89.7,0.460746575512125,13581.16,0.83,0.25,1.52,0.5,52079.92,0
2304,0.91,0.30480957,0,8.050232887,1.781765759,-107.2896118,-108.6128189,-261.8232117,-258.7752075,-260.2847576,6.651530434,1,83.14413042,0.950218634,31285.7,827.4,147.633,303.826,12.1,0.48591298967172,37420.34,0.84,0.52,3.05,0.58,30141.41,1
2305,16.76,6.096008301,0.572654963,15.60816669,8.115684418,128.9303894,118.7390853,-499.5671997,-474.5736084,-487.9848059,12.22720108,1,11.64495341,16.30293477,51057.8,1147.8,166.389,465.06,47.5,0.357779641336602,63794.63,0.8,0.47,24.99,0.49,2887.89,2
2306,9.14,0,0,2.917474985,1.470662478,-152.0952148,-152.9595088,-216.7127991,-213.9696045,-215.9278364,0,0,79.86789005,13.53693052,10980.4,426.4,106.752,150.757,105.8,0.708106422919002,11876.42,0.92,0.3,2.74,0.76,47506.35,0
2307,8.23,4.876800537,0.286335915,14.56947708,7.227580815,-40.23361206,-45.65580698,-329.7936096,-316.9920044,-323.3876164,21.26641773,1,10.42054469,11.2712014,69894.9,1334.9,170.112,598.167,118.4,0.284388807807853,75214.35,0.93,0.5,12.8,0.49,12244.71,1
2308,1.52,0.609588623,0.809795499,4.517885208,2.851109904,-78.33361816,-78.98053228,-291.3887939,-288.6455994,-290.1509443,0,0,71.08254309,10.15464901,7318.9,310.9,90.145,105.72,162.6,0.852676882330685,7348.19,1,0.47,2.74,0.95,20730.39,1
2309,0.91,0,0,1.810314417,0.831726604,-173.1264191,-173.4053346,-195.6815948,-195.0720062,-195.4371843,50.33978748,0,32.62764004,0,15944.9,510.5,109.571,188.621,83.7,0.580905625566612,16861.84,0.95,0.48,0.61,0.77,56837.1,0
2310,30.78,10.05841064,0,33.25701523,6.328717505,141.122406,127.3198551,-513.5880127,-464.8200073,-496.3042108,4.169984892,4,54.33616678,7.455427535,235260.7,3268.4,557.795,923.731,34.9,0.603850038593487,370713.77,0.63,0.36,48.77,0.28,3883.76,3
2311,19.2,0,2.179591179,10.75622749,7.23842001,131.0639954,130.4821042,-502.0056152,-498.9576111,-500.5093203,8.940599916,0,67.0544994,8.94059992,3325.1,208.4,57.305,70.508,93.6,0.812744653089011,3325.09,1,0.51,3.05,0.96,4287.91,3
2312,1.22,0.914398193,0.809809148,8.824195862,4.263281336,65.53198242,61.31271535,-435.2543945,-424.8912048,-430.312428,0,0,20.4954299,51.23857475,23207.7,630.9,140.297,220.251,175.2,0.636986892227504,25458.58,0.91,0.48,10.36,0.73,13.6,2
2313,0.3,0,0.404939324,6.648288727,2.768197993,-147.2184143,-148.2771918,-221.8944092,-216.4080048,-220.6324233,0,0,58.254242,6.853440235,17350.9,512.8,115.199,195.973,126.1,0.58783097671618,17963.89,0.97,0.23,5.49,0.83,45487.16,0
2314,4.88,1.828796387,0,5.148037434,2.469226993,-29.56561279,-31.78033804,-339.8519897,-332.5368042,-337.1262429,18.17260915,2,51.48905926,9.843496624,58891.8,1008.6,215.939,375.835,140,0.574557984221799,64353.85,0.92,0.38,7.32,0.73,9366.43,1
2315,2.13,0.914398193,1.214622259,12.17868423,4.75623227,-42.36721802,-43.48665272,-327.3551941,-323.0880127,-325.7425387,0,0,73.91785217,3.695892609,8043.6,345.4,86.015,128.151,107.9,0.671200380800774,8230.7,0.98,0.39,4.27,0.85,11769.35,1
2316,14.33,12.1920166,0.286336958,20.71798897,7.487886274,59.43600464,18.56654634,-429.1584167,-322.7832031,-387.509031,4.529759025,1,16.75156168,32.39205039,347832.9,4451.4,571.301,1306.136,31.9,0.437397790122928,641737.26,0.54,0.39,106.38,0.22,2156.07,2
2317,0.61,0,0.640179396,7.26096344,3.281125077,-38.70959473,-42.19925736,-330.4031982,-320.9544067,-326.6989522,0,0,0,74.34498251,28790.6,754.1,150.744,278.584,156.8,0.541107888464521,33512.2,0.86,0.4,9.45,0.64,11491.68,1
2318,0.61,0.304779053,0.28633979,17.34908676,4.92898979,-7.619995117,-12.73052979,-361.4927979,-338.9375916,-356.2292819,0,0,0,1.60586582,37024.6,854.3,154.648,348.292,180,0.444018237570774,40477.01,0.91,0.23,22.56,0.64,6042.04,2
2319,12.8,10.66802979,2.235214472,12.74951649,7.488782401,-65.22720337,-73.10155301,-304.8000183,-290.4743958,-296.1142336,16.19989479,1,33.7497808,15.18740136,44042.2,762.1,227.685,240.066,0,0.948426682662268,44437.57,0.99,0.61,14.33,0.96,19072.04,1
2320,4.27,4.267196655,0.640227735,16.42813492,6.831752807,-119.1768036,-144.7754846,-249.9360046,-203.3016052,-224.2488067,6.648655458,1,3.656760502,48.70140123,89426.5,2000.9,335.717,720.995,176.6,0.465630136131318,159013.04,0.56,0.55,46.63,0.28,44005.75,1
2321,8.84,0.30480957,1.741160393,12.05129242,6.207327957,-55.47360229,-57.47572835,-314.2488098,-306.6288147,-311.8761459,0,0,97.6770208,1.993408587,7456.6,332.3,69.36,128.769,90,0.538638958134334,7479.12,1,0.32,7.62,0.85,15000.3,1
2322,8.84,0.30480957,1.741160393,12.05129242,6.207327957,-55.47360229,-57.47572835,-314.2488098,-306.6288147,-311.8761459,0,0,97.6770208,1.993408587,7456.6,332.3,69.36,128.769,90,0.538638958134334,689350.71,0.01,0.32,7.62,0.85,15000.3,1
2323,1.52,0.914398193,1.032305956,6.862866879,4.474728361,30.78479004,27.88130714,-400.5072021,-392.5823975,-396.9652181,0,0,30.04510906,39.48785762,17315.5,487,136.037,167.524,63.1,0.812044841336167,17661.63,0.98,0.45,7.92,0.92,1377.8,2
2324,3.05,2.133575439,0.286338776,4.987949848,2.991952698,-31.39440918,-33.79841584,-338.0231934,-331.622406,-335.1364998,23.03419659,1,28.49993816,18.73968536,38073.2,721,215.58,227.788,90.1,0.946406307619365,38947.4,0.98,0.46,6.4,0.92,9761.13,1
2325,4.57,0,0,2.307237864,0.863051946,-71.0184021,-72.15294362,-297.7896118,-295.0464172,-296.7027913,16.33979796,0,75.06094685,0.510618686,29110.1,862.9,145.738,336.792,42.3,0.432724055203211,34344.1,0.85,0.41,2.74,0.49,18810.93,1
2326,0.91,0.30480957,0,7.869682312,2.54482449,-150.2664185,-151.902409,-218.846405,-213.6648102,-217.0020069,1.403229433,0,76.24213252,7.951633452,31778.4,796.2,133.976,331.047,113.2,0.404703863801817,34197.25,0.93,0.36,5.18,0.63,47046.66,0
2327,10.97,8.534393311,0.286305696,16.14785767,5.7297925,-17.06881714,-30.87050141,-352.653595,-318.5159912,-338.0883218,10.48461061,1,17.19476139,13.56009638,212656.6,2949.6,613.509,631.328,123.7,0.971775368746515,323280.89,0.66,0.43,34.14,0.31,9191.15,1
2328,2.13,0.609588623,0,4.324773312,1.268296965,-162.1536102,-162.4936755,-206.959198,-205.4351959,-206.3873888,69.89759849,0,13.15719501,1.644649378,18075.8,496.5,130.312,166.882,90.1,0.780863124842703,18267.1,0.99,0.4,1.52,0.92,51753.37,0
2329,0.3,0.304794312,0,5.778049469,1.820393393,-135.9408112,-138.6599829,-232.8672028,-226.1616058,-230.2050093,0,0,82.0049096,8.537497438,66159.6,1169,191.134,473.725,140.9,0.403470367829437,74514.92,0.89,0.4,6.71,0.61,41477.39,1
2330,2.13,0.914398193,0.640218377,13.26411152,6.177737029,-49.98721313,-52.3765867,-319.4303894,-312.4200134,-316.7639359,7.599671088,2,40.76187221,11.05406704,21514.8,585.1,119.792,234.285,116.3,0.511308875941695,21945.12,0.98,0.39,7.01,0.79,13777.26,1
2331,0.61,0.304779053,0.404904276,10.15651608,4.305925235,-46.63439941,-47.58575162,-322.4783936,-320.0400085,-321.6194245,0,0,33.0153363,45.02091314,4952.4,306.3,48.848,132.352,104.4,0.369076402321083,5110.48,0.97,0.37,2.44,0.66,12675.55,1
2332,7.62,1.523986816,0,9.889418602,3.8064036,-153.9240112,-160.0017749,-215.188797,-201.4728088,-208.9117466,6.706419075,1,45.23265632,19.26311862,104171.1,1497.2,337.463,547.269,7.7,0.61663094383201,123914.52,0.84,0.46,13.72,0.59,50625.8,0
2333,0.91,0,0,4.889379501,1.623921707,-93.87841797,-95.18725689,-274.9295959,-271.5768127,-273.7180878,0,0,76.25655468,8.288755942,17932.9,556.9,110.463,212.281,119.9,0.520362161474649,19326.22,0.93,0.37,3.35,0.73,25659.96,1
2334,2.74,0.609619141,0.286336422,4.371481419,2.290026824,-42.97680664,-46.16569957,-326.1360168,-317.9064026,-322.7583414,5.454882002,1,64.24638802,10.303666,49048.6,1059.4,233.989,372.454,159.9,0.628235970079527,61990.64,0.79,0.42,8.23,0.55,12357.81,1
2335,0.91,0.30480957,0.286340058,8.752045631,5.224781878,-41.45281982,-46.38822233,-327.9648132,-314.8583984,-322.6483897,0,0,0,74.7206845,15715.4,544.6,113.901,195.369,171.5,0.583004468467362,17752.85,0.89,0.41,13.11,0.67,12407.34,1
2336,2.44,2.438400269,0,12.91396618,3.86515003,-192.9384155,-198.3523591,-175.8695984,-160.6296082,-170.5552324,8.019303084,2,64.39028652,4.481375253,126041.1,2067.8,306.793,816.61,60.5,0.375690966311948,165848.61,0.76,0.35,15.24,0.37,69354.47,0
2337,17.98,3.352798462,0.286325216,8.202658653,2.867324186,-143.5608063,-148.355494,-225.552002,-214.5792084,-220.5273318,11.98757179,1,61.28046698,5.082730438,154995.4,1960.7,373.457,678.534,90.1,0.550388042456237,204828.11,0.76,0.46,10.97,0.51,45520.57,0
2338,7.01,3.352783203,0,11.90615654,3.668060252,-38.1000061,-41.29998533,-332.2319946,-321.2592163,-327.7287752,8.881527364,2,31.91798897,4.163215952,53555.3,1363.3,260.364,403.011,65.5,0.64604688209503,77265.28,0.69,0.41,10.97,0.36,11299.69,1
2339,0.3,0.304794312,0.286327809,12.11214352,5.857851956,-167.0304108,-170.0374294,-202.0823975,-192.633606,-198.9242646,0,0,0,25.34939796,17591.1,488.5,129.968,181.205,124,0.717242901685936,17686.89,0.99,0.34,9.45,0.93,55242.59,0
2340,2.13,0,0.286343426,3.490898848,2.242779039,-69.49441528,-70.12839905,-299.6184082,-297.7896118,-298.9356488,0,0,79.25086956,13.86890217,7502.3,314.2,92.559,98.653,117.1,0.938227930220064,7558.03,0.99,0.39,1.83,0.96,18259.68,1
2341,8.84,0.914398193,0,6.932585239,1.893357157,-71.32321167,-73.35370445,-297.7896118,-291.0840149,-295.5114429,33.75183003,3,20.66972537,3.488561243,170432.9,3324.6,401.29,1328.128,121.6,0.302147082208944,390590.54,0.44,0.34,6.71,0.19,19141.75,1
2342,2.13,1.523986816,0,11.21110058,4.782175682,54.86398315,51.22855872,-423.9768066,-414.8327942,-420.285954,1.216884531,0,29.81367098,23.12080607,24429.8,614.8,172.017,182.097,137,0.944644887065685,25754.28,0.95,0.41,9.14,0.81,189.65,2
2343,3.35,1.219177246,0.640262067,4.914237976,3.219319144,-49.98721313,-51.10331726,-319.4303894,-316.6871948,-318.0319079,33.72811094,0,35.26120689,3.066191906,9695.5,361.4,106.098,106.172,90.1,0.999303017744791,9750.27,0.99,0.53,2.74,0.94,13479.98,1
2344,34.14,0,0,18.20357704,7.578404889,-161.5440063,-177.9266889,-207.5688019,-151.1808014,-190.9892303,1.553314443,0,39.11528189,24.85303109,105262.4,1649.4,360.522,439.024,54.3,0.821189729946427,117776.64,0.89,0.29,56.39,0.49,59013.38,0
2345,1.52,0,0,11.47165775,2.346478988,-156.6672058,-158.5566189,-212.1408081,-200.5583954,-210.3128822,27.29499326,0,46.74993527,3.194094956,51190,1251.6,209.392,480.692,87.9,0.435605335641117,71552.71,0.72,0.16,11.58,0.41,49977.56,0
2346,3.35,1.828796387,1.280288458,10.50974751,5.604874458,62.17919922,59.10216147,-432.2063904,-423.367218,-428.2464212,6.314146031,1,37.88487617,21.31024285,18832.8,542.5,113.347,206.38,116.2,0.549215040217075,19558.38,0.96,0.45,8.84,0.81,34.78,2
2347,22.56,4.571990967,0.286313981,11.42770672,4.798923573,135.9407959,129.3027372,-505.3583984,-485.8511963,-498.2912472,16.09322859,2,39.67167977,11.41496446,79431.9,1433.8,247.565,490.507,99.3,0.504712470973911,99194.29,0.8,0.36,19.51,0.49,4134.84,3
2348,0.91,0.914398193,0.640265524,18.66718292,10.47747244,102.4127808,98.38170656,-472.4400024,-461.7720032,-467.8594201,0,0,0,49.44917076,10520.8,382.1,104.632,128.705,18,0.812959869468941,10806.85,0.97,0.43,10.67,0.91,1114.34,2
2349,3.66,2.133605957,0.404946297,11.40387249,4.17369472,117.0431824,114.9301101,-486.4608154,-479.7552185,-483.9564658,0.485911769,0,31.09835322,9.232323611,30590.2,717.8,201.974,231.036,36.7,0.874210079814401,33638.46,0.91,0.38,6.71,0.75,2493.02,2
2350,20.12,17.37362671,0.286307514,16.72759819,6.777292574,-2.438415527,-28.02888718,-366.9792175,-320.3448181,-340.9572391,3.65625029,3,19.25037803,5.990964331,337428.7,4070.6,473.254,1610.734,134.9,0.293812634488376,543113.04,0.62,0.56,46.63,0.26,8654.37,2
2351,37.8,0.914413452,0,12.78290653,3.733811376,-157.8864136,-159.7722241,-211.2264099,-202.0823975,-209.1300809,50.35055251,0,28.61650107,1.086702572,41034.6,844.7,171.382,325.7,111.7,0.526195885784464,43183.89,0.95,0.23,9.14,0.72,50522.55,0
2352,0.3,0,0.286316574,5.542353153,3.00924005,41.75759888,40.58321695,-410.8703918,-406.6032104,-409.5212173,0,0,30.16345594,46.75335669,9855.7,367.7,105.99,118.545,90,0.894090851575351,10030.05,0.98,0.32,4.27,0.92,596.18,2
2353,40.84,3.962402344,0.286331683,24.00390244,10.05804462,-155.1432037,-169.6696054,-214.2743988,-160.9344025,-199.2959025,13.94468606,0,25.93711608,21.05647596,106593.6,1832.2,332.968,470.73,142.7,0.707343912646315,135671.37,0.79,0.28,53.34,0.4,55069.82,0
2354,0.91,0.609588623,0,6.897872925,2.597148011,-165.8112183,-169.551376,-202.9967957,-194.7671967,-199.3502107,0,0,63.18703781,16.02242744,65867.3,1163.5,246.535,443.916,58.1,0.55536407788861,75027.08,0.88,0.45,8.23,0.61,55014.35,0
2355,15.85,12.49679565,0.640265524,18.53344917,8.250135332,-35.96640015,-46.43100462,-334.9751892,-314.2488098,-322.6904122,10.93203706,2,30.36676962,8.097805232,73423.1,1192.4,229.657,447.218,93.8,0.513523605937149,81133.46,0.9,0.6,20.73,0.65,12416.87,1
2356,0.3,0,0,8.01080513,2.226589011,-74.06640625,-75.98915713,-294.7416077,-289.8648071,-292.8717444,0,0,84.60340217,3.420622729,65181.7,1129.2,192.976,457.584,139.2,0.421728032448687,73236.15,0.89,0.39,4.88,0.64,19877.94,1
2357,7.32,4.572021484,0,10.20299625,6.044842077,-72.54241943,-77.04833398,-296.8752136,-284.9880066,-292.0101277,25.14591908,1,31.52094082,19.83340096,41969.2,761.3,203.309,250.172,0,0.812676878307724,42839.33,0.98,0.41,11.89,0.91,20177.73,1
2358,2.74,0.609588623,0.572681904,5.310983658,3.291767954,-77.41921997,-79.23561927,-291.6936035,-286.5119934,-289.7508145,13.24627866,1,33.94358908,26.49255733,17954.2,505.6,130.226,176.619,89.1,0.737327241123548,18488.86,0.97,0.38,5.18,0.88,20803.91,1
2359,0.91,0.914398193,0,15.62672806,4.71808985,30.47998047,10.9681272,-399.592804,-347.1672058,-379.8594332,3.622047491,3,34.81426823,9.800834385,348822.6,4906,396.105,1622.812,14.2,0.24408557491564,502313.16,0.69,0.38,52.43,0.18,2919.44,2
2360,6.1,0.30480957,0,3.61715436,1.667204981,-155.1432037,-156.0489723,-213.6648102,-210.9216003,-212.8121041,20.1481553,0,42.31112613,19.7451922,36887.1,858,150.069,356.436,79.3,0.421026495640171,40030.89,0.92,0.32,2.74,0.63,48862.65,0
2361,10.67,9.753601074,0,20.6280117,8.110068677,138.9888,112.7071458,-508.7112122,-453.8471985,-481.7118927,6.622214663,2,17.75026611,17.06756356,217725,2832.3,488.527,844.546,167.9,0.578449249656028,305401.53,0.71,0.49,54.86,0.34,2275.97,2
2362,4.27,3.352813721,0.286339551,14.83772945,5.550219224,4.876800537,-4.202464584,-374.5992126,-352.0440063,-364.7619335,21.27897438,0,7.529483242,29.95424855,90809.8,1544.7,203.742,654.712,9.9,0.311193318588937,102792.86,0.88,0.44,22.56,0.48,4788.98,2
2363,33.83,17.06881714,0,21.07341766,9.374577312,-11.27761841,-28.0341164,-359.0544128,-316.6871948,-340.9410292,4.693164195,4,13.57665357,15.50420315,354725.3,3949.9,337.225,1550.868,82,0.217442748190046,448155.51,0.79,0.43,42.37,0.29,8655.35,2
2364,2.13,0,0,2.817820549,1.090987093,-50.59680176,-50.99638072,-318.5159912,-316.9920044,-317.8961566,40.44970258,0,59.83185173,0,17638.7,543.2,134.528,189.379,78.8,0.710363873502342,19146.39,0.92,0.44,1.52,0.75,13455.16,1
2365,5.49,3.657623291,0.809805214,10.73826313,4.652221853,1.523986816,-4.02577379,-371.8560181,-359.0544128,-365.0477119,12.776766,1,31.23209466,15.9709575,41881.4,890.3,157.702,348.547,9.2,0.45245547946188,45802.87,0.91,0.54,12.8,0.67,4764.56,2
2366,13.72,9.143981934,2.714388847,24.40827942,13.69448976,95.70718384,87.2092147,-466.3439941,-446.836792,-456.8587835,25.6058905,1,9.602208941,15.3635343,23219.9,569.5,147.927,214.385,132.9,0.690006297082352,23538.18,0.99,0.49,19.51,0.9,493.25,2
2367,3.35,2.438415527,0.858960748,8.838182449,5.678010573,73.45678711,69.69360551,-443.7888184,-432.8160095,-438.8183725,7.058662146,1,26.30955891,20.53428988,23163.8,557.2,164.531,185.449,166.3,0.887203489908277,23571.03,0.98,0.46,10.97,0.94,22.03,2
2368,33.83,12.19198608,0,30.76251984,8.80373951,146.9136047,130.2985068,-516.6359863,-459.3336182,-499.3210218,14.14548654,1,29.33108238,4.99252466,142909.4,2215.3,398.756,638.122,54.4,0.624889911333569,187934.16,0.76,0.3,57.3,0.37,4263.89,3
2369,5.79,0.30480957,0,4.324874878,1.322855893,-74.37121582,-74.82209058,-294.7416077,-292.6080017,-294.0319315,7.492530359,0,69.30590582,1.123879554,39677.2,849,173.909,337.025,115.6,0.516012165269639,42143.17,0.94,0.35,2.13,0.69,19550.22,1
2370,0.61,0.30480957,0,5.416804314,3.145090676,-89.61120605,-91.01329238,-279.5016174,-275.5392151,-278.0134626,0,0,52.24873763,26.70491035,12802,413,118.815,130.784,155.5,0.908482689013947,12982.95,0.99,0.39,3.96,0.95,24340.15,1
2371,3.96,1.524017334,1.214687586,7.27777338,4.659806391,-7.924804688,-10.34627872,-362.102417,-354.4823914,-358.82298,18.57621488,1,5.572864465,44.5829157,16003.4,472.3,118.08,166.198,179.9,0.710477863752873,16052.39,1,0.44,7.62,0.9,5677.06,2
2372,23.16,15.84957886,0.572645962,21.02809143,7.790600962,70.10400391,55.56581182,-439.2167969,-403.8600159,-424.5972553,10.74055626,1,27.34966389,11.07273842,134240.9,1904.7,424.269,513.237,18.4,0.826653183616926,182787.94,0.73,0.41,35.36,0.47,89,2
2373,25.3,16.15438843,0,36.91648102,6.376799279,67.36077881,36.87230938,-438.6072083,-362.407196,-405.8059393,2.729985209,2,38.48398505,14.09024624,506363.7,5615.1,622.401,1831.289,14.2,0.339870440984465,862808.36,0.59,0.43,76.2,0.2,791.17,2
2374,1.83,0.609619141,0.809878469,10.05180073,4.641347596,-54.5592041,-56.30334269,-315.163208,-309.3720093,-312.8467238,0,0,32.7734971,44.07470299,13152.7,427.3,108.335,157.421,114.9,0.688186455428437,13209.71,1,0.41,5.79,0.91,14714.5,1
2375,5.79,0,0,2.445065737,0.864857367,-74.06640625,-74.25832339,-294.7416077,-294.4367981,-294.617426,78.92151027,0,7.174682753,0,4143.5,244.3,64.737,86.728,155.5,0.746437136795499,4177.82,0.99,0.61,0.3,0.87,19392.88,1
2376,21.64,18.89758301,1.280347705,21.64339447,8.494077203,-62.48400879,-76.00761135,-308.1528015,-283.7687988,-293.1026704,10.51354764,1,30.20558926,25.69978312,89069.9,1121.2,311.88,362.03,90.5,0.861475568323067,92400.67,0.96,0.62,24.38,0.89,19883.15,1
2377,14.63,0,2.638076067,9.335541725,6.268410199,128.0159912,125.2010731,-496.8240051,-491.0328064,-494.1794164,0,0,33.77218301,2.814348583,5281.6,264.6,69.66,94.028,90.7,0.740843153103331,5294.2,1,0.46,5.79,0.95,3624.17,2
2378,3.96,3.657623291,0,14.83805943,3.876599625,13.71600342,8.747889624,-382.8287964,-367.8936157,-377.7048454,5.598365592,2,45.54346062,8.775816333,98238.2,1671.2,261.692,643.675,165.7,0.406559210781839,126144.87,0.78,0.35,14.94,0.44,3164.3,2
2379,0.91,0.30480957,0.404957652,8.526916504,3.855252071,39.31918335,36.0786873,-408.4320068,-398.6784058,-405.0243956,0,0,31.79158108,24.72678528,33663.6,678.5,200.343,225.711,143.5,0.887608490503343,34524.51,0.98,0.35,9.75,0.92,836.44,2
2380,3.35,1.219177246,0.85897547,36.79233933,15.46521324,-65.83682251,-75.14777058,-303.8855896,-269.7480164,-294.153359,0,0,29.84201985,35.68067591,22912.3,557.3,154.442,191.177,1,0.807848224420302,23192.96,0.99,0.29,34.14,0.93,19641.4,1
2381,35.36,1.828811646,0.286352754,26.49097443,8.121542547,-160.3248138,-167.4368114,-208.7880096,-165.2015991,-201.5610615,28.61290852,0,20.19734719,0.336622453,44156.7,1084.1,222.262,332.558,24,0.668340560142892,54944.6,0.8,0.17,43.59,0.47,54026.87,0
2382,3.35,1.828796387,0.905437589,9.598478317,4.702909679,-51.81600952,-55.26823564,-318.2112122,-309.9815979,-313.8119786,8.685162092,1,46.13992363,11.39927525,27383.1,711.2,127.093,300.297,102.9,0.42322434123551,28789.31,0.95,0.54,8.23,0.68,14464.45,1
2383,0.91,0,0.640285194,6.501718521,4.031592605,-85.34402466,-87.85050542,-283.7687988,-277.0632019,-281.1844866,0,0,27.0399454,46.79990549,14292.5,447.1,122.351,140.621,68.1,0.870076304392658,14665.69,0.97,0.39,6.71,0.9,23363.28,1
2384,10.67,2.438415527,0,28.88409233,6.868127781,89.00158691,51.316035,-458.1144104,-345.3384094,-420.2350186,5.468999267,0,37.04212949,5.377083313,646858,7783.3,517.593,3295.2,8.4,0.157074836125273,1200000,0.54,0.34,112.78,0.13,187.25,2
2385,1.22,0.609619141,0.640283465,5.882457256,3.405049433,38.70959473,36.13084206,-407.8224182,-399.592804,-405.0621941,0,0,48.96378489,24.01996995,32178.9,681.1,169.202,252.78,36.8,0.669364664926023,33037.12,0.97,0.34,8.23,0.87,833.43,2
2386,3.05,1.219177246,0.286352247,8.280467987,4.563986229,38.70959473,34.93148969,-408.1271973,-396.8496094,-403.929709,14.00382796,1,16.33779929,24.50669893,38211.6,719.7,201.936,235.151,7.9,0.858750334891198,38850.85,0.98,0.38,11.28,0.93,904.12,2
2387,45.72,27.43200684,0.286339015,34.82125473,13.13718478,-22.25039673,-53.83477398,-347.4720154,-274.0151978,-315.2746098,5.020060351,4,12.32453019,6.853228456,527048.9,5483.2,599.792,1940.507,128.2,0.309090356283178,799817.24,0.66,0.44,73.46,0.22,14121.7,1
2388,3.35,1.219192505,0,4.72911787,1.780423273,-173.1264191,-174.3946486,-195.6815948,-192.633606,-194.4806709,33.15971232,1,33.7973991,3.188433878,46618.9,874.1,208.627,312.47,10.1,0.667670496367651,49950.3,0.93,0.41,3.05,0.77,57309.8,0
2389,0.91,0,1.619368553,4.062922955,2.999879114,-74.98080444,-76.78929104,-293.8272095,-289.8648071,-292.0729092,0,0,2.162352346,80.00703685,6874.1,354.8,60.488,147.929,21.3,0.408898863644045,7185.42,0.96,0.45,3.96,0.69,20104.2,1
2390,2.44,0.609588623,0,8.144486427,3.649597144,-58.52160645,-59.45150757,-310.8959961,-306.9335938,-309.6561424,29.51094392,0,32.98281968,19.09531665,8562.6,352.6,77.851,135.842,134.9,0.573099630453026,8677.24,0.99,0.32,3.96,0.87,15488.18,1
2391,23.16,11.27758789,0,23.41326714,6.455808104,-41.45281982,-61.99492939,-328.5744019,-282.244812,-306.9759859,3.203585315,3,37.9912361,7.433960795,361908,4558.5,805.249,1197.186,178.5,0.672618122831373,689350.71,0.52,0.47,46.33,0.22,16127.71,1
2392,14.02,3.047988892,0,20.69349098,5.334390657,-177.69841,-191.4972497,-191.4143982,-129.235199,-177.4052266,12.9179826,1,42.5082365,3.996500868,368209.6,4596.5,663.019,1294.296,22.6,0.512262264582445,630650.81,0.58,0.23,62.18,0.22,65790.84,0
2393,9.14,3.657592773,0,8.480175018,4.074188852,-35.35681152,-39.14635309,-334.3656006,-327.050415,-329.8764528,13.47890008,1,49.53495781,3.706697522,44110.8,858.5,185.214,310.173,112,0.597131278351114,47397.21,0.93,0.62,7.32,0.75,10846.46,1
2394,1.22,0,0,3.888803005,1.498908152,-175.5648041,-176.9562884,-193.5480042,-189.5856018,-191.934183,13.24729265,0,72.61478932,4.906404684,30295.4,783.7,124.336,333.595,156.4,0.372715418396559,32409.6,0.93,0.42,3.96,0.62,58542.85,0
2395,2.44,1.219207764,0,11.25306225,2.119070454,-173.1264191,-174.0805292,-195.9864044,-189.5856018,-194.782903,31.96995065,0,29.22966916,6.39399013,48818.8,989,173.111,398.185,156.3,0.434750178936926,52461.95,0.93,0.19,6.4,0.63,57159.5,0
2396,20.12,13.41119385,1.832951069,18.80974007,11.10484073,-26.82241821,-36.25716418,-345.3384094,-324.6119995,-333.2320852,19.39672959,1,39.25528607,6.465576527,32185.5,665.5,178.973,239.538,89.8,0.747159114628994,32746.86,0.98,0.59,20.73,0.92,10253.01,1
2397,9.75,7.619995117,0.28632772,13.63853359,5.76532302,-44.1960144,-51.18258047,-326.4407959,-309.3720093,-317.8331383,7.723359387,3,16.14884235,6.787194612,127021.6,1902,310.132,716.38,118.2,0.432915491778107,166494.58,0.76,0.51,17.07,0.44,13498.39,1
2398,6.4,0,0,3.33562994,1.57486278,-69.49441528,-71.33616623,-299.6184082,-293.8272095,-297.5198539,22.26900624,0,73.38649783,1.518341334,58738.3,1131.7,292.255,336.146,113.3,0.86942876012209,71014.39,0.83,0.37,5.79,0.58,18587.55,1
2399,0.3,0,0.286356896,7.76792717,3.287266621,-74.37121582,-75.9886849,-294.7416077,-290.1696167,-292.9209298,0,0,10.91601374,76.41209617,10893.5,439.5,85.858,169.589,153.8,0.50627104352287,11779.2,0.92,0.41,4.57,0.71,19877.81,1
2400,1.22,0.914398193,0,16.81424332,7.460827041,-162.7632141,-165.4873625,-206.959198,-198.1199951,-203.7238773,0,0,22.30867746,10.62317974,13992.2,442.8,105.875,167.273,180,0.632947337585863,14098.44,0.99,0.37,8.84,0.9,53124.42,0
2401,3.35,1.828796387,1.180494189,11.37707138,6.748708386,-1.524017334,-4.973225808,-368.1983948,-358.4447937,-364.2982081,15.48435206,1,11.35519151,17.54893233,14399.2,443,130.178,141.781,179.9,0.918162518249977,14657.53,0.98,0.4,9.75,0.92,4896.25,2
2402,3.05,1.828796387,1.03234005,17.3837738,9.289457312,78.02877808,74.46888381,-448.0559998,-435.8640137,-443.8552375,12.83210012,1,8.982470081,26.94741024,11583.6,411.6,105.278,144.155,47.1,0.730311123443516,11997.2,0.97,0.35,12.19,0.86,89.66,2
2403,6.71,0.609588623,0,8.090373993,2.868354399,-73.45681763,-75.56142004,-295.6560059,-285.2928162,-293.3218146,31.77441877,0,27.64116104,14.46640204,57539.7,1054.8,252.406,345.03,148.3,0.731547981334956,63678.05,0.9,0.23,10.36,0.65,19757.51,1
2404,1.83,0.914398193,0.640269399,8.752590179,5.157727739,-17.67840576,-21.13364023,-352.0440063,-342.2904053,-347.9716787,0,0,22.70610775,17.84051323,18329.7,517.5,137.534,166.123,60.4,0.827904624886379,19113.03,0.96,0.42,9.75,0.86,7419,2
2405,14.02,7.315216064,0.572696924,15.16440678,5.121853959,60.95999146,52.63205709,-430.0728149,-408.7368164,-421.5807173,13.11293478,1,20.56930945,16.19833119,115621.9,1763.8,396.133,503.626,40.8,0.786561853438861,152715.19,0.76,0.4,21.34,0.47,152.97,2
2406,17.37,16.15438843,0,20.53289413,7.660583524,-50.59680176,-74.02990029,-320.6495972,-277.0632019,-294.973075,3.82897434,5,17.93572191,4.097674293,442549.9,5498.6,404.983,2371.361,126.6,0.170780830080279,746834.21,0.59,0.59,43.59,0.18,19329.31,1
2407,4.57,2.74319458,0.640262365,7.32201004,4.487589583,-64.92242432,-67.60285824,-305.1047974,-298.0943909,-301.4938202,15.41879741,1,24.90728813,20.75607344,25064.7,588.1,154.638,203.722,0.2,0.7590638222676,25334.2,0.99,0.52,7.01,0.91,17583.52,1
2408,2.13,0.304794312,0,2.003664017,0.989440761,-176.174408,-176.4978748,-192.9384003,-191.7192078,-192.3910051,61.29594589,0,36.3620018,0,14307.4,455.8,128.557,159.122,161.6,0.807914681816468,14839.21,0.96,0.49,1.22,0.87,58321.22,0
2409,0.91,0,0.572709322,5.778599739,3.88786576,-78.63839722,-80.56067993,-290.7792053,-285.2928162,-288.4302136,0,0,0,83.95051575,10800.6,377.5,105.849,129.828,180,0.815301783898697,10836.22,1,0.44,5.49,0.95,21187.91,1
2410,1.22,0,0.404934675,3.198238134,1.802908722,-21.33599854,-21.61736122,-347.7767944,-346.8623962,-347.4602814,0,0,113.9721973,0,3390.9,210.2,57.509,69.724,179.9,0.824809247891687,3390.89,1,0.39,0.91,0.97,7502.57,2
2411,33.22,1.219207764,0,11.5801096,2.554153647,-162.4584045,-164.992196,-206.6544037,-199.6439972,-203.896859,29.56984087,0,61.03215155,4.021498358,62834.9,1056.7,198.183,390.427,123.8,0.507605775215341,67425.06,0.93,0.4,7.01,0.71,52896.41,0
2412,1.22,0.30480957,0,14.66336632,5.1109497,-29.56561279,-31.03040649,-339.5472107,-332.8416138,-337.9530321,18.07841228,1,14.46272983,7.954501402,20555.1,688.2,96.76,290.781,71.3,0.332759017955093,23262.68,0.88,0.24,6.71,0.55,9221.84,1
2413,7.32,3.962402344,0,8.847313881,3.981375336,-36.57601929,-41.77216846,-332.5368042,-319.1256104,-327.1781481,15.58346152,1,40.73300833,12.03475246,96337.9,1465.3,372.227,401.41,176.7,0.927298771829302,113148.47,0.85,0.4,13.41,0.57,11400.3,1
2414,0.3,0.30480957,0,10.86914921,4.325229981,-82.60079956,-84.04352722,-286.816803,-281.6351929,-284.9913917,0,0,21.10403513,59.97988931,13382.2,423.9,117.953,142.818,0,0.825897295859065,13490.36,0.99,0.36,5.18,0.94,22213.97,1
2415,3.66,3.04800415,0.640240788,9.233592033,3.434466016,-37.18560791,-45.06231988,-332.5368042,-316.0776062,-323.8953851,2.683939367,1,19.68222202,26.61573205,66458.2,1318.1,214.002,470.639,95.5,0.454705198676693,80187,0.83,0.53,16.46,0.48,12113.71,1
2416,1.83,0.30480957,0,4.122756958,1.301900058,-175.8696136,-176.3472841,-193.2432098,-190.8048096,-192.5229036,45.86169285,0,26.49786698,13.24893349,29169.7,819.6,147.932,325.38,130.8,0.454643801094105,33201.62,0.88,0.31,2.44,0.55,58248.51,0
2417,2.44,0.914398193,0.404977053,6.557413578,3.395063071,-45.72000122,-46.53447586,-324.0024109,-320.6495972,-322.5883294,32.43909937,0,25.95127949,4.865864906,9164.3,364.8,101.13,124.562,161.3,0.811884844495111,9379.93,0.98,0.43,3.35,0.87,12439.94,1
2418,0.61,0.30480957,0.286365449,16.73624611,8.027946781,-47.54879761,-50.80897372,-321.8688049,-310.2864075,-318.2679805,1.981828844,0,21.80011726,26.75468937,15000.4,458,110.527,164.924,104.5,0.670169290097257,15199.96,0.99,0.31,11.58,0.9,13411.72,1
2419,7.32,5.181610107,0,27.73588562,7.197297652,-103.3272095,-122.8995299,-265.785614,-206.959198,-246.0083147,9.154343804,1,31.56832992,13.68432837,315002.8,3995.1,433.664,1490.887,38.7,0.29087650506041,455736.76,0.69,0.34,58.83,0.25,35306.23,1
2420,0.3,0.30480957,0,4.651330948,2.340944709,-10.36322021,-10.77402861,-358.7496033,-357.2256165,-358.2460201,13.42586653,1,76.07991034,6.712933264,6642.8,298.8,77.992,108.768,108.9,0.717049132097676,6691.55,0.99,0.35,1.52,0.94,5741.7,2
2421,16.46,14.02081299,0.286359489,18.79441643,7.135425568,-33.52801514,-51.58166665,-338.3280029,-297.4848022,-317.4442329,7.605172832,2,11.43592655,9.633218921,263854.5,3128.1,654.032,814.076,50.4,0.803404104776458,386102.67,0.68,0.51,40.84,0.34,13591.28,1
2422,18.9,11.58239746,0,15.10584641,5.769207451,-35.66162109,-52.36740291,-334.060791,-302.3616028,-316.6236842,5.956318027,1,26.52546961,9.450691269,187164.4,2883,410.062,984.739,70.5,0.416416938904623,282343.54,0.66,0.55,31.7,0.28,13775.11,1
2423,8.23,2.438400269,0.640278041,21.08742714,7.777361689,-183.7944183,-216.2507248,-185.6231995,-120.0912018,-152.6630362,7.945569602,0,3.972784801,14.53457854,153401.2,2497.4,309.239,953.66,58,0.324265461485225,243625,0.63,0.5,65.53,0.31,79101.97,0
2424,0.91,0.30480957,0.286365956,22.45931244,7.842309119,77.41918945,75.20761712,-446.5320129,-436.7784119,-444.2105635,0,0,2.287347536,25.16082291,12996.8,481.7,96.163,198.522,48,0.484394676660521,13755.52,0.94,0.24,9.75,0.71,104.2,2
2425,12.19,3.352813721,0,11.44878864,4.795470484,-11.88720703,-16.99465396,-357.8352051,-344.4240112,-351.9469489,5.1954234,2,47.47542072,8.599321489,82969.2,1119.2,279.065,393.247,125.6,0.709643048770874,86103.8,0.96,0.44,13.41,0.83,6723.12,2
2426,5.79,3.962402344,1.741344452,11.18414688,7.190142001,19.8119812,15.84021207,-390.1440125,-379.4760132,-385.1452848,31.10869747,1,13.22119643,4.66630462,19112.5,497.9,142.44,154.729,0,0.920577267351304,19156.98,1,0.47,10.67,0.97,2416.68,2
2427,3.96,1.523986816,0,7.205927849,2.587456467,-90.83041382,-102.7445501,-277.9776001,-248.4120026,-266.1342871,7.922514672,0,59.45454704,18.34311956,208257.1,2913.7,396.576,1157.453,5.2,0.342628167191238,336242.6,0.62,0.4,29.57,0.31,28138.23,1
2428,6.71,0,0.286367267,6.501963615,3.643890689,-16.459198,-19.09469765,-352.3488159,-344.4240112,-349.8531127,0,0,0,34.74919457,19249,523.8,148.603,178.474,135.1,0.832631083519168,19530.46,0.99,0.32,7.92,0.88,7071.92,2
2429,9.14,8.534393311,0.905432522,14.60954952,7.880308775,29.26080322,19.29422695,-400.2023926,-376.428009,-388.4276245,12.94868948,1,18.12816527,16.31534875,57396.3,887.7,237.311,290.153,21.5,0.817882289688544,58243.74,0.99,0.5,23.77,0.92,2089.02,2
2430,1.83,0.609588623,0,3.537559986,1.82248077,-50.59680176,-51.23320695,-318.5159912,-316.6871948,-317.7054363,0,0,0,90.13391947,13192.9,432.3,116.508,154.831,73.1,0.752484967480673,13495.85,0.98,0.47,1.83,0.89,13510.16,1
2431,9.14,7.010406494,2.179805994,12.7025013,6.704708927,-70.10400391,-75.63751637,-300.837616,-287.7312012,-293.5736644,19.45470136,1,10.85843797,14.93035221,32853.7,658.5,178.984,227.724,89.9,0.785968979993325,33050.28,0.99,0.56,13.11,0.95,19778.91,1
2432,1.22,1.219177246,0.286336005,9.335957527,3.892498471,-32.0039978,-34.77781107,-337.1087952,-328.2695923,-334.1513878,20.71475517,1,19.91803382,15.93442706,37313.3,776.5,183.735,297.261,79,0.618093190832299,38742.31,0.96,0.34,8.84,0.78,9955.61,1
2433,1.52,0,0.809860885,4.063157082,2.191214372,-22.5552063,-22.79073542,-346.8623962,-345.3384094,-346.3497911,87.19262059,0,4.589085294,0,3239,213,58.683,70.291,18.7,0.834857947674667,3302.12,0.98,0.36,1.52,0.9,7707.21,2
2434,12.19,8.22958374,0.404979259,23.34871292,8.794358266,-35.96640015,-51.02570946,-333.4512024,-306.3240051,-318.028043,8.308234512,1,15.9143647,4.21262595,127025.1,2227.5,207.876,981.949,82,0.211697348843983,172332.22,0.74,0.57,27.13,0.32,13461.97,1
2435,1.22,1.219207764,0,7.261592865,1.951086982,-127.4064178,-130.7468651,-241.7064056,-233.781601,-238.1078333,9.45351358,2,76.88857711,2.520936955,117925.5,1764.7,270.646,730.718,134.2,0.370383650053783,144644.05,0.82,0.46,7.92,0.48,38316.84,1
2436,1.22,1.219207764,0,21.45493317,6.157212317,119.786377,89.73405014,-488.5943909,-430.0728149,-458.6508489,1.246341434,2,51.80625895,11.79869891,357786.6,4475.2,471.293,1703.152,163.4,0.276718108542279,518978.87,0.69,0.51,58.52,0.23,611.77,2
2437,5.49,4.876800537,0.286366999,14.24709225,5.606007099,-47.54879761,-51.35340524,-321.8688049,-312.4200134,-317.6956377,20.07560926,1,13.26424183,6.094381381,41462.9,928.6,184.997,355.351,98.1,0.520603572242656,45636.47,0.91,0.45,9.45,0.61,13538.11,1
2438,21.95,2.438415527,0,25.87688828,8.675660544,135.6359863,109.5075007,-504.7488098,-427.3296204,-478.4717763,3.549846525,1,39.175092,10.26919888,351730.1,3762.7,701.63,1188.527,149.7,0.59033576856058,554365.88,0.63,0.34,77.42,0.31,1980.92,2
2439,7.01,5.181610107,0.905495942,13.85956669,6.610554555,90.52560425,82.89695103,-459.9432068,-437.9976196,-451.9461339,0,0,37.38656756,27.91188948,58046.6,1008,237.995,349.212,11.8,0.681520108129159,64537.05,0.9,0.37,21.95,0.72,320.3,2
2440,21.34,4.876800537,0,17.2921505,7.112277926,-3.04800415,-10.16980996,-366.9792175,-336.8040161,-358.7671368,11.53236787,2,17.61144551,11.88996067,166268.9,2803.5,253.308,1069.287,81.5,0.236894304335506,224903.54,0.74,0.27,30.18,0.27,5650.5,2
2441,20.73,2.133605957,1.669270515,11.59056664,5.401573458,-3.352813721,-6.046447258,-366.3695984,-358.7496033,-363.0663661,0,0,32.57457307,15.03441833,17796.1,502.4,126.31,187.887,53.2,0.67226577677008,17936.59,0.99,0.44,7.62,0.89,5047.6,2
2442,3.96,1.219207764,0.286368042,8.532040596,4.521071768,-65.83682251,-67.91432886,-303.5808105,-296.2655945,-301.181417,9.576454798,1,41.49797079,11.1725306,18625.9,520,149.831,169.783,99,0.882485290046707,19572.3,0.95,0.33,7.32,0.87,17666.22,1
2443,1.52,0,0,2.307474852,1.162287018,-178.0032043,-179.0796224,-190.8048096,-188.0615997,-189.7915484,14.3833837,0,62.92730368,17.08026814,16534.8,514,116.312,198.746,141.2,0.585229388264418,17561.73,0.94,0.38,2.74,0.79,59574.86,0
2444,14.02,0,3.836212158,7.206243038,6.09238664,60.04559326,57.31289989,-429.4631958,-423.0624084,-426.2890804,0,0,62.29837642,20.76612547,4294.7,236.9,68.611,80.911,89.9,0.847981115052342,4312.34,1,0.5,6.4,0.96,59.09,2
2445,14.02,0,3.836212158,7.206243038,6.09238664,60.04559326,57.31289989,-429.4631958,-423.0624084,-426.2890804,0,0,62.29837642,20.76612547,4294.7,236.9,68.611,80.911,89.9,0.847981115052342,1200000,0,0.5,6.4,0.96,59.09,2
2446,5.49,3.04800415,0.809922457,9.143192291,5.580568823,-59.13119507,-63.56827164,-310.8959961,-295.0464172,-305.5302542,15.11221838,1,7.295553705,11.46444153,28523.9,689.5,152.703,250.283,63.2,0.610121342640131,30951.53,0.92,0.34,15.85,0.76,16529.8,1
2447,14.02,8.839172363,0.572657168,10.13805962,4.688316744,-56.99761963,-63.9764786,-313.6391907,-299.3135986,-304.9837541,5.814160549,2,45.9200027,8.543256317,125270.5,1550.8,299.972,610.431,116.5,0.491410167570127,139047.27,0.9,0.61,14.33,0.66,16634.93,1
2448,10.97,8.534393311,1.032409668,12.915061,7.8799225,25.9079895,17.2563599,-395.9352112,-377.6472168,-386.4639779,16.48684933,1,27.59023764,14.46805145,44177.2,788,213.619,270.276,9.3,0.790373544080865,45560.04,0.97,0.52,18.29,0.9,2279.46,2
2449,0.91,0,0.905485928,5.771759033,3.314165077,42.67199707,41.88690093,-412.0895996,-409.0415955,-411.1013082,0,0,33.45181824,60.82148769,4887.8,251.9,69.729,81.991,90.5,0.850447000280519,4887.79,1,0.34,3.05,0.97,534.22,2
2450,0.61,0,0.286370367,3.717502356,2.003509288,-67.36080933,-67.79430406,-301.7520142,-300.2279968,-301.1830458,0,0,75.28256571,15.49935176,6713.1,302.8,74.578,112.684,72.8,0.661833090767101,6735.67,1,0.4,1.52,0.92,17634.33,1
2451,17.68,7.619995117,0.404958248,16.34917259,7.369118275,-55.77841187,-66.20319977,-315.163208,-293.5223999,-302.8648214,6.440509953,3,21.62171198,9.31573761,129243.2,1602.5,359.228,490.12,167.2,0.732938872112952,149738.48,0.86,0.57,21.64,0.63,17214.28,1
2452,8.53,6.705596924,0.640260696,28.9952755,8.299740815,-144.780014,-163.2718889,-224.9423981,-168.5543976,-205.6723337,15.7401726,0,36.34548946,10.39805342,311633.6,3333,612.34,813.679,3,0.752557212365073,382081.56,0.82,0.34,56.39,0.35,52108.06,0
2453,0.3,0,0.640325189,3.347982883,1.783584321,-70.40881348,-71.01841354,-298.70401,-297.1799927,-298.0086775,0,0,75.06357701,12.51059617,4752.5,256.6,77.686,81.951,108,0.947956705836415,4844.22,0.98,0.49,1.52,0.91,18501.01,1
2454,0.61,0,0.28636986,4.988470554,3.079649875,-64.61761475,-66.77119771,-304.4952087,-298.70401,-302.176725,0,0,9.997156518,70.81319202,17842,507.7,140.386,162.459,116.2,0.864131873272641,18432.74,0.97,0.41,5.79,0.87,17363.65,1
2455,22.25,0,1.833001614,8.203495979,4.433260272,-173.4312134,-175.9335202,-195.6815948,-190.1952057,-192.9334867,0,0,3.196569439,84.70909005,9300.1,400.2,75.703,162.237,115.2,0.46661982161899,9653.03,0.96,0.51,5.49,0.73,58048.96,0
2456,3.35,3.352783203,0.286370367,18.04723167,6.720684187,114.2999878,96.39523455,-484.0223999,-446.2272034,-465.3537674,1.331968654,2,4.091046581,57.75035523,156233.4,1972.7,364.573,697.593,78.2,0.522615622576488,186859.96,0.84,0.5,37.8,0.51,985.66,2
2457,0.3,0,0,3.971964359,1.698034992,-68.27520752,-68.46147834,-300.837616,-300.2279968,-300.6005419,0,0,78.09631921,11.15661703,2664.6,185,52.759,65.669,38.5,0.803408000730939,2664.63,1,0.47,0.61,0.98,17811.97,1
2458,0.3,0,0.286338598,2.917822838,1.604937096,-68.88479614,-70.64676947,-300.2279968,-295.6560059,-298.2708655,0,0,0,4.444796549,16720.8,580.5,102.012,240.683,171.9,0.423843811154091,18490.29,0.9,0.44,4.57,0.63,18400.05,1
2459,3.66,0,0,1.619501352,0.939743432,-172.2120056,-173.2125524,-196.5960083,-194.7671967,-195.6484705,1.09465954,0,99.61401796,0,13578.8,513,93.162,205.197,162.9,0.454012485562654,15172.83,0.89,0.55,1.83,0.65,56745.22,0
2460,3.35,2.133605957,0,9.44978714,5.112838129,-61.26480103,-66.1577085,-308.1528015,-293.8272095,-302.810218,10.95319246,1,3.179959102,32.5062486,42068.9,872.9,186.867,343.567,53.8,0.543902644898957,45843.36,0.92,0.38,14.33,0.7,17202.34,1
2461,7.62,0.609588623,0,9.627697945,3.512392076,-72.23760986,-75.81182597,-296.5704041,-282.8544006,-293.066382,45.97314058,0,5.591327907,18.94838902,95703.4,1756.9,383.399,576.678,139,0.6648406909922,141459.97,0.68,0.26,13.72,0.39,19827.97,1
2462,2.13,1.219177246,0.286370367,24.51945686,11.6942939,70.10400391,62.02477812,-440.1311951,-413.3088074,-431.0811972,0,0,3.561863877,59.66121996,33385.1,754.1,171.254,257.859,99.3,0.664138153021613,36964.91,0.9,0.34,26.82,0.74,8.85,2
2463,5.79,0.609588623,0.286341429,21.04104424,9.590762229,52.42559814,46.58719758,-421.8432007,-403.8600159,-415.5780898,0,0,6.468647469,53.68977398,22978.7,566.6,150.156,190.03,50.7,0.790169973162132,23600.73,0.97,0.35,17.98,0.9,339.03,2
2464,4.88,3.04800415,0.286363125,23.57767487,5.836569767,-42.97680664,-53.96429443,-326.1360168,-298.3992004,-314.985195,7.811162388,1,35.50528358,15.26727194,125593.8,1834.4,250.49,727.49,41.4,0.344320884135864,158473.28,0.79,0.4,27.74,0.47,14152.5,1
2465,31.09,21.94561768,1.145273805,22.98725128,10.01471046,-23.77441406,-49.45890862,-346.2528076,-302.0567932,-319.6210456,8.667070718,1,15.37706095,22.2734398,159496.3,1596.2,346.845,589.837,109.9,0.58803533857659,168267.87,0.95,0.6,44.2,0.79,13100.84,1
2466,2.74,1.219207764,0.809912443,5.364617348,3.207918135,-50.59680176,-51.95515807,-318.8208008,-315.7727966,-317.131151,29.85019222,1,24.32237884,11.05562675,13444.9,434.2,110.758,166.888,34,0.663666650687886,13530.76,0.99,0.57,3.05,0.9,13678.51,1
2467,7.32,0.30480957,0,5.109084606,2.675470039,-16.15441895,-17.79789087,-352.9584045,-348.6911926,-351.1369199,9.686276325,1,20.17974234,31.48039806,18414.7,535.3,126.8,202.836,69.3,0.625135577510895,19237.88,0.96,0.44,4.27,0.81,6855.49,2
2468,1.52,0,0.64032805,3.094539404,1.95619164,-59.74081421,-60.17343533,-309.3720093,-308.1528015,-308.8902204,79.7390756,0,13.28984593,0,4473.8,240.3,69.857,79.976,90.2,0.873474542362709,4475.62,1,0.43,1.22,0.98,15668.39,1
2469,8.53,0,0.286374003,3.537653208,1.648529097,-14.93521118,-15.13841417,-354.1776123,-353.2632141,-353.923606,0,0,94.69984809,11.83748101,2511.4,179.2,52.604,60.629,131.4,0.867637599168715,2511.37,1,0.31,0.91,0.99,6422.17,2
2470,10.06,7.619995117,0,18.39256287,6.118465847,-39.0144043,-58.20335551,-331.622406,-288.0360107,-310.8013038,4.260799558,2,15.4240944,15.67974237,174429,3390.1,227.084,1474.4,82.1,0.154017905588714,290462.4,0.6,0.48,43.59,0.19,15179.07,1
2471,2.13,0.914398193,0.640324593,6.887018681,4.433148492,-5.79119873,-9.597145589,-363.9312134,-352.3488159,-359.4506449,2.054530939,0,28.76343315,37.66640055,21704.4,601.4,142.357,221.095,15.6,0.643872543476786,23522.7,0.92,0.39,11.58,0.76,5564.73,2
2472,2.74,1.219207764,1.920276642,10.14597988,5.919770593,43.28158569,42.03467699,-413.3088074,-409.346405,-411.5215662,0,0,66.04355399,7.338172663,6076.8,282,81.397,97.524,65.8,0.834635576883639,6101.95,1,0.46,3.96,0.96,527.41,2
2473,1.83,0,1.431529164,10.23470211,4.53903455,-91.74481201,-92.41790899,-277.9776001,-275.8439941,-277.1267001,101.524567,0,4.414111605,0,3367.4,209.3,57.694,69.156,90.1,0.834258777257216,3367.41,1,0.42,2.13,0.97,24780.4,1
2474,27.13,0.609588623,0,25.36716461,8.056662426,-168.5544128,-181.3436186,-200.5583954,-160.3247986,-187.5499735,16.21392422,1,38.30883112,2.638197839,270441.8,3098.9,308.705,1258.305,125.7,0.245334000898033,317407.18,0.85,0.32,40.23,0.35,60685.18,0
2475,10.06,4.571990967,0.40498513,15.14318085,5.126892798,-5.181610107,-10.82285123,-365.7600098,-347.4720154,-358.142447,17.93188551,1,20.83975884,10.50065368,92010.4,1228.5,321.324,403.02,63.5,0.797290457049278,98286.38,0.94,0.42,18.29,0.77,5749.1,2
2476,2.13,0,0.64033097,14.4677763,7.384744282,-189.5856171,-194.561939,-179.5272064,-161.5440063,-174.3953647,0,0,28.33200701,5.246667965,14165.3,530.1,132.26,178.558,71.7,0.740711701519954,16267.28,0.87,0.29,17.98,0.63,67372.4,0
2477,1.83,1.828796387,0.404989511,19.98942566,6.940854066,-78.94320679,-85.5194296,-290.7792053,-268.223999,-283.4600342,6.513279457,1,33.08745964,2.86584296,57053.2,1414,206.081,512.548,153,0.402071610854008,75864.12,0.75,0.33,22.56,0.36,22656.1,1
2478,0.91,0.609603882,0.286358893,5.651346207,2.821835332,-203.3016052,-205.1603623,-165.811203,-160.6296082,-163.7903609,0,0,44.06003083,26.4360185,25302.1,609.3,162.357,205.991,164.3,0.788175211538368,26123.85,0.97,0.4,5.18,0.86,72986.62,0
2479,8.23,4.571990967,0,10.47722244,6.103447002,-54.86401367,-60.65886463,-314.2488098,-299.3135986,-308.363314,3.130975822,1,37.81255416,28.41962669,61716.8,916.4,239.806,337.74,90,0.710031385089122,62088.38,0.99,0.4,14.94,0.93,15790.15,1
2480,1.52,0,0,2.461880922,0.873643491,-173.7360077,-174.0083003,-195.0720062,-194.157608,-194.82613,73.45248011,0,8.841502236,0,21855.3,631.8,105.695,263.963,0,0.400415967389369,22393.43,0.98,0.3,0.91,0.69,57124.97,0
2481,35.36,1.219207764,0.572707593,14.5300312,6.285893498,11.58239746,9.146891276,-381,-371.2463989,-378.2074538,22.34979436,1,13.60422265,31.09536606,15296.6,486.1,117.933,178.446,90.9,0.660889008439528,15765.19,0.97,0.29,9.75,0.82,3119.57,2
2482,2.44,0,0,3.432337523,1.429373628,-68.27520752,-68.51905009,-300.837616,-299.9232178,-300.4820058,0,0,78.73362001,16.40283751,4531,265.1,59.522,103.692,55,0.574026925895923,4721.55,0.96,0.44,0.91,0.81,17827.34,1
2483,4.57,0,0.286375821,1.619527698,0.812810826,-171.602417,-171.602417,-197.5104065,-197.2055969,-197.3519055,74.93188705,0,12.48864784,0,3570.6,217.3,58.539,76.394,127.7,0.766277456344739,3574.83,1,0.77,0.3,0.95,55980.7,0
2484,8.84,0.304779053,0,3.348076344,1.791929215,-14.93521118,-15.07672664,-354.4823914,-353.5679932,-353.9925461,0,0,101.9233257,0,4083.4,238.2,57.435,81.182,90,0.707484417728068,4096.57,1,0.6,0.91,0.91,6412.28,2
2485,2.44,1.828796387,0.905457795,10.44729996,6.67933187,-59.13119507,-62.85548472,-310.2864075,-299.9232178,-306.3073359,0,0,21.07762929,23.4195881,19040.7,499,142.481,167.165,89.9,0.852337510842581,19086.21,1,0.39,10.36,0.96,16347.02,1
2486,1.52,1.523986816,0,25.68156242,5.111862453,2.133575439,-15.54836991,-370.9415894,-326.4407959,-353.3533982,3.498498024,1,32.91179623,13.15176109,229431,2743.6,374.046,1095.445,26.1,0.341455755423595,324356.69,0.71,0.4,44.5,0.38,6488.04,2
2487,0.61,0.304779053,0,5.778869629,2.677256235,-48.4631958,-49.34586016,-320.6495972,-318.2112122,-319.7542566,0,0,91.41564156,2.031458703,7317,344,70.875,131.408,52.5,0.53935072446122,7662.73,0.95,0.38,2.44,0.78,13074.98,1
2488,32.31,0,1.214743257,11.52359962,5.128493027,9.143981934,4.951132053,-377.9519959,-368.1983948,-373.8595064,0,0,0,36.53365188,12205.9,453.1,107.657,160.841,168.8,0.669338041917173,13079.95,0.93,0.42,9.75,0.75,3605.87,2
2489,1.83,1.523986816,0,15.62195587,4.720567338,-168.5544128,-190.3224153,-200.5583954,-147.218399,-178.5856207,2.80477944,1,47.98176256,15.07568949,296776.3,3971.3,383.284,1626.9,58.2,0.235591615956728,438098.16,0.68,0.41,53.34,0.24,65189.54,0
2490,1.83,1.523986816,0,15.90421963,4.230470043,-61.5696106,-63.5106171,-307.8479919,-300.2279968,-305.4765929,0,0,12.61743521,30.72071182,27095.5,672.3,131.533,271.412,108.9,0.484624850780363,27925.62,0.97,0.32,7.62,0.76,16514.98,1
2491,0.3,0,0,5.424755096,2.825263502,-213.6648102,-214.8304643,-155.447998,-151.7904053,-154.129948,0,0,71.25602784,21.92493164,10847.3,395.8,102.787,132.673,127.6,0.774739396862964,11318.98,0.96,0.37,3.66,0.87,78305.09,0
2492,3.05,1.219192505,0.572710216,6.105399132,2.935080209,-113.9952087,-115.3987099,-255.1175995,-251.4600067,-253.5581601,0,0,57.55256592,15.85631918,25310.5,642.6,129.288,252.017,90.5,0.513013011027034,26321.59,0.96,0.44,3.66,0.77,32543.69,1
2493,44.5,4.267211914,0.859070182,15.4548645,6.695198531,20.72637939,12.39113566,-390.1440125,-365.4552002,-381.381005,24.64923531,0,16.85417799,20.64636803,70554.1,1066.1,244.119,347.744,9,0.702007798840526,75560.66,0.93,0.36,24.69,0.78,2767.69,2
2494,3.05,0,0,3.094564915,1.724198393,-50.59680176,-50.90984613,-318.5159912,-317.296814,-318.0876349,69.37024981,0,34.68512491,0,5142.5,260.2,69.734,92.402,90.4,0.754680634618298,5144.11,1,0.38,1.22,0.96,13435.09,1
2495,37.49,0,0,3.335870981,1.427410434,14.32559204,13.63191013,-383.133606,-381.3048096,-382.5555373,0,0,92.38883522,6.972742277,8527,367,75.653,145.822,114.5,0.518803747034055,8796.07,0.97,0.33,1.83,0.8,2638.68,2
2496,3.96,2.74319458,0.286348164,9.361566544,3.542239197,-40.84320068,-44.78066651,-328.5744019,-318.5159912,-324.1824854,12.09411887,2,24.99451232,22.17255125,73742.3,1352.5,248.053,436.892,72.9,0.567767320069949,91846.45,0.8,0.44,10.06,0.51,12051.79,1
2497,4.57,4.572021484,0.28634274,12.98595619,4.678511045,54.5592041,43.13743653,-425.1960144,-400.5072021,-412.1529061,4.387489726,2,21.76194904,30.53692849,84696.2,1614.2,182.094,690.097,3.5,0.263867253444081,102423.91,0.83,0.53,24.69,0.41,477.97,2
2498,8.53,3.962402344,0,12.33116627,6.905037068,-71.93280029,-78.76444448,-297.4848022,-279.5016174,-290.1669854,24.30966772,1,15.83811684,24.06411552,121067.1,1512.9,275.033,622.264,108.4,0.441987645115257,125600.89,0.96,0.41,17.98,0.67,20668.22,1
2499,3.05,1.524017334,0.286378652,5.432220459,3.508584415,-74.67602539,-76.08857973,-295.0464172,-290.7792053,-293.0111245,40.6373448,0,21.96613232,10.98306616,13533.7,424.6,118.208,141.697,90,0.834230788231226,13626.26,0.99,0.49,4.27,0.95,19905.99,1
2500,11.28,7.924804688,0.905540943,11.58063984,5.883744384,-3.04800415,-11.74199283,-366.3695984,-346.8623962,-357.2615238,14.69626586,1,30.57498988,18.91933076,87993.8,1244.6,255.518,491.173,153.5,0.520219963230878,91914.65,0.96,0.47,19.51,0.72,5889.33,2
2501,6.1,0,0,3.159854651,1.63595417,-189.5856171,-190.9975333,-179.5272064,-175.5648041,-177.8801881,0,0,38.73032891,46.7435004,33389.3,699.3,160.786,259.117,113.3,0.620515056904796,34102.42,0.98,0.43,3.96,0.86,65534.74,0
2502,10.06,5.79119873,0,9.89068222,4.572257271,-96.62161255,-106.8640181,-272.79599,-251.4600067,-262.0713673,5.741148147,1,46.54984984,1.78441091,191590,2967.2,326.064,1267.214,87.6,0.257307763329635,286309.81,0.67,0.51,21.34,0.27,29537.24,1
2503,0.91,0,0,2.30756855,1.380395974,-162.4584045,-163.0099553,-206.3496094,-205.4351959,-205.9432032,0,0,78.5370998,19.63427495,3028.2,213.7,47.933,76.875,133.6,0.623518699186992,3188.5,0.95,0.5,0.91,0.84,51988.54,0
2504,2.13,0,0.286365628,1.741386294,0.983440258,-185.0136108,-185.0136108,-184.0991974,-183.7944031,-183.9227375,99.07098153,0,0,0,2850.7,192.7,57.545,57.994,91.8,0.992257819774459,2850.67,1,0.86,0.3,0.97,62506.81,0
2505,22.25,4.572021484,0,18.53518295,7.0810829,-1.828796387,-14.90211595,-367.8936157,-329.7936096,-354.0326316,13.31568369,0,7.555876327,11.45768131,240002,4270,383.11,1371.912,122.3,0.279252605123361,368728.12,0.65,0.36,38.1,0.17,6384.35,2
2506,0.3,0,0,2.917922974,1.32500077,-182.2704163,-183.4070203,-186.8424072,-183.4896088,-185.4619533,0,0,80.93476613,13.48912769,23140.6,650.4,122.384,265.888,151.6,0.460284029365748,24744.62,0.94,0.42,3.35,0.69,61706.05,0
2507,0.3,0,0.809938788,6.582322598,3.113803774,-77.41921997,-77.99071312,-291.9984131,-290.1696167,-291.0840034,0,0,5.999233558,17.99770068,2477.7,181.6,53.987,59.187,27.6,0.912142869211144,2488.95,1,0.53,1.83,0.95,20446.34,1
2508,16.15,13.41119385,1.145342946,19.83605766,10.31201568,43.89120483,34.68344928,-414.8327942,-396.8496094,-404.0790437,19.57955145,1,12.28520875,7.67825547,38717.5,756.9,196.224,284.566,45.9,0.689555322842504,40184.29,0.96,0.6,17.98,0.85,919.09,2
2509,25.91,14.93521118,0.286367506,21.79896927,9.210751575,-41.75759888,-60.44629332,-327.6600037,-286.816803,-308.5582135,7.675187632,2,19.16578646,6.388595485,335040.2,3593.9,538.273,1177.796,162.3,0.457017174451263,498082.99,0.67,0.47,40.84,0.33,15736.77,1
2510,1.52,1.219207764,0,9.268307686,3.597831219,-46.63439941,-48.50021951,-322.7832031,-317.601593,-320.5276849,5.740544441,1,55.25274026,8.610816662,20714.6,610.1,155.81,197.333,159,0.789579036451075,23434.4,0.88,0.44,5.18,0.7,12882.3,1
2511,1.52,1.219207764,0,23.13298607,9.696741387,38.1000061,21.24183023,-407.5176086,-370.6368103,-390.2053827,3.007919963,1,15.73373519,3.933433798,64241.7,1234.6,232.745,436.875,2.2,0.532749642346209,76771.27,0.84,0.47,36.88,0.53,1914.78,2
2512,1.22,0,0,4.616508007,2.500256871,-212.1408081,-213.9164818,-156.6672058,-152.7048035,-154.9782191,0,0,0,50.72293152,16410.6,500.6,118.596,179.398,115.8,0.661077603986667,17031.19,0.96,0.44,3.96,0.82,77794.4,0
2513,1.83,0,0,2.445299864,1.173470353,-181.6608124,-182.0174914,-187.1472015,-186.2328033,-186.9007692,70.550517,0,17.10315564,0,6952.7,310.7,84.562,108.427,137.4,0.779897995886633,7104.37,0.98,0.3,0.91,0.91,61017.64,0
2514,4.27,2.438415527,0.640315175,14.95761967,6.923829996,-76.20001221,-83.62038776,-293.8272095,-270.0527954,-285.4087134,9.824873638,1,11.22842702,30.17639761,42361.5,861,223.429,267.309,153.3,0.835845407374985,46686.68,0.91,0.36,23.77,0.72,22088.02,1
2515,2.13,0.609588623,0.809962034,11.47304344,5.197237527,-30.78482056,-35.47311428,-338.3280029,-323.3927917,-333.4378364,17.56687062,1,4.391717656,18.00604239,33845.9,1001.1,148.194,340.345,160.6,0.435422879724985,40343.87,0.84,0.33,14.94,0.43,10094.85,1
2516,25.6,0,1.541761756,12.11685467,6.657036078,2.133575439,-2.287334674,-370.9415894,-359.0544128,-366.6081426,0,0,10.44061418,31.32184256,17084.2,532.6,105.714,201.697,131.3,0.524122817890202,18138.07,0.94,0.37,11.89,0.76,4527.59,2
2517,25.91,11.88720703,0.404991716,17.31994438,6.71713635,2.133575439,-8.05897724,-371.5512085,-347.4720154,-360.9107614,14.20613457,2,36.8442974,10.35673036,162179.4,1834.3,336.181,718.039,10.9,0.468193231843953,182390.29,0.89,0.44,24.08,0.61,5337.61,2
2518,0.3,0,0,5.998685837,3.147223328,-214.5792084,-217.0221613,-154.2288055,-148.4376068,-151.8738052,0,0,36.21308132,44.26043273,29553.4,676.6,156.671,252.769,47.4,0.619818886018459,30403.23,0.97,0.41,5.79,0.81,79536.5,0
2519,41.15,0,0,4.881688595,2.448496074,17.67840576,16.19793411,-386.4864197,-383.133606,-385.0640055,34.27735184,0,56.86924284,5.453215066,19080.3,594.8,106.9,244.705,123.6,0.436852536727897,20416.57,0.93,0.44,3.35,0.68,2381.64,2
2520,4.57,2.43838501,0,15.26166725,3.79969015,-67.6656189,-69.37897599,-302.9711914,-296.2655945,-299.7351352,13.37832398,2,28.48288331,20.28326539,34442.9,950.3,205.186,303.03,64.8,0.677114477114477,47353.35,0.73,0.49,6.71,0.48,18057.71,1
2521,28.04,17.98318481,0.640287161,22.7426796,8.52575638,-45.41522217,-60.05621831,-325.5263977,-293.8272095,-309.0032484,10.08113352,1,24.5409412,12.01589652,145970.7,1787.2,333.138,658.9,169.3,0.50559720746699,167011.59,0.87,0.52,31.7,0.58,15639.06,1
2522,3.96,0.609603882,0,3.761296511,1.77003103,-187.4520111,-188.6634365,-181.3560028,-177.6983948,-180.2347736,36.52129027,0,58.63981818,1.02876874,28897,640.5,164.004,239.614,153.8,0.684450825076999,29575.3,0.98,0.32,3.66,0.89,64345.14,0
2523,3.35,1.219207764,0,7.425839901,2.515707579,-20.72640991,-21.87044221,-348.3864136,-344.4240112,-347.0375207,14.10331985,1,48.8191841,4.068265343,54805.2,1036.4,213.107,402.127,85.6,0.529949493567952,61760.49,0.89,0.35,3.96,0.64,7546.47,2
2524,0.91,0,0.640351236,4.865116596,2.014814866,-106.3752136,-106.7296355,-262.7376099,-261.2135925,-262.2555911,37.59547902,0,21.14745695,9.398869761,6325.9,300.8,69.34,118.801,42.8,0.583665120663967,6374,0.99,0.34,1.52,0.88,29491.07,1
2525,0.91,0,0,2.638365984,0.978311151,-174.3456116,-174.9842382,-194.4624023,-192.9384003,-193.873769,0.533463944,0,99.22429361,0,27863.4,752.9,124.121,302.137,174.3,0.410810327765219,31017.17,0.9,0.41,1.52,0.62,57592.43,0
2526,5.49,0.914398193,0,4.755295753,1.610417748,-170.6880188,-171.2540708,-198.4248047,-196.2911987,-197.6327354,51.94528916,0,16.19073948,4.04768487,22033.5,548.2,142.488,203.69,179.9,0.699533604987972,22231.6,0.99,0.39,2.13,0.92,55815.99,0
2527,1.83,1.828796387,0,10.81224632,4.5806519,-71.32321167,-74.80520014,-297.7896118,-288.6455994,-294.1303266,11.23314516,3,14.54784374,4.787897939,80717.6,1387.3,197.367,576.635,44.8,0.342273708671863,93364.35,0.86,0.4,9.14,0.53,19545.49,1
2528,2.13,0.304794312,0,2.179941177,0.998538744,-185.0136108,-185.1910874,-184.0991974,-183.1847992,-183.6863737,52.36030543,0,14.39908399,0,11355.3,409.6,100.502,149.005,148.2,0.674487433307607,11628.33,0.98,0.51,0.91,0.85,62595.58,0
2529,4.88,1.828796387,0.286383837,4.043266296,2.239919198,3.352783203,1.62368917,-372.4656067,-368.5032043,-370.532354,32.73921966,1,47.39391798,8.730458576,47671.7,841.1,215.372,315.817,43.6,0.681951889860267,49124.79,0.97,0.5,3.96,0.85,4016.56,2
2530,4.88,3.04800415,0.640354693,16.16215515,6.414526149,53.03518677,49.53717934,-423.0624084,-414.8327942,-418.7362573,10.05729319,2,14.84648043,3.352431066,31036.9,827.5,121.363,325.939,93.5,0.372348813735085,35618.39,0.87,0.53,8.23,0.57,239.1,2
2531,4.88,3.04800415,0.640354693,16.16215515,6.414526149,53.03518677,49.53717934,-423.0624084,-414.8327942,-418.7362573,10.05729319,2,14.84648043,3.352431066,31036.9,827.5,121.363,325.939,93.5,0.372348813735085,8500000,0,0.53,8.23,0.57,239.1,2
2532,2.74,0.30480957,0.286386162,6.158248901,3.184543808,52.42559814,52.33595007,-422.4528198,-421.2336121,-421.8073479,0,0,0,5.239502085,2836.9,192.9,54.1,65.779,65.6,0.822450934188723,2849.44,1,0.58,1.22,0.96,160.38,2
2533,2.74,0.30480957,0.286386162,6.158248901,3.184543808,52.42559814,52.33595007,-422.4528198,-421.2336121,-421.8073479,0,0,0,5.239502085,2836.9,192.9,54.1,65.779,65.6,0.822450934188723,8500000,0,0.58,1.22,0.96,160.38,2
2534,15.85,0.304779053,0,9.831122398,3.563387174,-32.30880737,-33.08169519,-337.1087952,-332.5368042,-335.9331483,13.21718764,0,69.69062578,8.410937591,12370.7,511.1,89.834,212.57,114.1,0.4226090229101,14045.14,0.88,0.26,4.57,0.6,9620.02,1
2535,1.22,0.30480957,0,8.452791214,3.019622619,-22.86001587,-24.02419716,-346.2528076,-341.9855957,-344.8997905,19.60589417,1,55.80139108,3.519006644,29567.7,794.5,105.709,337.03,90.1,0.313648636619886,31502.54,0.94,0.32,4.27,0.59,7925.31,2
2536,1.22,0.30480957,0.572757542,6.863883495,3.229494451,57.60717773,56.84519087,-427.0248108,-424.2816162,-425.9416771,0,0,1.807149077,65.05736678,8225.2,332.4,92.753,119.395,65.8,0.776858327400645,8233,1,0.41,2.74,0.94,66.5,2
2537,0.61,0.30480957,0.405006379,4.043260098,2.562545539,-86.86801147,-87.72744901,-282.244812,-280.1112061,-281.2704433,0,0,1.661593181,34.89345682,8945.7,353.2,87.52,123.854,165.7,0.706638461414246,9082.78,0.98,0.48,2.13,0.9,23325.67,1
2538,8.23,0,0,15.06486034,5.628010943,-30.48001099,-37.32729085,-338.3280029,-321.2592163,-331.6074902,16.83805521,1,13.09626516,18.39713439,47669.6,1190.3,143.437,509.482,111.4,0.281534970813493,60937.43,0.78,0.4,17.07,0.42,10470.87,1
2539,6.4,4.571990967,0.905474961,20.81501389,9.674019825,40.23358154,34.86246627,-411.1752014,-394.7160034,-404.2800809,0.628808261,0,20.12186435,15.09139826,23638.6,618.6,167.872,202.77,145.7,0.827893672634019,26045.48,0.91,0.42,16.46,0.78,908.27,2
2540,2.44,0.609603882,0.572758555,7.85064888,3.487574728,-170.3832092,-171.2789522,-199.0344086,-196.2911987,-197.8774053,58.50831005,0,16.71666002,6.268747503,7113.5,309.8,87.978,101.801,114.1,0.864215479219261,7187.62,0.99,0.44,2.74,0.93,55827.74,0
2541,13.11,4.267211914,0,10.29612732,4.283003135,-10.66799927,-16.10199287,-358.7496033,-341.6808167,-352.8269105,13.92706269,2,21.48746815,9.351027807,149419.9,2027.3,435.695,672.094,126.6,0.648264974839829,202032.15,0.74,0.35,17.07,0.46,6577.53,2
2542,0.61,0.30480957,0,4.915011406,1.758851628,-80.77200317,-81.872206,-288.3407898,-283.7687988,-287.0402417,12.85473129,2,55.43602867,8.034207053,37002.1,1059.4,196.565,341.965,168.9,0.574810287602532,52077.33,0.71,0.29,4.57,0.42,21571.44,1
2543,0.61,0,0,1.619592071,0.877081612,-165.5064087,-165.7858143,-203.3016052,-202.6920013,-203.0984008,0,0,103.9495205,0,3431.9,228.6,58.834,84.519,131.2,0.696103834640732,3543.93,0.97,0.4,0.61,0.83,53262.09,0
2544,0.61,0,0,2.699724913,1.315356208,-0.609619141,-1.322298387,-368.1983948,-366.674408,-367.6246652,0,0,51.43955855,37.15079229,10402.7,389.6,94.488,140.378,68,0.673096924019433,10668.89,0.98,0.4,1.52,0.86,4398.65,2
2545,3.96,0.609588623,0.404967666,11.11850929,3.503076704,-19.81201172,-21.78122428,-349.6055908,-341.0711975,-347.1569294,0.57002513,0,71.82316643,16.53072878,26076.3,623.8,167.274,223.019,116.9,0.750043718248221,27093.07,0.96,0.29,8.53,0.84,7530.98,2
2546,1.52,0,0,3.889223814,1.526978254,-186.5376129,-187.526389,-182.270401,-179.5272064,-181.33996,2.422325628,1,94.47069948,2.906790754,30681.6,687.1,165.833,247.819,173,0.669169837663779,32172.44,0.95,0.35,2.74,0.82,63769.58,0
2547,47.85,5.18157959,0,22.16224098,4.699811297,24.07919312,13.64587787,-393.4967957,-362.7120056,-382.5680872,13.58352112,0,28.62241949,19.33572649,214478.4,3209,457.688,1162.639,93.9,0.393663037279844,343709.94,0.62,0.36,30.78,0.26,2637.25,2
2548,0.91,0.914398193,0.286389023,10.44773388,3.650032012,-39.31921387,-40.14471563,-330.4031982,-326.1360168,-328.917302,0,0,28.00792265,40.61148784,10614.2,427,85.414,171.951,170.8,0.496734534838413,11254.99,0.94,0.36,4.27,0.73,11055.41,1
2549,0.91,0.30480957,1.032406688,9.091641426,3.991552733,-103.9367981,-104.489255,-265.785614,-263.0423889,-264.7569056,0,0,0,95.32249975,4678.1,250.8,69.191,86.216,132,0.802530852741951,4697.01,1,0.39,2.74,0.94,28726.61,1
2550,0.3,0,0,14.53331375,6.323325924,13.41119385,10.25942863,-382.5240173,-373.9895935,-379.4695207,0,0,4.223544237,71.80025198,7038.7,352.3,79.561,126.806,111.8,0.627422992602874,7911.99,0.89,0.36,8.53,0.71,2996.53,2
2551,27.13,10.05841064,0.640318096,14.88024712,5.799651335,-21.03121948,-36.52002613,-348.3864136,-315.7727966,-332.4149175,4.311380209,3,27.25013389,23.87841347,268916.9,3102.8,507.316,885.931,0.1,0.572636017929162,326900.57,0.82,0.49,32.61,0.35,10306.32,1
2552,1.22,0,0.640366316,6.502423763,2.827756087,27.12719727,26.70515794,-396.5447998,-394.7160034,-395.8257853,55.28760667,0,22.61765728,2.513073031,5914.7,316.6,68.772,120.172,134.2,0.572279732383584,6360.63,0.93,0.42,1.83,0.74,1466.49,2
2553,1.52,0,0,2.699720144,1.1600386,-77.41921997,-77.67671572,-291.6936035,-290.4743958,-291.2364013,0,0,92.6090686,5.242022754,8506.7,371.1,78.49,144.394,168.8,0.543582143302353,8933.29,0.95,0.41,1.22,0.78,20356.65,1
2554,5.49,2.74319458,0.809963703,14.99805832,7.200944465,-78.63839722,-83.06717734,-291.3887939,-281.0256042,-286.0857418,10.87899796,1,40.51488895,5.251930047,39623.1,936.6,154.074,374.234,102.9,0.411704976031039,47494.37,0.83,0.52,10.36,0.57,21923.89,1
2555,2.74,2.133605957,0.405012608,9.362064362,5.271269913,57.9119873,54.28025254,-427.3296204,-417.2712097,-423.3579693,0,0,17.11480152,31.7846314,24317.9,582.6,169.125,188.743,129.3,0.896059721420132,25049.97,0.97,0.4,10.06,0.9,114.91,2
2556,4.27,2.74319458,0.404971331,8.208879471,5.055743693,29.87039185,27.25781942,-399.592804,-392.2776184,-396.3240874,32.57431749,1,10.20986071,13.61314761,30573.1,725.5,136.363,278.279,115.6,0.490022603214759,32239.14,0.95,0.45,7.32,0.73,1424.47,2
2557,2.74,1.219207764,0.405012608,6.558041573,3.209124744,-99.6696167,-101.9775977,-269.4432068,-262.7376099,-266.991156,20.93956195,0,31.40934293,33.40358692,29814.1,690,150.396,279.415,57.4,0.53825313601632,30907.22,0.96,0.37,6.71,0.79,27881.52,1
2558,2.44,0.914428711,1.431618333,11.09061432,6.336380393,244.4496155,242.338741,-614.7816162,-607.4664307,-611.6926643,7.437969037,1,41.65262661,22.31390711,9992.1,366.9,100.445,129.092,19.4,0.778088495026802,10086.19,0.99,0.43,7.32,0.94,31449.03,3
2559,0.91,0,0.286390573,7.206776619,2.39278042,-203.6064148,-204.1734836,-165.5064087,-162.7631989,-164.7479457,0,0,12.28761411,27.03275104,6048.4,288.9,81.632,92.544,90.1,0.882088520055325,6160.23,0.98,0.29,2.74,0.91,72454.36,0
2560,0.3,0,0.28637442,12.58190441,6.807468844,-232.5624084,-239.40477,-136.5503998,-118.5671997,-129.5140803,0,0,0,40.81576155,50256.4,997.4,198.306,347.256,159.2,0.571065726726104,54765.82,0.92,0.39,17.98,0.64,92662.26,0
2561,8.53,1.524017334,0.809983969,5.491886139,2.572396362,40.23358154,37.63581301,-409.6512146,-402.9456177,-406.5892462,0,0,24.11348063,23.73072697,38834.8,847.7,162.544,329.756,53.2,0.492922039326047,42142.32,0.92,0.46,6.71,0.68,748.8,2
2562,3.96,2.43838501,2.003847361,8.981973648,5.565196831,96.9263916,93.56010802,-466.6488037,-457.5047913,-462.7565386,15.66669113,1,28.72226707,15.66669113,17077.9,477.5,142.128,162.529,64.8,0.874477785502895,17302.33,0.99,0.43,9.14,0.94,815.68,2
2563,10.06,9.448791504,0.28638798,19.59441948,6.283614785,-46.93920898,-65.14884445,-324.3071899,-278.5871887,-303.888617,5.22944499,1,19.79718461,25.77369317,119380.5,1918.6,290.296,770.152,98.4,0.376933384578629,154767.18,0.77,0.45,45.72,0.41,16938.72,1
2564,4.27,2.743209839,1.180642843,7.139559269,4.007065668,-212.750412,-215.3860356,-156.6672058,-149.9616089,-153.6505786,0,0,0,34.12399605,30055.9,637.4,185.498,213.691,27.1,0.868066507246445,30493.74,0.99,0.46,6.71,0.93,78616.33,0
2565,3.96,2.133590698,0,12.45301151,4.274445295,-199.9488068,-204.9607259,-169.4687958,-151.1808014,-163.952416,9.372268409,1,16.54610349,17.70317366,128463.6,2279.9,306.718,901.041,40.4,0.340404043767154,195538.56,0.66,0.3,18.29,0.31,72878.79,0
2566,0.91,0.914398193,0,10.77605248,3.743933251,-16.00201416,-18.33734607,-353.5679932,-345.0335999,-350.6055259,17.10499,2,28.27074736,2.850831666,62567.6,1510.8,192.583,547.76,21.5,0.351582809989777,91137.55,0.69,0.35,8.53,0.35,6945.11,2
2567,30.18,18.59280396,0,23.25957298,6.934363401,-19.50720215,-41.87354268,-351.4344177,-294.1319885,-327.1415117,2.032188656,6,27.43454686,10.43450714,380346.3,5397,647.332,1601.984,126.5,0.404081439015621,850854.44,0.45,0.42,57.3,0.16,11421.95,1
2568,21.03,19.50720215,0,28.56685829,10.04835964,-64.61761475,-86.45338818,-305.7144165,-256.0320129,-282.5830708,4.897395026,3,10.57021093,2.530320764,364213.5,4164.4,413.855,1615.06,6.3,0.256247445915322,550478.38,0.66,0.47,49.68,0.26,22938.13,1
2569,27.43,8.534393311,0,20.90470505,5.894703238,108.2039795,86.08263411,-477.6216125,-398.9832153,-455.0032414,4.168620426,3,58.87499629,4.76413763,549121.2,5729.5,525.662,2007.051,44.9,0.261907644598966,815312.27,0.67,0.29,78.64,0.21,444.48,2
2570,5.18,3.962402344,0.859058738,9.661312103,5.806775526,-32.0039978,-35.32337883,-338.3280029,-328.5744019,-333.8602273,29.40497841,1,8.494771544,15.02921119,22747.4,553.2,162.977,173.464,107.9,0.939543651708712,23116.9,0.98,0.46,9.75,0.94,10064.78,1
2571,1.22,0.609619141,0.28635931,7.262229919,2.996489059,-17.67840576,-21.52162542,-351.4344177,-342.8999939,-347.4104577,6.41626794,1,43.95143539,5.133014353,46332.7,1112.6,160.619,462.012,66,0.347651143260348,55530.58,0.83,0.48,8.53,0.47,7485.99,2
2572,6.71,4.876800537,0.286387712,19.6370163,7.768700133,-177.3936157,-192.2271286,-191.7192078,-151.4855957,-176.703555,1.311196985,1,38.18861218,16.22606269,181381.1,1769.6,377.011,638.461,110.1,0.590499654638263,194001.19,0.93,0.37,40.23,0.73,66165.8,0
2573,16.76,10.66799927,0.809929013,17.11880875,7.639445411,46.32958984,38.55542664,-417.8807983,-402.3359985,-407.8353507,13.06951803,1,14.60710839,9.609939729,38668.7,757.7,191.206,275.707,90.1,0.693511590202643,39723.61,0.97,0.65,15.54,0.85,699.32,2
2574,7.92,5.48638916,0,24.4778862,4.648987545,-63.70321655,-77.62972591,-306.0191956,-270.9671936,-291.3076895,10.67903089,1,45.35447235,8.103499908,236623,3125,492.054,1125.753,151.1,0.437088775246435,397387.94,0.6,0.42,35.05,0.31,20343.24,1
2575,2.74,0,0,1.431649446,0.782699648,-219.7608185,-219.7608185,-149.352005,-149.0471954,-149.1838342,100.7123153,0,0,0,4280.1,244.6,68.389,84.801,45.2,0.806464546408651,4392.1,0.97,0.82,0.3,0.9,81088.72,0
2576,5.49,2.743225098,0.28636241,13.13630772,5.360038618,75.2855835,65.79581337,-444.7032166,-424.2816162,-434.7439338,0,0,34.97239971,19.02909984,115606.8,1462.9,386.364,479.351,71.7,0.806014799176386,129968.81,0.89,0.49,20.42,0.68,0.63,2
2577,0.91,0.914398193,0.286391616,9.628629684,5.472621911,95.40240479,92.86239504,-465.1248169,-456.5903931,-461.9632553,0,0,45.11613734,27.0696824,14825.9,449.5,124.536,154.876,17.8,0.804101345592603,15110.36,0.98,0.37,8.53,0.92,776.31,2
2578,1.83,1.219177246,1.214801431,9.779046059,6.520138466,-26.51760864,-32.80850587,-342.8999939,-324.6119995,-336.294051,0.482927042,0,31.87318478,11.10732197,30779.3,692.4,173.25,252.492,13.6,0.686160353595361,32007.22,0.96,0.36,18.29,0.81,9566.5,1
2579,1.83,1.219177246,0.572735608,20.56848335,7.687818861,25.9079895,17.93143161,-395.325592,-371.8560181,-386.9596248,0,0,26.51700922,31.60613221,55494.6,947,241.045,329.584,14.3,0.731361352492839,59506.23,0.93,0.36,23.47,0.78,2215.45,2
2580,0.3,0,0,3.34827733,1.73109776,-187.4520111,-188.6992394,-181.3560028,-178.9176025,-180.2173813,0,0,88.05520294,11.43574064,12998,470.9,99.37,182.787,104,0.543638223724882,13646.47,0.95,0.49,2.44,0.74,64363.3,0
2581,10.67,1.524017334,0,15.49691296,2.565320477,-28.34640503,-30.62730773,-340.7664185,-328.8792114,-338.2631051,45.83888728,0,45.36139887,1.909953637,62259.7,1318.7,222.494,441.973,132.9,0.503410841838755,86300.12,0.72,0.21,11.89,0.45,9144.58,1
2582,34.44,14.32562256,0,27.71658325,8.742008095,80.77200317,47.20934756,-450.4944153,-367.8936157,-416.1698595,5.652310469,5,35.86960522,3.911484811,691623.3,8306.2,635.191,2331.907,39.1,0.272391223149122,1200000,0.58,0.42,82.6,0.13,316.51,2
2583,6.71,3.657592773,0,13.47189045,3.610435679,-32.0039978,-41.0723419,-336.8040161,-314.8583984,-327.8381714,10.10765174,5,34.42191077,3.120795699,319116.6,5319.5,687.288,1251.225,112.9,0.549292093748127,603763.22,0.53,0.41,21.95,0.14,11251.34,1
2584,5.49,4.571990967,0,25.40415764,7.754486092,-84.42959595,-100.7362575,-285.9024048,-235.9152069,-268.250861,2.986915653,4,11.34015434,9.41637816,293608.7,5168.2,515.992,1856.22,93.2,0.277979980821239,702159.14,0.42,0.35,49.99,0.14,27468.51,1
2585,2.13,0.609603882,0,3.972242117,1.795824782,-203.9112091,-205.4011732,-165.2015991,-161.5440063,-163.5012204,0,0,83.07186195,5.53812413,29523.6,765.7,151.089,302.444,132.5,0.499560249170094,33325.8,0.89,0.48,3.66,0.63,73116.79,0
2586,11.28,0,1.741461158,9.268843651,5.597132108,-12.49679565,-15.80430232,-356.6159973,-347.4720154,-353.1272806,0,0,0,19.16918307,10855.9,434.4,87.779,176.836,82.1,0.496386482390463,11516.85,0.94,0.39,9.14,0.72,6529.34,2
2587,40.54,7.924804688,1.03245759,15.79310799,9.339745683,15.23999023,-0.079341105,-386.1816101,-353.5679932,-368.9948509,8.363483045,1,14.16671618,24.2370325,87086.1,1191.8,297.684,439.695,60.2,0.67702384607512,92161.98,0.94,0.53,32.61,0.77,4235.32,2
2588,1.52,0,0.405022502,5.17262125,2.141028419,-105.4608154,-105.8722977,-263.6520081,-261.8232117,-263.1338409,0,0,62.79676209,4.830520164,3077.1,204.9,54.597,70.46,26.2,0.77486517172864,3096.67,0.99,0.3,1.83,0.92,29197.34,1
2589,6.1,5.486419678,0,16.16963387,5.573881708,-72.84719849,-82.93296785,-296.8752136,-272.1864014,-285.9980161,5.769048704,2,44.13780119,2.289305041,162321.6,2430.9,207.328,1093.534,79.9,0.189594470770913,190157.51,0.85,0.44,24.69,0.35,21884.16,1
2590,2.44,0.914398193,0,11.78051853,2.571480021,-36.27120972,-38.71807559,-332.5368042,-322.7832031,-330.1606966,10.14827015,1,65.2673061,13.33204118,74699.6,1379,335.265,459.384,113.2,0.729814273026488,98277.5,0.76,0.25,9.75,0.49,10757.44,1
2591,2.13,1.524017334,0,8.915445328,2.831473386,-84.73440552,-93.0377424,-284.0736084,-268.5288086,-275.9249754,2.168853956,1,36.65363187,38.17182964,68534.6,1707.1,184.9,707.93,122.7,0.261184015368751,100769.04,0.68,0.53,15.54,0.3,24975.93,1
2592,0.91,0,0,1.431666613,0.584171632,-186.5376129,-186.6717224,-182.270401,-181.9656067,-182.1667709,55.58316319,0,41.17271347,0,7220.4,314.7,87.894,108.237,116.3,0.812051331799662,7276.48,0.99,0.51,0.3,0.92,63338.66,0
2593,9.45,3.962402344,0.286364496,7.426240444,3.316597619,5.48638916,1.274223025,-374.9039917,-365.4552002,-370.2249614,17.90729495,1,35.8145899,7.361887923,74705.5,1337.7,258.174,516.174,69,0.500168547815272,94650.25,0.79,0.5,9.45,0.53,4060.97,2
2594,6.71,2.133590698,0,7.037559509,2.414289816,-169.468811,-172.2172669,-199.6439972,-192.633606,-196.6695745,20.50154702,1,47.89437034,3.79020197,86278,1391.4,193.023,602.764,162.9,0.320229808017732,93921.17,0.92,0.43,7.01,0.56,56272.03,0
2595,1.52,0,0,2.180042505,0.923712312,-196.291214,-196.4375171,-172.8216095,-171.907196,-172.4436499,0,0,8.198728197,90.18601016,3626,229.6,65.096,81.072,116,0.80294059601342,3730.89,0.97,0.46,0.91,0.87,68349.58,0
2596,1.22,1.219207764,0,14.68526459,4.635195352,-88.39199829,-96.85441786,-281.3304138,-261.5184021,-272.0709345,0,0,38.58391342,29.70348891,97081,1382.6,263.38,517.902,149.9,0.508551810960375,108136.87,0.9,0.47,19.81,0.64,26196.85,1
2597,1.22,0.914398193,0,8.052010536,3.65097337,-170.0784149,-171.0099846,-199.6439972,-195.6815948,-198.0556069,4.387215368,0,77.50747151,4.387215368,10164.2,384.1,92.746,130.655,180,0.709854196165474,10463.23,0.97,0.41,3.96,0.87,55700.71,0
2598,1.52,1.524017334,0,12.24417496,5.328131489,55.16879272,50.29819595,-424.2816162,-411.1752014,-419.2869625,3.52683288,1,17.04635892,22.63051098,50575,1002.4,241.606,350.876,98.3,0.6885794411701,57885.15,0.87,0.38,13.11,0.63,216.14,2
2599,1.52,0.609603882,0,22.90613937,5.080302132,-177.69841,-182.5395518,-191.1096039,-150.2664032,-186.3745903,34.88226271,0,33.47571986,0.562617141,52839.3,1274.7,234.937,369.091,107.1,0.636528660953532,63463.12,0.83,0.12,40.84,0.41,61275.83,0
2600,0.61,0,0,4.063552856,2.062566643,-211.2264099,-213.1541938,-157.8863983,-152.7048035,-155.7308059,0,0,0,0,28513.1,629.1,178.495,215.464,33.4,0.828421453235807,28788.23,0.99,0.42,5.18,0.91,77369.76,0
2601,27.13,21.94558716,0.905507624,25.02771187,9.371334585,-46.32962036,-68.99914738,-324.6119995,-275.8439941,-300.0610107,8.331121984,1,25.39008605,9.02538215,149870.3,1764.4,328.085,702.252,108.8,0.467189840683971,167319.96,0.9,0.5,48.77,0.61,17955.77,1
2602,2.13,0.30480957,0,4.063561916,1.359826406,-222.8088074,-223.5941055,-145.9992065,-143.5608063,-145.2698112,0,0,18.4945463,59.00640961,33755.6,747.5,174.63,280.056,145.9,0.62355386065644,35664.1,0.95,0.31,2.44,0.76,83286.56,0
2603,2.13,1.219177246,0,7.049162865,3.639889717,-96.31680298,-98.6612064,-272.79599,-265.1759949,-270.284964,23.95074026,0,20.66338375,5.165845938,31651.3,722.9,176.478,272.481,21.9,0.647670846774637,33555.82,0.94,0.33,7.62,0.76,26784.99,1
2604,28.35,21.33599854,0,21.44895935,8.243278888,-44.50082397,-73.19485094,-325.8312073,-267.3096008,-295.798747,4.035011487,2,31.64601866,30.32022917,257865.4,2831.5,588.686,856.314,109.3,0.687465112096731,366563.9,0.7,0.51,58.52,0.41,19097.82,1
2605,1.52,0,0.810016215,5.514083862,2.710102003,-56.69281006,-57.63895734,-312.4200134,-309.3720093,-311.4103572,0,0,39.54100924,16.648846,7142.4,322.8,70.869,125.34,72.4,0.565414073719483,7189.1,0.99,0.34,3.05,0.86,15040.31,1
2606,10.97,8.229614258,0.640345216,13.89661026,6.062753482,-19.2024231,-26.98187873,-351.1296082,-333.1463928,-342.0885233,8.083915122,2,33.65164667,12.40786972,79065.4,1211.5,242.835,448.311,45.3,0.541666387842368,85164.1,0.93,0.51,17.98,0.68,8460.67,2
2607,4.57,4.571990967,0,20.14471245,7.053596831,55.16879272,39.77526011,-425.5007935,-387.4008179,-408.7445627,2.234362791,1,31.91946843,19.6836722,139702.9,1790.7,288.543,742.1,69.2,0.388819566096213,161519.01,0.86,0.44,38.1,0.55,636.29,2
2608,3.66,3.657592773,0,9.471639633,5.447617606,103.0223999,96.81641984,-472.744812,-455.3712158,-465.8498087,11.19580142,2,26.86992341,11.86754951,66382.7,1223.6,216.106,452.214,10.6,0.477884364482303,75741.89,0.88,0.4,17.37,0.56,1012.28,2
2609,8.53,7.010406494,0.810017705,10.9208107,5.920881526,-89.61120605,-95.12768254,-280.1112061,-269.4432068,-274.02887,18.33000524,1,45.8250131,6.873751965,32436.7,695.4,154.547,263.587,90,0.586322542462261,33074.99,0.98,0.58,10.67,0.84,25640.87,1
2610,9.14,3.352798462,0,24.58191681,5.414196202,-180.7464142,-188.0756276,-188.0615997,-142.6464081,-180.8240519,11.27919184,2,24.57063386,2.012250187,280699.4,3960.8,345.964,1510.916,16.6,0.228976329590791,462353.93,0.61,0.16,45.42,0.23,64047.27,0
2611,1.22,1.219207764,0,10.88788414,4.751749291,24.99359131,5.968611467,-394.1064148,-361.1880188,-374.8888403,2.137531379,2,40.4705941,6.626347273,208616.5,3406.7,285.565,1468.492,22.2,0.194461393048107,319526.15,0.65,0.59,32.92,0.23,3484.7,2
2612,11.28,5.48638916,0.286398858,13.17735672,6.163325241,-12.80160522,-19.80876679,-356.9208069,-340.4616089,-349.1678604,6.814201472,1,36.22286046,5.200311649,82891.2,1244.6,218.351,524.41,96.1,0.416374592399077,86219.84,0.96,0.47,16.46,0.67,7192.53,2
2613,2.13,0,0.905547142,6.066143513,3.431753797,-1.219207764,-4.613105517,-367.5888062,-359.968811,-364.2719648,0,0,3.347638157,73.64803943,26641.1,656.6,157.48,209.151,110.7,0.752948826445965,28283.12,0.94,0.44,7.62,0.78,4845.98,2
2614,1.22,1.219207764,0,11.00628757,3.849795459,-23.46960449,-28.75328444,-345.947998,-332.5368042,-340.1734207,1.714548863,1,30.86187954,10.44316126,95363.6,1524,335.651,501.287,177.2,0.669578504928315,124142.02,0.77,0.43,13.41,0.52,8789.68,2
2615,4.27,3.04800415,0.57278651,12.66167545,4.561711564,-35.05200195,-40.90514273,-334.3656006,-318.2112122,-328.0399615,6.904565455,1,38.43541436,5.523652363,64584,1076.1,283.43,321.198,29.1,0.882415208064807,72403.7,0.89,0.39,16.15,0.7,11215.9,1
2616,0.61,0,0,3.147181273,1.116014405,-188.061615,-188.4590726,-180.7463989,-178.9176025,-180.3928322,0,0,91.54077598,4.903970142,18186.3,518.5,121.936,194.668,122.6,0.626379271374854,18578.94,0.98,0.2,1.83,0.85,64241.5,0
2617,3.96,2.438415527,0.640392363,7.815339088,5.126453414,93.57357788,90.33103672,-463.2960205,-455.3712158,-459.4762768,26.72110654,1,9.844618197,12.65736626,21138.3,536.3,151.996,179.035,154.4,0.848973664367303,21547.15,0.98,0.49,7.92,0.93,641.66,2
2618,1.22,0,0,8.047049522,2.409242897,-81.99121094,-83.97064598,-286.816803,-277.0632019,-284.9068013,39.13653644,0,9.687261493,11.23722333,38360,936.2,224.735,290.604,60.7,0.773337600308323,49222.76,0.78,0.2,9.75,0.55,22192.25,1
2619,27.13,18.59280396,0,26.65850258,8.946654721,57.9119873,40.75552592,-428.2440186,-401.7264099,-409.9377416,8.778843586,2,32.58813149,8.379805242,111749.7,1809.7,201.326,786.96,49.3,0.255827488055301,133396.85,0.84,0.69,26.52,0.43,587.79,2
2620,7.32,4.267211914,1.032512784,10.05352688,6.870613181,-38.1000061,-42.40475862,-331.622406,-322.1736145,-326.9377607,21.90886218,1,14.60590812,10.22413568,20353.6,516.6,142.357,167.027,89.9,0.852299328851024,20420.93,1,0.5,9.45,0.96,11535.78,1
2621,2.74,0.30480957,0,5.543454647,2.166160274,-95.70721436,-96.19312629,-273.4056091,-271.5768127,-272.7694963,70.26855991,0,12.90647019,1.434052243,10365.1,396.3,89.701,150.975,33.5,0.594144725948005,10688.02,0.97,0.37,1.83,0.83,25983.22,1
2622,0.91,0,0,15.04103661,6.790318808,-111.8616028,-117.2826968,-257.2511902,-242.0112,-251.7243695,0,0,6.653261328,46.06103996,29043.5,765.5,162.122,264.16,8.7,0.613726529376136,33955.46,0.86,0.37,15.24,0.62,33226.98,1
2623,63.09,15.84960938,0,36.75624084,8.311447893,330.4031677,197.2365586,-699.8208008,-407.5176086,-566.1675426,3.96016844,7,5.907984621,9.363598267,2533553,29191.9,1566.099,8370.332,143.3,0.187101180693908,8500000,0.3,0.46,292.3,0.04,17486.51,3
2624,8.84,1.219192505,0,18.80324364,6.057511987,-170.9928131,-179.4524441,-198.1199951,-160.6296082,-189.4323428,12.10252858,0,45.85723722,1.229163059,157207.7,2574.1,442.795,729.984,114.3,0.606581788093986,227534.9,0.69,0.23,37.49,0.3,59757,0
2625,31.39,19.50720215,0.572759092,22.11548805,7.170032871,-48.15841675,-75.48278271,-321.5639954,-254.8128052,-293.4966337,2.811262661,2,28.21938342,12.917574,417701,4878.2,623.194,1375.528,149.3,0.453058025718124,672097.87,0.62,0.42,66.75,0.22,19735.41,1
2626,8.53,6.705596924,1.032516003,11.22375965,5.982015973,-42.67199707,-50.7912264,-327.050415,-308.4576111,-318.2425382,12.59674661,1,26.12658556,20.7613046,63719.9,1018.4,245.569,332.049,49.3,0.739556511237799,66654.82,0.96,0.48,18.59,0.77,13407.61,1
2627,1.52,0,0.640334606,3.728879929,1.929742,-94.18319702,-94.84361165,-274.9295959,-272.79599,-274.1269633,45.6186366,0,30.9555034,13.03389618,9123.4,348.9,98.507,108.499,116.1,0.907906985317837,9229.43,0.99,0.39,2.13,0.94,25549.98,1
2628,2.44,0.609588623,0,5.87655735,2.978051406,-199.3392181,-202.4431317,-169.4687958,-160.6296082,-166.4499428,27.77280567,0,20.82960425,23.91547155,57802.1,925.1,251.105,321.406,26.2,0.781270418100471,59923.92,0.96,0.35,8.84,0.85,71525.83,0
2629,0.61,0.30480957,0,8.204400063,4.484005452,-14.02081299,-19.22986967,-355.0920105,-342.2904053,-349.6673878,0,0,24.81217566,38.54748719,33547.7,743.9,198.028,256.267,5.6,0.772740930357791,36239.4,0.93,0.43,12.8,0.76,7094.67,2
2630,0.61,0.609588623,0,15.01604652,5.785734059,2.74319458,-6.386107323,-371.5512085,-345.3384094,-362.5683689,0,0,34.1983545,36.98626383,79974.7,1175.9,231.157,481.505,30.6,0.480071858028473,82957.58,0.96,0.34,26.21,0.73,5095.98,2
2631,0.91,0.304794312,0,5.149232388,2.098964225,-231.9528198,-233.0284733,-136.8551941,-132.5879974,-135.8592842,0,0,47.49671358,5.277412619,25349,673.1,144.928,248.802,156,0.582503356082347,27544.09,0.92,0.24,4.27,0.7,88820.97,0
2632,0.3,0,0,4.890491009,2.106850331,-22.25039673,-23.03549749,-346.5576172,-344.7287903,-345.9110625,0,0,46.00861558,48.88415406,5169.2,272.3,65.612,97.785,62.9,0.670982256992381,5370.32,0.96,0.37,1.83,0.88,7750.25,2
2633,7.01,5.79119873,0.905591607,10.83109379,4.893724349,8.839202881,3.678126667,-379.1712036,-367.2839966,-372.7639186,14.28585508,1,54.64339571,5.714342034,41619.2,850.8,179.042,324.752,90.1,0.551319160467064,44206.64,0.94,0.54,11.89,0.72,3760.37,2
2634,7.62,4.571990967,0,5.36523819,3.118475309,-202.9968109,-206.1945586,-166.1159973,-158.8007965,-162.7254706,19.63555414,1,37.34605395,6.545184712,77214.1,1041.7,296.476,345.195,11.4,0.858865279045177,79056.99,0.98,0.47,7.32,0.9,73546.49,0
2635,3.66,2.133605957,0.905561864,9.092171669,5.703263138,-78.94320679,-82.150984,-290.7792053,-282.5495911,-287.0380298,26.40739901,1,8.002242125,19.2053811,18575,491.5,139.901,166.949,72.9,0.837986450952087,18663.75,1,0.46,8.23,0.97,21653.41,1
2636,7.32,4.876800537,1.920479774,11.30688381,6.471156628,-90.2208252,-96.02243094,-279.8063965,-267.3096008,-273.168537,3.013973365,1,18.51440782,32.29257177,34522.2,694.4,178.949,243.274,56.3,0.735586211432377,35335.48,0.98,0.54,12.5,0.9,25928.22,1
2637,1.52,0.304779053,0.286407411,10.68212128,5.215433538,26.51757813,25.44617347,-396.2399902,-392.5823975,-394.7437125,0,0,0,27.91508451,4792.3,258.8,65.235,97.16,115.5,0.671418279127213,4796.14,1,0.42,3.66,0.9,1564.51,2
2638,0.3,0,0.286377698,4.789715767,2.174452132,31.08959961,30.28949271,-400.2023926,-397.459198,-399.2287373,0,0,22.63009852,72.13343903,10509.3,413.6,100.053,140.333,98.1,0.712968439354963,11303.79,0.93,0.37,2.74,0.77,1204.82,2
2639,14.94,9.448791504,1.541923523,17.61162186,8.052413972,43.89120483,37.91856312,-416.052002,-401.7264099,-407.3797199,20.96849768,1,14.37839841,5.391899405,24810.8,593.3,163.693,196.603,102.3,0.832606826955845,25879.55,0.96,0.61,14.33,0.89,733.4,2
2640,8.84,2.133605957,0,6.509031296,3.396851704,5.48638916,-6.755518149,-374.2944031,-341.6808167,-362.1304147,13.66163076,0,38.80573646,35.95607115,177347.4,2327.2,342.903,825.346,135.3,0.415465756179833,229562.54,0.77,0.37,32.61,0.41,5148.85,2
2641,0.3,0,0,3.889504671,1.544654891,-20.11682129,-20.56504792,-348.6911926,-347.4720154,-348.3565171,0,0,67.53770507,25.82324017,7482.9,323.4,81.645,116.818,89.8,0.698907702580082,7492.89,1,0.3,1.22,0.9,7321.38,2
2642,2.74,0,0,4.712773323,1.320176649,-81.99121094,-82.30584717,-286.816803,-285.9024048,-286.5906589,16.81635618,0,80.71850965,0,4419.5,269.3,59.089,100.833,139,0.586008548788591,4706.29,0.94,0.28,0.91,0.77,21699.01,1
2643,5.49,0,2.462195635,12.4783144,5.66383559,-150.2664185,-157.0325383,-218.5415955,-204.8256073,-211.8727518,0,0,9.244842889,42.66850564,20901.8,583.2,145.095,187.125,110.5,0.775390781563126,22739.23,0.92,0.49,13.72,0.77,49298.45,0
2644,5.49,0,2.462195635,12.4783144,5.66383559,-150.2664185,-157.0325383,-218.5415955,-204.8256073,-211.8727518,0,0,9.244842889,42.66850564,20901.8,583.2,145.095,187.125,110.5,0.775390781563126,1700000,0.01,0.49,13.72,0.77,49298.45,0
2645,10.36,2.438400269,0,17.32134628,5.002580581,-169.1640167,-179.5445023,-199.6439972,-167.3352051,-189.3501664,15.42414482,2,46.33834962,6.13010884,225504.2,3201.4,499.641,1010.44,51.2,0.49447864296742,351251.22,0.64,0.32,32.31,0.28,59802.01,0
2646,2.74,2.74319458,0,19.3302803,4.901244965,26.21279907,15.72773187,-395.6304016,-365.7600098,-384.6421841,9.455784139,1,11.8943811,22.74364922,298673,4053.4,608.917,931.803,40,0.653482549423,433222.87,0.69,0.37,29.87,0.23,2427.76,2
2647,5.49,3.657592773,0.404996604,6.899512291,4.029828077,-89.00161743,-91.57023169,-280.7207947,-273.4056091,-277.4667406,24.44685568,1,47.50992707,12.45405855,32225,654.6,191.191,214.47,0,0.89145801277568,32645.53,0.99,0.45,7.32,0.95,24514.24,1
2648,2.74,1.523986816,0.286407679,5.779565811,3.129323158,-35.66162109,-38.30274277,-333.4512024,-327.3551941,-330.6590688,13.35341521,1,20.7208167,36.37654488,32280.9,740.7,156.251,297.333,68.4,0.525508436668651,33960.22,0.95,0.47,6.1,0.74,10671.46,1
2649,2.44,0.30480957,0,3.761576414,1.817557271,-97.53601074,-98.61587088,-271.5768127,-267.9191895,-270.301871,27.81254847,0,53.92228785,4.540824241,26187.6,800.1,155.744,270.311,19.8,0.576165971788052,32192.8,0.81,0.36,3.66,0.52,26770.15,1
2650,2.74,1.828796387,0.286406368,6.986403942,3.099529405,-173.1264191,-174.9137818,-195.9864044,-192.0240021,-194.0747443,21.90888946,1,44.79150735,6.329234733,30530.4,845.9,152.57,320.668,153.8,0.475788042461362,36713.1,0.83,0.49,3.96,0.54,57558.62,0
2651,2.74,0.609588623,0,3.33620739,1.343908382,-198.1200104,-198.7956514,-170.9927979,-169.1640015,-170.130897,80.76656663,0,9.534941895,0,26501.5,857.1,172.574,292.487,135.5,0.590022804432334,36619.15,0.72,0.5,1.83,0.45,69588.15,0
2652,9.14,6.705596924,0.810036719,11.37560749,6.142888279,13.71600342,7.689316693,-383.7431946,-368.5032043,-376.8355991,16.48478285,1,44.35191576,14.5223087,37870.9,745.8,194.867,263.153,105.5,0.740508373455746,39145.86,0.97,0.46,15.24,0.86,3284.51,2
2653,1.52,0.30480957,0.286381066,6.01945734,2.481353986,-102.7176209,-103.7023486,-266.3952026,-262.1279907,-265.3108174,0,0,56.67653547,39.67357482,7867.9,358,86.456,132.098,101.4,0.654483792335993,8421.48,0.93,0.26,4.27,0.77,28460.48,1
2654,12.5,10.05841064,0.810035288,13.26713848,7.707280577,-85.34402466,-93.42227141,-284.378418,-268.5288086,-275.811194,16.11137253,1,35.02472288,10.85766409,42439,770.1,215.565,239.956,0.1,0.898352197902949,43514.5,0.98,0.54,15.85,0.9,25097.62,1
2655,7.62,4.267181396,0.286403269,23.01272774,6.589862379,-95.40240479,-102.0862894,-274.0151978,-250.5456085,-266.9200198,18.58968784,1,40.43257105,3.48556647,63967.3,1207.7,224.967,474.344,13.3,0.47426972829845,75843.03,0.84,0.3,23.47,0.55,27917.83,1
2656,4.57,2.74319458,0.859143317,6.840991974,4.247762086,-89.00161743,-92.14379935,-280.7207947,-271.8815918,-276.8905262,23.89246396,1,23.46581282,8.533022844,34839.1,710.3,178.789,263.654,90,0.678119808536946,35827,0.97,0.44,8.84,0.87,24694.17,1
2657,2.44,1.219207764,0,23.66712379,7.112808663,-185.3184052,-195.6077599,-183.7944031,-157.8863983,-173.3253329,0.421637419,0,58.32650967,11.94639355,105760.1,1396.4,240.815,586.533,83.3,0.410573659112105,110711.94,0.96,0.41,25.91,0.68,67916.4,0
2658,6.1,3.962402344,0.809962213,10.2703495,5.201373431,-31.69921875,-36.34895269,-338.3280029,-328.5744019,-332.7724996,13.87480111,1,39.99207379,11.01822441,36424.4,897.2,194.974,326.706,177.3,0.596787325607733,44119.75,0.83,0.58,9.75,0.57,10271.61,1
2659,5.18,3.962402344,0,17.09380531,5.559972033,-91.74481201,-98.64301292,-278.8919983,-259.0800171,-270.3045258,10.68590737,4,33.26419553,5.429130358,172484.5,2307.8,431.194,706.37,62.8,0.610436456814417,252093.31,0.68,0.44,19.81,0.41,26779.04,1
2660,1.22,0.609588623,0,6.899559975,2.994385214,-55.16882324,-58.10261008,-313.9440002,-304.4952087,-310.7994969,0,0,24.99723132,48.41569015,56490,989.1,225.435,386.323,45.6,0.583540198227908,61600.52,0.92,0.34,9.45,0.73,15154.25,1
2661,0.91,0,0,1.431741357,0.736206449,-187.4520111,-187.7720493,-181.3560028,-180.7463989,-181.1197845,41.41171063,0,53.59162552,0,6101.9,320.4,84.198,95.401,134.9,0.882569365100995,6704,0.91,0.46,0.61,0.75,63893.71,0
2662,1.52,0,0.640352011,5.109797001,2.887413953,28.95599365,28.49216892,-398.3735962,-397.1544189,-397.8700256,35.25746916,1,44.07183644,0,3372.7,210.4,57.394,69.769,89.9,0.822628961286531,3373.71,1,0.45,1.22,0.96,1332.82,2
2663,0.3,0.304794312,0.286395162,18.0175972,4.689958288,-188.3664093,-202.8180556,-180.4416046,-148.1327972,-166.0745851,1.9351005,1,52.9513864,9.910060133,253483.9,3552.5,419.584,1430.068,128.4,0.293401432659146,392334.89,0.65,0.45,32.31,0.25,71726.51,0
2664,0.3,0.30480957,0,9.43432045,3.532724264,-228.9048157,-231.209769,-140.2080078,-130.1495972,-137.695296,0,0,18.59925795,75.90507975,29569.6,661,166.808,226.773,0.7,0.735572576982269,30665.35,0.96,0.25,10.06,0.85,87740.23,0
2665,22.86,18.2880249,0.640362561,30.32772636,8.86766908,-81.07681274,-96.99152477,-290.1696167,-254.8128052,-272.0467866,5.186253142,3,21.72974418,5.448848238,226419.2,2602.8,368.473,946.237,24.8,0.389408784479998,280959.54,0.81,0.51,35.36,0.42,26241.25,1
2666,16.15,13.10641479,1.280593157,15.66191959,8.381706881,33.52798462,22.11387333,-403.5552063,-381.3048096,-391.2645334,11.52103817,1,17.50311568,9.305453906,67089,975,239.371,369.462,152,0.647890716771955,68192.8,0.98,0.55,22.25,0.89,1839.22,2
2667,0.91,0.30480957,0.81004554,7.123209,4.287487735,52.12078857,49.61157812,-421.2336121,-413.3088074,-418.5889261,0,0,17.27065402,47.74827876,14631.2,465,127.038,147.222,57.2,0.862900925133472,15023.68,0.97,0.34,7.92,0.85,236.8,2
2668,0.3,0,0.286382109,15.86418438,6.55263304,27.12719727,20.48255066,-396.2399902,-377.9519959,-389.4159673,0,0,23.7006387,21.38838126,51427.3,1022.5,157.515,441.062,99.1,0.357126662464687,53982.77,0.95,0.38,18.29,0.62,1981.8,2
2669,2.74,2.74319458,0,9.600442886,3.368729932,-39.92880249,-41.88800294,-329.4888,-324.3071899,-327.0993037,11.88688926,1,37.28160722,13.5078287,27510.2,703.6,158.777,251.621,68.4,0.631016489084774,30486.2,0.9,0.47,5.18,0.7,11425.05,1
2670,18.9,8.534408569,0,18.36296844,6.285774788,-176.4792175,-191.0676126,-192.633606,-152.0951996,-177.8584891,16.63924381,3,22.1247088,7.460232388,406459.9,4869.2,403.111,1977.819,61.3,0.203815920465927,567366.32,0.72,0.37,40.54,0.22,65570.62,0
2671,4.88,2.133605957,0,8.04729557,3.788626178,-18.59280396,-25.40285615,-350.21521,-325.2216187,-343.5022838,14.2128686,1,12.53606949,16.36875316,186156.5,2757.6,249.698,1206.487,60.1,0.206962859939643,242045.31,0.77,0.27,24.99,0.31,8172.68,2
2672,2.13,1.523986816,0.640389919,16.20464325,6.380180545,-17.37359619,-22.71750459,-352.0440063,-331.0128174,-346.2580829,3.051370334,1,28.3341531,33.12916362,34099.1,832.7,172.126,308.934,24.3,0.557161076475882,38702.97,0.88,0.28,21.03,0.62,7694.36,2
2673,0.3,0.30480957,0.286410779,8.396878242,4.735840735,20.11679077,16.00368517,-389.2296143,-376.7328186,-384.9336188,0,0,0,36.47285026,26897.6,632.1,175.461,203.361,40.1,0.862805552687093,28396.04,0.95,0.35,12.5,0.85,2400.64,2
2674,8.23,6.705627441,0.905583143,11.8600893,5.602562559,17.06878662,9.210608659,-387.4008179,-370.0271912,-378.3371111,11.78318818,1,31.42183516,13.29385334,49197.3,987.3,192.001,359.348,111.7,0.534303794650311,55962.34,0.88,0.52,17.37,0.64,3112.46,2
2675,6.4,0,0,5.172922134,2.278001764,-167.3352051,-170.3096115,-201.7776031,-193.2432098,-198.5480021,11.61536234,0,43.29362327,26.66253628,56306.7,1108.8,275.453,350.119,175.5,0.786741079461554,69551.95,0.81,0.38,8.53,0.58,55370.61,0
2676,2.13,0.30480957,0.810055077,5.149410248,2.876905888,-18.28799438,-18.63090324,-351.4344177,-349.3008118,-350.5962095,0,0,38.69052157,19.34526079,4610.2,243.3,69.389,82.018,3.2,0.846021605013534,4611.62,1,0.41,2.13,0.98,6994.13,2
2677,4.57,3.04800415,0.286398768,8.150947571,3.313527648,-187.1472168,-189.2179663,-182.270401,-176.7839966,-179.7272602,23.79689425,1,34.14337001,10.69135829,43099.1,796,181.042,307.959,68.5,0.587876957646959,43638.52,0.99,0.47,5.49,0.86,64626.77,0
2678,0.3,0.30480957,1.032555699,8.420554161,4.76050864,-14.32562256,-15.88348134,-355.0920105,-350.8247986,-353.2462675,0,0,0,37.21327177,5192.6,263.6,74.627,89.744,72.8,0.831554198609378,5209.19,1,0.44,4.27,0.94,6542.14,2
2679,7.62,5.181610107,1.280679226,11.11257267,6.632377251,-86.5632019,-91.285241,-283.1592102,-273.4056091,-277.9160121,24.21529846,1,19.57832641,11.85003967,28850.1,629.5,178.115,202.313,60.9,0.880393252040156,29398.33,0.98,0.54,9.75,0.92,24425.08,1
2680,19.81,12.80160522,0,18.04943466,6.178236592,-8.839202881,-26.60027769,-361.1880188,-320.3448181,-342.3688836,3.107205185,6,42.85521956,6.860063394,368350,4615.4,395.215,1773.785,94.4,0.222808852256615,552554.87,0.67,0.46,40.84,0.22,8390.61,2
2681,2.44,2.133605957,0.572812438,6.864601612,3.384449499,-74.06640625,-77.72772862,-295.6560059,-286.816803,-291.2698565,0.81724002,0,33.09822083,31.87236079,36376.4,790.7,166.87,300.245,90,0.555779446785125,39374.23,0.92,0.5,8.84,0.73,20371.2,1
2682,1.22,0.609603882,0,7.639547348,2.311938301,-220.980011,-223.2393588,-147.8280029,-140.2080078,-145.6335789,0,0,17.50516927,69.57182661,66232,1178.2,201.115,498.385,108.5,0.403533412923744,70552.98,0.94,0.29,7.62,0.6,83081.93,0
2683,3.96,2.743225098,1.541944981,23.19060707,9.511074251,-3.04800415,-12.72497428,-366.9792175,-342.5952148,-356.2998837,0,0,22.89795462,23.75662792,51931.8,949.7,197.539,351.801,53.7,0.561507784230289,55466.98,0.94,0.44,24.38,0.73,6041.17,2
2684,3.66,1.219207764,0,8.291764259,4.030155224,-97.84082031,-99.70235727,-271.2720032,-266.7000122,-269.3928238,34.57142799,0,16.46258476,4.938775427,18058.1,551.2,119.039,214.222,44.4,0.555680555685224,19258.02,0.94,0.42,4.57,0.75,27126.87,1
2685,8.84,4.571990967,0,21.35799217,6.306533977,38.1000061,30.38627222,-407.2127991,-376.7328186,-399.3028177,19.30901022,1,43.81660012,7.426542393,160119.1,2044.3,246.983,889.266,52.3,0.277738044634564,177838,0.9,0.26,30.48,0.48,1198.11,2
2686,2.44,0.609619141,0.905656457,5.6521492,3.425363739,52.7303772,51.61806656,-422.1480103,-418.4904175,-420.6873379,25.35212959,0,24.01780698,34.69238786,11139.8,385.1,106.106,130.574,90,0.812612005452847,11214.05,0.99,0.41,3.66,0.95,179.08,2
2687,0.3,0,0.286374867,7.207001209,3.722751865,-10.66799927,-15.73881484,-359.3591919,-348.3864136,-353.1893424,1.001009276,0,11.29710469,12.01211132,103944.1,2129.6,203.573,959.058,0,0.212263491884745,129989.73,0.8,0.57,10.97,0.29,6518.76,2
2688,7.01,6.705596924,0,21.436903,5.140344672,-21.64080811,-31.67201737,-347.7767944,-321.5639954,-337.2547175,9.614729322,3,35.72017621,3.612807382,255086.1,3849.5,259.506,1638.743,109.8,0.158356740501714,372079.04,0.69,0.4,26.21,0.22,9345.48,1
2689,3.66,2.133590698,0.286400586,5.821467876,2.827366638,-197.2056122,-198.8510257,-171.907196,-168.2496033,-170.0670198,34.18317728,1,26.679553,8.337360313,35656.7,721.5,185.323,262.112,144.2,0.707037449639849,36767.44,0.97,0.52,3.66,0.86,69617.36,0
2690,2.74,0,0.572806895,8.017680168,3.065585675,-188.6712189,-190.0748982,-180.4416046,-174.6504059,-178.8895266,0,0,38.89024724,26.82086016,11084,403.1,112.642,124.661,171.8,0.903586526660303,11568.94,0.96,0.27,5.79,0.86,65063.2,0
2691,1.52,0.609603882,0.40504092,13.7188549,7.641038721,-186.5376129,-195.5107124,-182.8800049,-161.5440063,-173.430321,0,0,14.56783716,46.32572215,51017,884.7,216.503,320.698,116,0.675099314619985,53207.5,0.96,0.44,21.34,0.82,67865.83,0
2692,6.71,4.876800537,2.83302021,13.962677,8.359747416,-84.73440552,-88.20332627,-286.816803,-277.3680115,-281.4138612,22.48892521,1,15.38715935,10.65264879,12558.1,422.1,117.358,138.196,76.2,0.84921415959941,13054.43,0.96,0.58,9.45,0.89,23471.26,1
2693,8.53,5.79119873,0.859187543,14.43059921,4.723144042,-36.88079834,-44.58749634,-332.5368042,-316.3824158,-324.3607337,12.43226055,1,26.5657778,17.79776246,113583,1397.6,355.718,436.945,61,0.814102461408186,124179.1,0.91,0.51,16.15,0.73,12009.42,1
2694,2.74,2.133605957,0,9.362909317,3.269945543,-172.8216095,-175.708994,-195.9864044,-187.7568054,-193.1991261,31.09064395,0,31.33545217,10.52675347,60717.5,940.2,243.525,315.201,147.4,0.77260224428222,63053.29,0.96,0.34,8.23,0.87,57940.82,0
2695,13.11,1.219192505,0,21.40891838,8.054532384,-142.6464081,-171.2915888,-226.4664001,-163.9824066,-197.6509252,6.262391008,1,14.61224569,24.06076546,135292.8,2473.3,361.251,766.842,21.6,0.471089220465233,197988.22,0.68,0.46,62.48,0.28,55833.71,0
2696,8.84,6.705612183,0.810064554,10.31273174,4.812383025,-185.6232147,-190.6470416,-183.4896088,-173.7360077,-178.3368705,19.03042202,1,30.53718882,23.0135336,67172.3,982.3,251.914,324.563,89.4,0.776163641573439,69128.03,0.97,0.53,9.75,0.88,65355.41,0
2697,0.61,0,0,2.024389982,0.854267802,-194.7672119,-195.2531239,-174.040802,-172.8216095,-173.6299854,0,0,88.55623903,5.713305748,10406.7,431.6,80.553,155.454,91.3,0.518179011154425,11206.09,0.93,0.37,1.22,0.7,67731.69,0
2698,0.91,0.30480957,0.286419332,5.250885487,2.5344634,-228.9048157,-229.5816491,-140.2080078,-137.7696075,-139.4101428,0,0,31.33431334,10.44477111,9961.8,374,104.213,129.554,125.7,0.804398166015715,10197.95,0.98,0.34,2.44,0.9,86778.35,0
2699,5.49,0.304779053,0,11.21382904,4.467873357,-79.55279541,-83.76911507,-289.5599976,-272.4912109,-285.1023762,41.43457153,0,6.485411196,24.32029199,82509.7,1345.6,327.962,399.325,140,0.821290928441745,101311.36,0.81,0.26,17.07,0.57,22132.25,1
2700,10.67,8.229614258,0,12.40447807,4.734437626,-22.25039673,-30.78242817,-348.3864136,-331.0128174,-338.2184671,7.061009985,1,56.33116855,15.06348797,94729.6,1434,287.114,533.969,111.7,0.537697881337681,111679.79,0.85,0.59,17.37,0.58,9174.27,1
2701,0.61,0,0,3.53822732,2.110487895,-93.87841797,-94.97362661,-274.9295959,-272.4912109,-273.9893706,0,0,56.64716558,32.61503472,8659.2,341.7,93.594,117.328,89.7,0.797712396018001,8761.93,0.99,0.4,2.44,0.93,25591.56,1
2702,13.72,8.229614258,0.405025661,17.66308212,7.980775142,-0.609619141,-11.45444023,-368.8080139,-341.6808167,-357.5766478,9.848742721,2,15.5858744,4.685324207,155452,2240.8,265.429,895.703,115.6,0.296335950644354,207393.92,0.75,0.42,27.13,0.39,5845.28,2
2703,0.3,0,0,2.462299109,1.153391186,-176.7840118,-177.4398748,-192.0240021,-189.8903961,-191.4334534,0,0,98.70811742,1.794693043,16564.6,497.3,119.46,180.92,136.6,0.660291841697988,17097.44,0.97,0.29,2.13,0.84,58777.09,0
2704,22.86,3.352798462,0,24.464077,4.779950646,-132.892807,-156.2593567,-236.2200012,-157.581604,-212.6290937,6.732988748,1,42.14707191,21.42096776,620352.2,8120.5,1170.44,1895.872,39.4,0.617362353576613,1700000,0.36,0.3,78.64,0.12,48955.7,0
2705,15.24,13.10638428,2.946130514,21.05376053,11.3767417,49.98718262,23.54579027,-420.9288025,-365.7600098,-392.6871793,5.741416189,1,10.17796506,26.74977997,113913.1,1324.1,343.122,446.285,65.6,0.76884053911738,120249.76,0.95,0.51,55.17,0.82,1718.45,2
2706,1.52,0.304779053,0.28639248,4.713021755,2.649764575,-12.49679565,-13.32808154,-356.6159973,-353.8728027,-355.7246949,55.12013372,0,8.93840006,16.38706678,9977.7,363.4,105.881,118.164,90.2,0.896051250803967,10053.63,0.99,0.34,2.74,0.95,6135.29,2
2707,4.57,3.04800415,2.591808081,15.49586678,7.887254052,29.26080322,25.72511115,-399.8976135,-389.2296143,-395.0978069,0,0,17.98560614,41.26109645,14049.6,508.1,120.098,178.54,24.9,0.672667189425339,15526.71,0.9,0.45,10.67,0.69,1542.52,2
2708,1.52,1.219192505,0.286406279,5.999509335,3.124131279,-212.1408081,-213.8819809,-156.9720001,-152.7048035,-155.0689081,0,0,44.48932167,10.16898781,23387.4,563.8,154.503,180.132,90.9,0.857721004596629,23475.25,1,0.46,4.27,0.93,77775.16,0
2709,0.91,0.304794312,0.286405772,5.666639328,3.407367984,-220.0656128,-222.5535604,-149.0471954,-141.7319946,-146.3940905,0,0,46.30881799,21.18382099,30172,641.9,174.028,229.186,153.7,0.759330849179269,30647,0.98,0.37,7.32,0.92,82687.05,0
2710,13.11,2.438400269,0.286420614,11.04587841,3.433617816,-142.6464081,-144.9204838,-226.4664001,-220.3704071,-224.0174013,32.20584677,1,48.16369878,1.160571055,51230.4,918.6,229.223,300.482,109.8,0.762851019362225,55918.79,0.92,0.41,6.1,0.76,44066.61,1
2711,13.72,5.79119873,0,17.63681793,4.833199386,-85.03921509,-90.75304145,-284.683197,-270.0527954,-278.1890625,21.57367865,1,21.30287934,5.957584899,164669.7,2237.9,271.58,945.971,157.4,0.287091253325948,194802.83,0.85,0.45,14.63,0.41,24259.01,1
2712,14.94,11.27761841,0,12.96756935,5.172794504,-39.0144043,-54.8241802,-330.7080078,-296.8752136,-314.1142,4.460812569,3,21.65352768,14.59057445,319887.4,3801.2,423.5,1383.107,109.6,0.306194676189189,515401.77,0.62,0.49,33.83,0.28,14357.83,1
2713,1.22,0.30480957,0.405059487,4.043809891,2.059277692,-176.174408,-177.6482093,-193.2432098,-189.5856018,-191.3211693,8.189601275,0,17.54914558,49.13760764,12705,467.3,105.895,173.377,49.8,0.610778823027276,13847.5,0.92,0.54,3.66,0.73,58878.15,0
2714,2.74,2.74319458,0.64043349,14.92965984,6.797343352,-36.57601929,-45.06158797,-332.8416138,-313.0296021,-323.9489652,0,0,44.56404169,3.695554677,68376.9,1009.9,232.417,400.62,50.2,0.580143277919225,69777.57,0.98,0.45,19.81,0.84,12113.55,1
2715,7.62,5.18157959,0,8.849386215,3.460337188,-46.32962036,-50.48500104,-323.3927917,-315.7727966,-318.482534,12.41869286,1,41.94237776,3.983354312,63436.6,1143.4,206.24,449.191,92.1,0.459136536573529,69855.7,0.91,0.65,7.62,0.61,13336.79,1
2716,13.41,8.534393311,0,12.37987423,5.015286976,-85.34402466,-93.97718045,-284.0736084,-268.8336182,-274.9658279,14.02733484,1,27.59018838,5.016397888,160008,2410.1,308.828,1017.556,37,0.303499758244264,223873.38,0.71,0.6,15.24,0.35,25273.74,1
2717,0.61,0.304779053,0,5.10998106,2.746697537,-76.50482178,-78.16096059,-292.3031921,-287.4263916,-290.7706777,20.84187933,0,36.82065349,35.43119487,21395.6,551.4,141.118,184.961,116.3,0.76296084039338,21830.75,0.98,0.32,4.88,0.89,20495.06,1
2718,2.74,0,0,2.180246592,0.791219987,-172.2120056,-172.4524162,-196.9008026,-195.9864044,-196.4071137,82.59099317,0,11.19877874,0,10618.4,461.4,104.921,167.082,161.6,0.62796112088675,12232.72,0.87,0.61,0.91,0.63,56383.65,0
2719,1.83,1.219207764,0.640439868,5.492441654,3.516833232,26.51757813,24.24232332,-395.9352112,-389.8392029,-393.241373,0,0,34.92324166,41.20942516,21281.2,530.2,159.758,167.513,99.3,0.953705085575448,21601.24,0.99,0.45,6.1,0.95,1661.19,2
2720,0.3,0,0,4.581850052,2.623534241,10.97277832,9.212053317,-379.7807922,-375.5136108,-378.1798638,0,0,13.64849741,69.21737972,15247,487.3,120.293,171.723,96.3,0.700506047530034,16021.73,0.95,0.38,4.27,0.81,3112.29,2
2721,0.3,0,0.286426336,18.38383484,5.908549851,-4.572021484,-12.60357649,-364.540802,-344.1192017,-356.3757801,0,0,24.86857798,45.49819379,52598.3,1008.3,173.909,421.319,129.4,0.412772744642421,56462.96,0.93,0.4,20.42,0.65,6022.32,2
2722,43.59,11.58239746,0,16.91230011,6.174564242,36.2711792,18.80628879,-405.6888123,-362.7120056,-387.7435701,7.940869864,2,45.92554036,15.73000336,293881,3312.8,488.125,1158.442,20.4,0.421363348359262,394647.37,0.74,0.42,42.98,0.34,2133.86,2
2723,17.68,2.438400269,0,17.90273285,5.885540151,-173.7360077,-182.5521686,-195.3768005,-150.8760071,-186.351388,21.8561996,1,32.26098194,13.29842004,241431.3,2626.1,547.986,699.666,81.2,0.7832108463181,301510.13,0.8,0.2,44.5,0.44,61282.08,0
2724,0.61,0,0,4.849070549,1.575653939,-190.8048096,-191.2908461,-178.0032043,-176.174408,-177.6036657,55.74232548,0,27.19137828,10.87655132,10933,388,108.739,128.211,161.6,0.848125355858702,11096.03,0.99,0.23,1.83,0.91,65685,0
2725,1.83,0,0,3.72920084,1.308561688,-131.0640106,-131.9879962,-238.0487976,-234.3912048,-236.9081981,23.74058943,0,60.60097828,4.373266474,23792.1,642.6,146.583,229.437,56.1,0.638881261522771,25844.53,0.92,0.32,3.66,0.73,38804.27,1
2726,2.74,0,1.145552039,5.425682545,3.672800324,-188.6712189,-192.3904572,-180.4416046,-172.5167999,-176.5476959,0,0,4.470441565,81.58555858,13299.9,461.6,117.651,155.15,179.5,0.758304866258459,14557.66,0.91,0.5,7.92,0.79,66249.85,0
2727,19.51,15.23999023,0.905669451,26.66283035,12.74738767,-31.39440918,-50.07781015,-338.0231934,-297.7896118,-319.1718044,17.60447412,1,11.8681848,19.97811108,75146.2,1066.4,251.923,393.408,134.1,0.640360643403286,76972.02,0.98,0.47,40.23,0.83,13242.9,1
2728,2.74,0.914398193,0,6.93483448,2.672870415,-194.7672119,-196.6456813,-174.3455963,-167.3352051,-172.2413545,31.30674712,0,12.52269885,23.57213901,40357.2,779.1,189.071,269.955,108.6,0.700379692911782,42148.33,0.96,0.3,7.01,0.84,68458.46,0
2729,31.09,7.010406494,0,21.79275703,6.887342581,22.85998535,1.211226931,-393.1920166,-352.9584045,-370.1967636,2.00656378,3,18.34572599,14.76257638,311125.9,5699.3,768.605,1629.249,82.5,0.471754164035086,756111.98,0.41,0.57,40.23,0.12,4069.01,2
2730,13.11,11.58239746,0.81009239,15.62497902,8.98566777,-21.64080811,-30.03523772,-349.3008118,-332.2319946,-339.3104278,18.2216922,1,37.74493385,9.544695917,34261,689.4,191.08,215.878,179.9,0.885129563920363,34850.2,0.98,0.59,17.07,0.91,9031.7,2
2731,6.4,4.267211914,0.286398172,15.25645256,7.307841907,-20.72640991,-28.32390772,-348.3864136,-330.4031982,-340.6530757,15.54330709,1,32.97884287,5.406367682,109975.1,1772.1,213.948,758.949,95.2,0.28190036484665,125750.74,0.87,0.43,17.98,0.44,8709.35,2
2732,0.61,0.304779053,0.405025154,4.790136814,2.784787671,122.2247925,121.1710558,-491.642395,-487.9848022,-490.1663055,0,0,60.79226943,19.27559762,10024.8,363.9,106.131,117.536,0.4,0.90296589980942,10124.83,0.99,0.41,3.66,0.95,3155.19,2
2733,32.31,10.3631897,0,21.42377281,5.545823712,23.16479492,-2.457080494,-394.4111938,-332.8416138,-366.5288665,2.213669461,2,30.99137244,9.908806156,282017.7,4065.3,485.18,1258.6,78.7,0.38549181630383,427364.61,0.66,0.45,61.57,0.21,4550.46,2
2734,1.22,1.219207764,0,12.46068287,3.908236314,-5.181610107,-6.8897597,-363.9312134,-359.3591919,-362.0706557,4.200138024,1,40.42632849,20.47567287,28311.7,730.5,129.076,311.809,90.8,0.413958545135002,29714.46,0.95,0.42,4.57,0.67,5168.14,2
2735,2.74,2.43838501,0,14.09269238,6.005625126,-2.133605957,-5.183917652,-367.2839966,-359.968811,-363.9704604,24.36887987,0,37.73245915,5.502650292,18908.9,632.8,93.593,276.259,90,0.338787152635751,20019.16,0.94,0.46,7.32,0.59,4925.78,2
2736,0.3,0.30480957,0.405048728,13.18732262,6.430945491,-8.839202881,-11.05775477,-360.5783997,-354.4823914,-358.2299424,0,0,0,18.58663092,8796.9,398.6,69.27,166.7,90.1,0.415536892621476,9063.29,0.97,0.39,6.1,0.7,5784.78,2
2737,7.92,5.79119873,0.28642866,9.33792305,4.99578706,1.828796387,-3.036376487,-372.4656067,-360.8832092,-366.0636402,15.67476397,1,46.25966926,11.46933949,38879.7,853.9,199.66,307.729,121.5,0.648817628497802,44160.22,0.88,0.56,11.58,0.67,4628.95,2
2738,5.49,0,0.405049115,2.180265665,1.382227085,-185.928009,-186.2394389,-183.1847992,-181.9656067,-182.7276008,13.05257924,0,63.08746634,15.22800911,6832.7,324.9,69.407,129.069,90.1,0.537751125367052,7018.94,0.97,0.41,1.22,0.82,63121.26,0
2739,1.22,0.609603882,0,5.877079487,1.592330888,-171.2976074,-171.9041641,-197.8152008,-195.0720062,-196.9861461,74.28657952,0,7.123370639,2.035248754,14606.7,449.4,127.733,155.379,134.3,0.822073768012408,14936.28,0.98,0.31,2.74,0.91,56123.58,0
2740,1.22,0,0,1.810876846,0.740406531,-173.4312134,-173.9254821,-195.3768005,-194.4624023,-194.9278399,0,0,103.6090095,0,10616.3,427.4,81.051,167.246,0.5,0.484621455819571,11224.2,0.95,0.55,0.91,0.73,57085.39,0
2741,2.74,0,0,9.662467957,3.230995734,-81.99121094,-83.62750587,-286.816803,-280.7207947,-285.245746,4.212455922,0,75.12213059,1.755189967,42343.4,889.8,176.037,341.135,148,0.516033241971653,45328.82,0.93,0.26,6.1,0.67,22090.14,1
2742,2.44,0.30480957,0.286429167,2.700086117,1.331117935,-30.48001099,-30.8710173,-338.6328125,-337.4136047,-338.0324393,3.999641037,0,72.9934489,8.999192332,14865.5,481.9,108.33,195.936,117.1,0.552884615384615,15240.08,0.98,0.54,1.22,0.81,9191.25,1
2743,4.27,1.828826904,0,11.01773453,4.590292331,-53.64480591,-61.97462528,-315.4680176,-291.6936035,-306.9830179,13.81957807,0,32.80251499,21.10902585,97878.3,1610.2,200.814,699.331,54.8,0.287151577722137,108648.07,0.9,0.36,23.77,0.48,16122.56,1
2744,24.99,18.59280396,0,23.98523903,7.848015714,54.25439453,34.34011485,-426.1104126,-373.3800049,-403.4053846,2.780571524,3,28.3497401,7.435006467,245902.9,4150.7,269.071,1842.169,52,0.14606206053842,376857.18,0.65,0.43,52.73,0.18,940.03,2
2745,1.22,0,0.28641665,2.462397099,1.619619823,-188.3664093,-188.6102551,-180.7463989,-180.136795,-180.4659839,99.82031005,0,4.159179585,0,3573.8,218.4,59.81,75.916,155.9,0.787844459665947,3589.54,1,0.55,0.61,0.94,64318.16,0
2746,0.91,0,0.640458405,2.946328402,1.715954756,-100.2792053,-100.6260534,-268.8336182,-267.6144104,-268.4026826,0,0,97.65614325,3.487719401,4261.9,239.3,69.535,70.29,178.5,0.989258785033433,4273.69,1,0.39,1.22,0.94,27431.99,1
2747,3.35,1.219207764,0.859235704,5.543951511,3.096082406,-76.50482178,-77.78364463,-292.9128113,-289.2552185,-291.2728474,47.77902407,0,19.54596439,3.257660731,13688.5,447.9,112.295,154.638,46.1,0.726179852300211,14382.34,0.95,0.46,3.66,0.86,20387.17,1
2748,6.4,4.876800537,0.640430987,11.74595833,6.788265597,-95.70721436,-100.4612447,-274.0151978,-263.0423889,-268.6981362,24.01928942,1,21.70974237,18.93828589,32179.8,676.5,169.414,250.508,80.4,0.676281795391764,32852.91,0.98,0.49,10.97,0.89,27377.42,1
2749,2.74,2.43838501,0.572777867,14.53550434,5.629269739,42.67199707,27.38822629,-411.78479,-366.674408,-396.3123246,4.69160682,1,18.05248711,19.27638454,145739.1,2094.9,393.863,723.843,48.5,0.544127663042953,201863.92,0.72,0.34,45.11,0.42,1414.65,2
2750,4.57,1.828826904,0.405070841,4.250163555,2.595576536,-104.2416077,-106.0635509,-264.8712158,-259.9944153,-262.8483501,25.02121057,1,25.98356482,9.302757776,46336.8,823.7,215.594,281.274,73.7,0.766491037209269,48263.38,0.96,0.42,4.88,0.86,29262.74,1
2751,7.32,4.876800537,0,9.26995945,3.554924146,24.07919312,20.22647979,-394.4111938,-384.9624023,-389.2694028,11.85825407,2,41.02314921,8.012333831,46378.9,1150.4,136.475,475.215,109.6,0.287185800111528,55118.61,0.84,0.55,9.45,0.44,2004.67,2
2752,1.22,0.304779053,0,4.326140404,2.388954562,-95.70721436,-96.93334025,-273.7103882,-269.7480164,-272.0513195,0,0,41.58804184,46.3409609,12509.5,413.7,118.257,130.527,0.4,0.905996460502425,12711.28,0.98,0.43,3.96,0.92,26222.41,1
2753,1.52,0.30480957,0.405073792,12.85548782,4.680342568,-3.657623291,-4.662064986,-365.7600098,-361.4927979,-364.4853835,7.240319488,0,53.09567626,4.82687966,6158.9,303.6,72.387,108.192,79.1,0.669060559006211,6444.41,0.96,0.31,4.27,0.84,4852.8,2
2754,0.3,0.30480957,0,10.84654903,2.40811637,47.24398804,43.12025192,-416.052002,-402.9456177,-411.9890471,0,0,83.49116055,5.438684754,101122.5,1386.9,343.282,447.497,56.6,0.767115757200607,115409.81,0.88,0.31,13.11,0.66,478.72,2
2755,0.3,0.30480957,0,10.84654903,2.40811637,47.24398804,43.12025192,-416.052002,-402.9456177,-411.9890471,0,0,83.49116055,5.438684754,101122.5,1386.9,343.282,447.497,56.6,0.767115757200607,2100000,0.05,0.31,13.11,0.66,478.72,2
2756,5.79,3.962402344,0.405073792,14.86224842,7.723782867,-28.95602417,-38.39371803,-340.7664185,-314.5535889,-330.5837769,19.89594951,0,17.83266586,6.484605767,100857.7,1497.3,250.092,617.803,135,0.404808652596378,110477.07,0.91,0.39,26.21,0.57,10690.26,1
2757,3.66,2.133605957,0.810066521,7.475695133,4.899554022,-104.2416077,-106.5545071,-265.4808044,-259.6896057,-262.6569196,34.16956576,1,10.04987228,15.07480842,14790.4,440.9,130.417,142.777,89.8,0.913431435035055,14916.92,0.99,0.5,5.79,0.96,29430.95,1
2758,13.41,8.839202881,0,16.37952042,5.467022494,7.924804688,-0.389459154,-377.6472168,-360.2735901,-368.5890938,15.47691725,2,63.24011881,1.229953688,145021.5,2052.7,386.111,750.347,90.1,0.514576589231382,187698.52,0.77,0.52,17.37,0.43,4275.78,2
2759,4.57,2.74319458,0.905670881,7.279898167,4.09471659,-82.90560913,-85.10392908,-287.4263916,-280.7207947,-283.9963596,28.3058022,1,17.95002091,24.8538751,21530.2,565.3,153.16,190.882,89.3,0.80238052828449,22256.95,0.97,0.52,6.71,0.85,22531.19,1
2760,8.23,7.315216064,0,16.8179245,5.138457874,40.53839111,14.53206407,-411.480011,-363.0168152,-383.4660553,1.569983029,3,31.52695651,13.28120779,350305.3,4297.2,515.535,1591.088,102.6,0.324014133724847,532390.66,0.66,0.58,48.46,0.24,2547.01,2
2761,1.52,1.524017334,0,10.68298435,3.604109306,-20.72640991,-25.97798043,-348.3864136,-336.4992065,-342.9238589,2.103068152,1,58.71065256,7.010227171,84814,1554.8,180.757,675.362,102.9,0.267644611334366,100031.04,0.85,0.46,11.89,0.44,8276.99,2
2762,2.44,0,0,2.715240002,0.784780319,-84.12481689,-84.31419921,-284.9880066,-283.7687988,-284.5441219,27.54621013,1,48.44333506,0,15648.6,477.3,128.043,158.068,113,0.810050105018093,16195.3,0.97,0.4,1.22,0.87,22294.73,1
2763,6.71,6.400817871,0.64039892,12.66305256,5.046045879,3.962402344,-2.622112542,-373.6848145,-359.6640015,-366.4256221,11.69267555,1,32.90264514,7.069989866,54663.1,1053.3,170.575,428.389,82.5,0.398177824360569,59432.71,0.92,0.52,14.02,0.62,4572.75,2
2764,6.4,5.486419678,0,23.79187202,7.890830195,-1.524017334,-10.6565897,-368.5032043,-345.643219,-358.3512772,6.614887612,2,34.84277435,2.095805976,226954.5,4117.2,223.553,1846.915,85.8,0.121041304012367,326896.79,0.69,0.45,22.86,0.17,5723.92,2
2765,3.96,0.304794312,0,9.401444435,3.486372348,-187.4520111,-190.3878051,-181.6607971,-169.7736053,-178.5273911,6.901704513,1,45.55124979,19.04870446,53842.3,999.6,193.665,400.978,59.4,0.482981609963639,58300.97,0.92,0.27,11.89,0.68,65222.93,0
2766,2.13,0,0,5.312612534,2.111591044,22.25039673,21.47292604,-391.0584106,-388.6199951,-390.3648721,18.36114978,0,53.67105319,19.77354592,10524.1,384.1,93.751,141.858,89.4,0.660879189048203,10680.96,0.99,0.3,2.44,0.9,1894.61,2
2767,6.1,5.18157959,0.286434621,10.48319244,4.097896524,7.924804688,2.679612485,-377.9519959,-366.9792175,-371.6465711,10.70661948,1,44.67954669,7.412275029,72192.3,1133.8,218.912,453.448,93.8,0.482772004728216,75826.64,0.95,0.58,10.97,0.71,3883.83,2
2768,1.22,0.609588623,0,5.821935654,3.295815942,-32.918396,-36.28630817,-336.194397,-326.1360168,-332.6198458,5.270104597,1,29.45058452,51.15101521,47947.9,814,210.461,294.714,169,0.714119451400341,48705.85,0.98,0.36,10.06,0.91,10258.92,1
2769,22.25,11.88719177,0,20.17371559,6.204544962,-133.5024109,-153.9973083,-235.6103973,-184.0991974,-214.931452,5.273859003,3,28.08636539,16.06687278,363580.9,4995.7,611.641,1435.964,119.2,0.425944522286074,658540.4,0.55,0.4,51.51,0.18,47959.82,0
2770,6.4,4.267181396,0,7.140697479,3.793698397,-49.98721313,-54.22185262,-319.4303894,-308.4576111,-314.7259309,24.98553809,1,17.08569884,18.73915357,80907.7,1128.6,253.063,406.313,49.5,0.622827721485653,84073.56,0.96,0.43,10.97,0.8,14213.85,1
2771,0.61,0.30480957,0.286422342,5.455635548,2.386912321,-166.7256165,-167.8946091,-202.387207,-199.3392029,-201.035325,2.321045192,0,74.2734461,4.642090381,25616.3,696.3,121.132,290.429,129.6,0.417079561614026,26888.99,0.95,0.46,3.05,0.67,54239.9,0
2772,5.49,2.133605957,0.286433578,4.573149681,2.873150822,-103.3272095,-105.820457,-265.785614,-259.0800171,-263.1116353,17.19434034,1,29.14294973,11.0743209,51004.3,899.9,188.622,348.405,24.6,0.541387178714427,53044.02,0.96,0.4,6.71,0.79,29179.63,1
2773,0.61,0,0.859253585,2.818751574,1.596867893,113.3855896,112.7861491,-482.4984131,-480.6696167,-481.756724,0,0,67.88685016,20.36605505,4379.1,262,62.84,96.469,11,0.651400968186671,4639.92,0.94,0.43,1.83,0.8,2283.52,2
2774,13.11,12.49682617,0,23.14470863,5.734902169,-20.72640991,-29.74262593,-350.5200195,-320.9544067,-339.2339224,6.034066453,2,40.12654191,3.620439872,246337.1,3324.6,327.855,1441.804,138.5,0.227392211424022,381072.29,0.65,0.38,29.57,0.28,8976.17,2
2775,3.96,3.962402344,0,18.32233238,5.876259915,22.55517578,11.71825316,-391.6679993,-366.674408,-380.7267532,6.691987138,1,31.45233955,8.866882958,88847.4,1994.2,215.839,820.827,100.6,0.262953094866519,123883.1,0.72,0.44,24.99,0.28,2838.94,2
2776,2.74,1.219207764,0.286405146,20.31660843,8.890673822,-3.657623291,-12.21902632,-365.7600098,-331.3175964,-356.7116004,2.504672839,1,41.66864815,16.62191975,65280.2,1158.6,264.038,416.554,81.9,0.633862596446079,71727.6,0.91,0.26,34.44,0.61,5962.78,2
2777,0.91,0,0,3.433052301,1.667556803,-78.94320679,-79.65142014,-289.8648071,-288.0360107,-289.2910659,0,0,63.3807826,36.21759005,4924.9,260.6,69.729,92.251,90.2,0.755861725076151,5022.04,0.98,0.33,1.83,0.91,20924.03,1
2778,3.05,0.914398193,1.718066573,11.752882,7.598471218,-15.5447998,-19.10471559,-354.4823914,-344.1192017,-350.3441577,0,0,25.22753935,27.75029328,11784.1,391.4,114.361,129.717,155.7,0.881619217219023,11877.75,0.99,0.4,10.36,0.97,7073.6,2
2779,5.18,3.352813721,0.810079694,9.539395332,5.411616999,-73.15200806,-75.90016584,-297.4848022,-289.5599976,-293.3365491,31.12881132,1,6.385397194,22.34889018,18622.7,509,140.777,168.631,64.1,0.834822778729889,19272.25,0.97,0.53,7.92,0.91,19852.86,1
2780,1.22,0.30480957,0,5.709651947,1.699562538,-7.010406494,-8.4213572,-361.7976074,-357.8352051,-360.4720011,23.56046742,0,55.45771562,3.987156025,41008.1,1136.5,125.878,481.687,47.7,0.261327376491373,53441.66,0.77,0.34,3.96,0.4,5390.7,2
2781,3.66,0.30480957,0.640441418,2.308039904,1.171470962,-152.0952148,-152.3378081,-217.0176086,-216.1031952,-216.6070557,59.0390271,0,35.84512359,0,7049.5,300.9,88.289,102.32,45.2,0.862871383893667,7062.8,1,0.5,0.91,0.98,47235.72,0
2782,22.86,13.71600342,0,32.95861053,7.395732229,42.3671875,14.17916757,-412.3944092,-338.0231934,-383.1530709,4.194659261,3,16.60972459,11.09191778,527994.6,7239.2,669.744,2343.785,22.8,0.28575317275262,1200000,0.44,0.39,74.37,0.13,2582.76,2
2783,14.63,10.05841064,0.859175324,17.96144104,7.25877929,-17.06881714,-24.55170744,-353.8728027,-338.0231934,-344.6778154,16.47395913,1,42.3081223,12.35546935,39700.4,741.6,217.7,235.783,74.1,0.923306599712447,40787.01,0.97,0.58,15.85,0.91,8019.51,2
2784,1.22,0,0,3.348762035,1.153049216,-188.061615,-188.6135472,-180.7463989,-179.2223969,-180.2933201,38.5009222,0,59.12641623,1.375032935,10810,427.1,91.77,163.377,135.2,0.561706972217632,11574.49,0.93,0.32,1.52,0.75,64319.83,0
2785,2.44,0.914398193,0,5.266687393,2.05362074,-51.51119995,-52.33371959,-317.9064026,-314.8583984,-316.6334181,20.62068928,1,76.5911316,1.472906378,20183.4,656.6,146.834,241.905,135.9,0.606990347450445,23862.7,0.85,0.43,3.05,0.59,13767.2,1
2786,0.3,0,0,2.00428462,0.831528474,-53.03521729,-53.36078505,-315.7727966,-315.163208,-315.5095728,0,0,100.4746132,0,6509.3,301.2,81.636,106.138,179.8,0.769149597693569,6662.69,0.98,0.52,0.61,0.9,14009.28,1
2787,1.22,0,0,4.713337421,2.078568617,-234.6960144,-235.8342496,-134.1119995,-131.6735992,-133.0975893,0,0,0,38.51850488,18908.9,552.1,115.708,213.182,71.8,0.542766274826205,19696.65,0.96,0.43,2.44,0.78,90501.25,0
2788,8.23,5.181610107,0,9.662940025,3.341391493,-78.02880859,-82.52796432,-291.0840149,-280.7207947,-286.374461,19.17309142,1,32.21707984,4.71469461,94581.8,1185.9,305.205,414.198,66.3,0.73685773470659,97589.23,0.97,0.46,10.36,0.85,21764.5,1
2789,2.13,0.914398193,0,6.614253044,2.463623541,-237.7440186,-239.194486,-131.0639954,-126.1872025,-129.7097805,0,0,36.54902351,18.93503628,33755.3,706.5,187.991,244.824,158.1,0.767861810933569,35152.57,0.96,0.28,4.88,0.85,92534.29,0
2790,1.83,0.609588623,0.405064851,8.552719116,3.884118051,-187.4520111,-189.7789547,-181.6607971,-171.907196,-179.1928322,39.45758364,0,13.40068879,32.01275654,19965.7,538,132.153,201.174,128.1,0.656908944495809,20405.1,0.98,0.26,9.75,0.87,64912.32,0
2791,19.2,15.84960938,0.640433252,27.76415062,8.017751842,-32.61361694,-50.16191192,-339.2424011,-306.6288147,-318.9678354,6.77503812,1,27.50665477,7.723543456,109697.9,1639.5,255.468,645.367,111.8,0.395849183487845,123672.74,0.89,0.62,32.61,0.51,13262.27,1
2792,1.83,0.30480957,0.810130537,5.365913868,3.273212818,-52.73040771,-54.1237822,-316.3824158,-312.7247925,-315.0228998,0,0,0,3.225097191,9217.8,360.4,93.849,135.938,136.3,0.690380908943783,9404.42,0.98,0.38,3.66,0.89,14190.48,1
2793,0.91,0,0,1.669721246,0.919000556,-181.0512085,-181.0877856,-188.0615997,-187.4519959,-187.8787219,91.20036818,0,3.965233397,0,3748.6,228.9,66.764,74.033,161.5,0.901814055893993,3825.85,0.98,0.36,0.61,0.9,60559.2,0
2794,0.61,0,0,2.308047056,0.853669535,-167.944809,-168.2165621,-200.863205,-199.6439972,-200.6355199,62.57962412,0,27.67944913,3.610362931,12351.2,434.6,94.878,160.869,133.2,0.58978423437704,12713.35,0.97,0.2,1.22,0.82,54389.96,0
2795,2.13,0.609603882,0.286442131,3.237216711,1.727182476,-180.4416046,-180.9549582,-188.6712036,-187.1472015,-188.0134781,7.29854955,1,89.40723197,1.824637386,8146.4,331.8,81.628,117.674,0.1,0.693679147475228,8150.29,1,0.46,1.52,0.93,60493.84,0
2796,3.66,0.304779053,0.286412686,2.560250521,1.207368365,23.46960449,23.06978934,-392.5823975,-391.3631897,-391.9807244,64.69929362,0,25.87971745,0,11487.1,434.4,114.124,157.718,63.4,0.723595277647447,12323.99,0.93,0.54,1.22,0.77,1758.14,2
2797,0.61,0,0,3.538523674,1.170378097,-244.7544098,-245.0930769,-124.3583984,-122.834404,-123.77959,0,0,0,44.98541467,14538.5,459.8,115.1,158.091,99.5,0.72806168599098,15040.22,0.97,0.41,1.52,0.87,96157.72,0
2798,4.88,0.609588623,0,16.97861099,3.466970759,-24.99362183,-27.84920964,-344.1192017,-333.756012,-341.0360037,2.502904258,2,70.21305103,3.556758685,112836.4,2190.2,185.588,977.396,94.7,0.189880048618983,145504.48,0.78,0.3,10.36,0.3,8620.98,2
2799,5.79,4.876800537,1.431861281,13.56411171,8.042900951,-27.12719727,-31.34119209,-343.509613,-332.5368042,-338.0207854,11.33614559,1,31.57926273,4.858348111,18357,493,142.487,154.937,179.9,0.919644758837463,18459.96,0.99,0.5,10.97,0.95,9281.63,1
2800,2.74,0,0,6.776628017,3.382237442,-188.6712189,-191.8766362,-180.4416046,-170.9927979,-177.0296283,0,0,4.031093527,65.59688555,40561.1,863.1,201.505,316.737,26.5,0.636190277738313,45200.21,0.9,0.36,9.45,0.69,65985.61,0
2801,0.61,0,0.286414236,6.758832932,2.301959437,-163.0680084,-164.2172207,-206.0447998,-202.9967957,-204.7307757,4.355210346,1,77.66791782,7.984552299,20477.7,576,130.369,228.761,116.4,0.569891721053851,21283.01,0.96,0.45,3.05,0.78,52540.53,0
2802,15.54,9.448791504,0,17.95368385,6.28510499,-5.486419678,-17.12855529,-364.540802,-340.1567993,-351.8221341,3.667579657,4,22.057134,3.615923606,287752.2,4909.5,246.427,2229.774,85.5,0.110516581501085,452043.23,0.64,0.52,24.38,0.15,6745.1,2
2803,5.49,2.438400269,0.286424428,5.110337257,2.444938404,-199.3392181,-201.9665633,-169.7736053,-163.677597,-166.9257042,19.83740247,1,39.67480494,17.38329083,72682,1063.5,300.577,344.793,56.6,0.871760737601981,76701.69,0.95,0.47,6.1,0.81,71271.15,0
2804,19.2,8.839202881,0.286413193,9.601541519,6.032853534,-92.35440063,-99.69656147,-277.0632019,-261.5184021,-269.3392506,14.9527293,1,15.16333112,10.9512947,70579.4,996.9,270.82,339.991,138.9,0.796550496924919,72679.25,0.97,0.5,15.54,0.89,27124.96,1
2805,2.74,1.219177246,1.0326823,13.44020653,5.847476305,-21.03121948,-24.49801799,-348.6911926,-336.8040161,-344.4775188,3.087969621,1,31.65168861,24.70375696,19254.3,613.7,145.796,223.282,43.7,0.652967995628846,21823.5,0.88,0.36,11.89,0.64,8009.9,2
2806,25.6,14.63037109,1.431857467,14.47111321,6.958579343,-86.25842285,-100.9024632,-283.4639893,-257.8608093,-268.1045409,8.199119232,1,27.06832514,42.79266339,132341.3,1448.9,375.193,471.135,107,0.796359854394176,140023.93,0.95,0.6,25.6,0.79,27523.63,1
2807,1.52,0.914398193,0.640455306,6.020145893,1.956838564,-186.8424072,-187.588445,-182.270401,-179.8320007,-181.3443917,53.11420121,0,18.96935758,1.896935757,15671.7,474.7,120.232,163.169,63.9,0.736855652728153,16191.13,0.97,0.4,2.44,0.88,63800.92,0
2808,2.13,2.133575439,0,7.539990425,4.234905912,10.3631897,6.4668673,-379.7807922,-370.0271912,-375.4347407,10.74595974,1,30.15801604,16.6389054,42880.2,803.7,223.724,276.56,46,0.808952849291293,44859.47,0.96,0.45,9.75,0.84,3426.13,2
2809,1.22,0,0.286443412,13.8715601,6.487040387,138.0744019,133.936979,-507.1871948,-494.6903992,-503.0183293,0,0,20.85072507,46.26254624,22812.3,567.9,146.372,212.387,23.8,0.68917589117978,22985.9,0.99,0.34,12.5,0.89,4752.31,3
2810,0.3,0,0.286443681,16.5782814,6.636883598,-18.89761353,-22.42710766,-350.21521,-339.2424011,-346.5045931,0,0,0,28.96361625,10264,437.6,104.231,156.133,119.7,0.667578282618024,11489.28,0.89,0.34,10.97,0.68,7643.5,2
2811,8.53,4.571990967,0,11.64640522,4.37952003,-90.2208252,-102.9855535,-279.1968079,-253.898407,-265.9357254,7.83281059,2,22.74263425,22.4677988,216335.2,2836.4,494.99,932.06,0.2,0.531070961096925,317272.27,0.68,0.53,25.3,0.34,28219.15,1
2812,12.19,10.3631897,0.286390394,14.98199749,5.880607062,-67.05599976,-84.67153741,-302.3616028,-260.2991943,-284.2901307,7.190504206,4,37.49334336,4.057498802,289406.7,3809.8,323.107,1574.377,16.6,0.205228480853061,407437.99,0.71,0.43,42.06,0.25,22401.57,1
2813,10.67,7.924804688,0.640460134,9.920492172,3.729299889,-23.77441406,-42.66204626,-345.643219,-302.3616028,-326.2602424,4.193476201,1,37.54159647,22.29864329,223309,3137.1,262.106,1357.443,57,0.193088033899029,271263.5,0.82,0.45,43.28,0.29,11591.12,1
2814,0.61,0,0,1.81099689,0.873500674,-59.43600464,-59.79488988,-309.3720093,-308.4576111,-309.0672022,0,0,78.22461408,20.75346904,9310.9,378,99.689,123.291,33.9,0.808566724254001,9839.65,0.95,0.37,0.91,0.82,15573.76,1
2815,19.81,11.27758789,0.905655086,10.81438637,5.890453567,-92.35440063,-102.6712947,-277.6727905,-259.3847961,-266.3462414,9.299147785,1,39.66667727,9.735045337,102300.3,1311.7,297.556,481.373,74.6,0.61814019481774,107128.29,0.95,0.62,18.29,0.75,28113.66,1
2816,1.83,0.609588623,0.64048332,11.36340427,4.536552684,21.64077759,9.91174866,-390.7536011,-366.3695984,-378.8452909,2.787242171,1,37.24769083,23.31147998,117324.3,1971.1,239.874,809.505,103.4,0.296321826301258,142532.75,0.82,0.49,24.38,0.38,3034.72,2
2817,3.35,1.828796387,0.640489697,18.00385857,7.62204058,-21.64080811,-26.84196248,-348.3864136,-333.1463928,-342.237496,3.839265541,2,33.40161022,8.830310747,38716.1,840.8,180.013,293.819,80.5,0.612666301362403,43434.37,0.89,0.41,15.24,0.69,8434.95,2
2818,6.4,4.267181396,0.572820365,6.33405304,3.941350906,-106.3752136,-109.5603189,-263.0423889,-255.7272034,-259.4438642,20.38547319,1,42.49852885,12.09307732,43020.1,763.8,215.481,251.179,0.1,0.857878246190963,43805.14,0.98,0.5,7.32,0.93,30471.3,1
2819,2.13,0.304794312,0.28643477,8.147023201,3.082816371,-185.928009,-188.7988993,-183.1847992,-173.4311981,-180.1470986,28.66401123,0,19.79181728,47.0908756,21779.7,667.4,135.141,250.371,134.4,0.539762991720287,24421.67,0.89,0.31,9.75,0.62,64413.88,0
2820,7.92,7.619995117,0,13.93961525,4.443163697,39.92880249,31.25798641,-409.346405,-386.7911987,-400.2012271,8.913792384,2,17.63380667,10.33483175,230121.1,2928,314.298,1237.54,102.3,0.253969972687752,307242.08,0.75,0.41,22.56,0.34,1138.52,2
2821,5.79,4.876800537,0,23.66563606,7.096556015,148.4375916,57.13771411,-517.2456055,-319.4303894,-426.0692653,1.338192607,3,7.660667822,25.89111783,766426.2,10991.5,927.567,3014.585,48.3,0.307693098718397,2100000,0.36,0.46,197.82,0.08,61.82,2
2822,10.67,7.010406494,0,23.67531776,7.471255613,-190.5000153,-207.8421019,-178.9176025,-126.7967987,-161.0940102,5.37962407,2,17.32306619,5.650296978,439324.1,6105.2,463.698,2052.393,37.6,0.225930413911955,766962.71,0.57,0.34,52.12,0.15,74442.81,0
2823,12.19,8.534393311,1.032649517,20.17558479,9.672794589,-29.87042236,-44.02242923,-339.8519897,-303.5808105,-325.0159927,12.34102399,1,20.45566989,24.34393773,87924.8,1364.6,281.291,439.526,107.6,0.639987167994612,96934.24,0.91,0.41,36.27,0.59,11885.89,1
2824,0.3,0.304779053,0,7.405977249,2.424435634,3.962402344,0.864894161,-373.0751953,-365.1503906,-369.7762446,7.35517519,1,65.0650113,9.618306022,52543.6,1197.9,139.72,518.624,65.8,0.269405195285987,58935.35,0.89,0.42,7.92,0.46,4113.31,2
2825,9.14,6.400817871,0,12.60282993,5.339379939,22.55517578,15.43154764,-391.9728088,-375.8183899,-384.3954544,9.292111009,3,36.32370667,4.465040355,123173.2,1954.6,218.176,837.748,117.7,0.260431537884901,146527.33,0.84,0.47,16.15,0.41,2457.03,2
2826,0.61,0,0,4.519719601,2.06155138,-111.2520142,-112.0633829,-257.8608093,-254.8128052,-256.860542,0,0,0,83.68716684,10479.3,378.3,109.126,118.94,115.9,0.917487808979317,10653.43,0.98,0.34,3.05,0.92,31351.44,1
2827,1.52,0.304801941,0,2.445898533,1.260504866,-248.1072083,-248.180783,-121.3104019,-120.3960037,-120.7953925,0,0,99.73817323,3.562077616,4172.9,239.9,65.625,87.524,154.7,0.749794342123303,4224.07,0.99,0.63,0.91,0.91,98082.2,0
2828,10.06,7.619995117,0.286441177,13.77563953,5.518940762,-238.3536072,-244.4583489,-131.6735992,-120.0912018,-124.6496114,15.94781431,1,28.38710947,9.249732298,46602.4,810.6,226.469,255.636,104.2,0.885904176250606,47951.25,0.97,0.61,11.58,0.89,95764.47,0
2829,0.3,0,0.286442459,6.650953293,3.523256893,-243.8400116,-245.9619778,-125.2728043,-119.4815979,-123.0205383,0,0,25.63643899,56.71091049,19133.6,507.3,148.566,163.28,44.5,0.909884860362567,19371.89,0.99,0.4,5.79,0.94,96697.35,0
2830,1.83,1.219207764,0.640502393,9.313207626,3.504353656,-35.66162109,-36.88678607,-333.756012,-329.7936096,-332.1602867,0,0,11.6367353,40.72857356,15328.2,469.9,108.241,178.088,107.9,0.607795022685414,15562.24,0.98,0.41,3.96,0.87,10380.92,1
2831,9.75,1.828826904,0,6.900499344,3.210873138,-43.58639526,-47.87308787,-325.2216187,-309.9815979,-320.9953641,26.99069377,1,17.19995191,5.424600219,224691.2,2643.2,285.27,1171.36,115.8,0.243537426581068,267665.69,0.84,0.28,15.24,0.41,12740.33,1
2832,4.57,4.571990967,0.405078769,16.38713074,8.84209764,88.08718872,78.78590996,-458.723999,-433.4255981,-447.9670598,2.521487564,1,17.65041294,16.92998793,41264.9,831.3,195.207,288.722,167.2,0.676107120344137,45387.18,0.91,0.43,25.3,0.75,190.05,2
2833,3.35,1.219207764,0.640505314,4.474444389,2.639461562,-87.78240967,-88.96314069,-281.3304138,-278.5871887,-280.0490613,2.98025299,0,70.53265406,7.947341304,14962.6,443.7,130.36,141.515,180,0.921174433805604,15121.98,0.99,0.48,2.74,0.96,23704.65,1
2834,1.52,0.30480957,0,3.042069674,1.3677442,-188.6712189,-189.1099916,-180.4416046,-178.6128082,-179.7717096,23.61254677,0,43.85187257,16.86610484,13219.5,427.1,122.818,129.361,104,0.94942061363162,13625.27,0.97,0.39,1.83,0.91,64571.89,0
2835,3.96,1.524017334,0.640506446,5.822275639,3.850667374,-52.42559814,-53.84123671,-317.296814,-313.0296021,-315.325764,0,0,59.30675872,5.49136655,13534.1,433.4,128.107,143.423,17,0.893210991263605,13907.74,0.97,0.47,4.27,0.91,14123.24,1
2836,6.1,3.657592773,1.180912733,7.389806747,4.923263339,-50.59680176,-53.91538177,-319.1256104,-309.9815979,-315.1583131,26.24430551,1,21.42392287,20.35272673,27752.4,629.6,178.072,201.144,108.7,0.885296106272123,28712.61,0.97,0.44,9.14,0.88,14140.87,1
2837,2.44,1.219207764,0,16.02619362,5.692081892,-39.31921387,-44.81044836,-329.7936096,-304.4952087,-324.1076322,2.404172899,1,19.03303546,22.03825158,74191.7,1620,247.421,599.677,109.3,0.412590444522635,97614.27,0.76,0.23,25.3,0.36,12058.33,1
2838,4.27,1.828796387,0,19.79828262,4.051040741,3.352783203,0.263801034,-372.4656067,-346.8623962,-369.1575167,41.32820824,0,17.32320106,14.10603515,60063.4,1064.8,281.472,344.997,149.1,0.815867964069253,69136.79,0.87,0.13,25.6,0.67,4190.78,2
2839,11.89,1.524002075,0,10.48326588,2.708050811,-170.6880188,-176.4542348,-198.4248047,-181.9656067,-192.4266793,16.63157558,0,43.68293344,7.280488907,222538.8,3699.5,432.599,1430.209,126.2,0.302472575686491,423193.94,0.53,0.37,16.46,0.2,58300.15,0
2840,7.92,1.524002075,0,6.656960487,2.814977444,-147.5232086,-154.7065598,-221.2848053,-205.4351959,-214.1519688,7.485024341,8,29.33969434,1.601074725,371354.1,5452.7,274.771,2477.511,56.2,0.110906066612822,590571.66,0.63,0.45,15.85,0.16,48270.97,0
2841,2.74,0.914398193,0,22.1590271,6.610886191,0.914398193,-32.04191895,-369.7224121,-312.4200134,-336.8741406,9.911167174,0,13.57398982,9.336606758,413927.4,6763.3,1033.956,1596.445,119.1,0.647661522946296,1100000,0.38,0.57,57.3,0.11,9417.13,1
2842,3.35,3.352783203,0,27.70449829,7.455025274,27.73678589,0.804105958,-396.5447998,-316.9920044,-369.7373672,3.25533858,4,51.36581612,4.763074343,433777.8,5520.3,392.019,2265.989,45.3,0.173001281118311,673927.79,0.64,0.34,79.55,0.18,4121.11,2
2843,1.52,0.30480957,0,4.849537373,1.800149532,-183.1848145,-183.9892845,-185.928009,-182.8800049,-184.9061718,50.18133864,0,27.59973625,16.72711288,17772.5,518.2,139.628,171.146,82.2,0.815841445315695,18737.19,0.95,0.35,3.05,0.83,61995.66,0
2844,17.68,3.657592773,0,10.23737621,5.424785546,147.2184143,128.496535,-516.3311768,-455.3712158,-497.4226069,2.102041436,1,25.46704047,31.93486027,183853.5,2281.8,277.964,971.73,90.9,0.286050651930063,215436.6,0.85,0.31,60.96,0.44,4031.81,3
2845,10.97,1.828811646,0,14.07784271,4.337471875,-171.9072113,-175.1864862,-197.5104065,-183.1847992,-193.7291437,41.2175278,0,10.74286629,10.96210846,67797.8,1445.6,187.931,598.981,143.8,0.313751187433324,88629.66,0.76,0.27,14.33,0.41,57689.55,0
2846,2.44,0.914398193,0,5.710028172,3.403671331,-249.9360046,-251.0548529,-119.4815979,-116.1287994,-118.0505273,0,0,71.14643646,7.489098577,11908.6,392.2,118.251,118.769,91.1,0.995638592562032,11922.87,1,0.44,3.35,0.98,99890.67,0
2847,3.35,1.524017334,0,5.822341442,2.49789673,12.80160522,9.947198041,-382.2192078,-375.8183899,-378.9213476,22.05003759,0,49.28831932,11.24119564,34379.6,940.5,146.309,382.287,83.3,0.382720312226155,39996.41,0.86,0.52,6.4,0.49,3030.81,2
2848,3.35,0.30480957,1.280795693,8.018836021,4.065807772,-19.50720215,-20.73537355,-350.21521,-346.5576172,-348.4222628,2.984882266,0,23.87905814,47.75811627,9959.6,436.5,78.605,178.101,78.9,0.441350694268982,10649.94,0.94,0.5,3.66,0.66,7350.55,2
2849,2.74,0,0.286443323,25.43613625,12.13561415,-157.8864136,-164.1796363,-211.2264099,-192.3287964,-204.7673308,1.489097549,0,22.33646324,32.76014609,9982,379.1,102.062,119.929,104.4,0.851020186943942,10407.37,0.96,0.34,18.9,0.87,52523.31,0
2850,0.91,0,0,2.445953846,1.324117189,-252.9840088,-253.1001267,-116.4336014,-115.5192032,-115.9401165,0,0,89.92880157,4.496440079,3305.8,212.5,59.849,74.484,129.3,0.803514848826594,3325.49,0.99,0.61,0.91,0.92,101187.69,0
2851,4.88,3.04800415,0.810153484,17.9626503,8.072109447,-14.93521118,-20.12389746,-354.7872009,-338.0231934,-349.0739767,0,0,0.588974325,58.89743257,25237.3,589.1,163.125,210.113,53.5,0.776367954386449,25745.13,0.98,0.34,16.76,0.92,7246.08,2
2852,26.21,23.46958923,0.85927695,25.30994034,9.845302849,-210.3120117,-231.8261725,-159.7151947,-120.3960037,-137.2270579,11.1017727,1,17.94356286,6.777244965,230290.5,2608.9,543.496,787.675,139.6,0.690000317389786,294625.11,0.78,0.57,39.32,0.43,88105.78,0
2853,0.3,0,0,4.582336903,1.702001798,-248.1072083,-249.5575103,-121.0056,-117.0431976,-119.3204562,0,0,85.40703517,7.877347905,35852,806.7,149.322,310.176,152.1,0.481410554008047,39082.55,0.92,0.44,3.96,0.69,98946.43,0
2854,0.91,0.914398193,1.03268826,16.17296791,10.39659582,39.0144043,32.02358507,-409.0415955,-385.571991,-401.3018603,0,0,33.09232121,14.78593076,21111.1,569.3,135.728,221.919,116.1,0.611610542585358,21526.54,0.98,0.33,23.47,0.82,1087.44,2
2855,7.01,5.48638916,0,7.302486897,4.596892527,-54.5592041,-60.34242235,-314.8583984,-302.0567932,-308.6319663,13.68516796,1,31.2803839,22.59138837,68427.4,975.1,297.344,301.005,29.9,0.987837411338682,70188.48,0.97,0.49,12.8,0.91,15710.72,1
2856,0.3,0,0,1.542225122,0.795744283,-179.2224121,-179.5797619,-189.5856018,-188.9759979,-189.3228455,0,0,103.548644,0,4162.9,287,57.813,110.62,136.2,0.522627011390345,4904.34,0.85,0.52,0.61,0.64,59819.26,0
2857,1.52,0.914398193,0,6.107059956,1.742501203,-181.9656067,-182.8574333,-186.8424072,-184.0991974,-186.0225476,50.48269729,0,18.52576047,2.778864071,32094,726.6,166.77,275.917,90.1,0.604420894689345,33567.59,0.96,0.31,2.74,0.77,61433.31,0
2858,13.41,10.97280884,1.619987488,14.48227882,8.4855912,-37.18560791,-45.58622276,-333.756012,-315.4680176,-323.7080757,17.59957074,1,33.28614465,7.269387912,38850.4,724.5,203.332,238.865,90,0.851242333535679,39451.87,0.98,0.55,18.29,0.93,12229.31,1
2859,3.35,0,0,25.69916153,7.232730805,-156.9720154,-176.3110326,-211.8359985,-163.677597,-192.5785691,5.196030139,0,27.75440489,19.39006369,117287.6,1822,228.782,746.344,117.5,0.306536932031342,136405.56,0.86,0.4,48.16,0.45,58231.01,0
2860,0.91,0,0.810144901,11.20508671,4.05856071,-166.7256165,-170.8205338,-202.0823975,-192.9384003,-198.0719627,0,0,1.629063344,87.96942061,27373,631.4,178.988,214.868,89.9,0.833013757283542,28217.54,0.97,0.44,9.14,0.86,55611.32,0
2861,7.32,5.48638916,1.180904627,9.833537102,6.01480026,23.46960449,15.73380062,-393.4967957,-374.5992126,-384.7929769,12.98054665,1,16.29472877,20.43745642,53820.1,894,207.688,315.704,26.5,0.657856726553987,55762.67,0.97,0.46,18.9,0.85,2427.16,2
2862,1.22,1.219177246,0.64049238,10.92298126,5.173813341,13.10638428,9.498410957,-382.8287964,-373.0751953,-378.5379771,0,0,12.13862519,59.07464259,18368,493.6,142.503,154.806,90,0.92052633618852,18594.68,0.99,0.44,9.75,0.95,3080.43,2
2863,8.23,5.48638916,0.405110061,8.152308464,5.016736743,-110.9472046,-115.4702248,-258.4703979,-249.3264008,-253.5968685,18.03322628,1,43.49189867,14.49729956,42037.5,757.3,208.769,259.356,71.5,0.804951495242061,42775.37,0.98,0.54,9.14,0.92,32569.5,1
2864,11.28,9.448822021,1.180916429,11.32261372,6.635864409,-41.75759888,-48.43745283,-328.8792114,-315.7727966,-320.7386822,14.4185116,1,30.24370727,11.60514349,42267.2,746.5,217.075,247.891,45.8,0.875687298046319,42645,0.99,0.63,13.11,0.96,12868.06,1
2865,1.52,0,0,2.56039381,1.10703013,-112.1664124,-112.5102899,-256.6416016,-255.7272034,-256.4071397,83.53166603,0,8.083709614,0,5516.3,274,78.331,86.712,72.9,0.903346710951195,5605.85,0.98,0.29,0.91,0.93,31509.9,1
2866,3.96,2.133575439,0.810121715,7.693006516,3.341267895,-45.1104126,-46.9569082,-324.3071899,-319.1256104,-322.0516838,14.44149713,1,21.005814,24.28797244,22643.9,566.5,151.381,199.934,116.6,0.757154861104164,23301.8,0.97,0.44,5.18,0.89,12534.35,1
2867,20.42,13.41119385,0,11.03307343,5.913739527,-93.5736084,-106.1808719,-275.8439941,-251.4600067,-262.7912298,10.29293836,1,9.842152742,9.316236184,197843.2,2211.6,396.054,792.377,117.7,0.49983025756679,242490.31,0.82,0.54,24.38,0.51,29302.89,1
2868,1.22,0,0,2.180526972,1.106279178,-178.0032043,-178.3266717,-190.8048096,-190.1952057,-190.5808703,0,0,57.15824198,10.58485962,7021.4,310.5,80.581,106.283,0.1,0.758173931861163,7122.2,0.99,0.44,0.61,0.92,59207.87,0
2869,3.66,0,0,3.718658209,0.932933266,-156.6672058,-157.1416384,-212.1408081,-210.9216003,-211.7246853,65.23042713,0,30.44086599,0.869739028,17090.3,512.7,138.058,167.24,76.4,0.825508251614446,18254.79,0.94,0.37,1.22,0.82,49346.91,0
2870,0.91,0.30480957,0,7.540456295,2.500082159,-74.67602539,-75.15779409,-294.4367981,-291.6936035,-293.7682052,0,0,0,0,9054.1,361.6,82.312,140.486,124.7,0.585908916190937,9130.56,0.99,0.25,2.74,0.87,19644.21,1
2871,59.74,23.77438354,0,31.18990898,13.56491382,-35.96640015,-71.93871481,-334.060791,-254.2032013,-297.0173904,2.556976359,9,4.864811431,3.199498623,1133568.5,10274.4,770.899,3839.655,137,0.200772986114638,2300000,0.49,0.46,79.86,0.14,18752.21,1
2872,8.53,0,0,3.457053185,0.936711536,-173.7360077,-173.9739049,-195.0720062,-194.157608,-194.886149,79.38919133,0,12.40456114,3.721368343,11982.8,428.8,93.767,165.881,0.6,0.565266667068561,12269.74,0.98,0.23,0.91,0.82,57108.53,0
2873,0.91,0,0,5.95977211,2.692844247,-246.8880157,-247.9347604,-122.2248001,-117.6528015,-121.0256532,0,0,0,46.81103593,11113.7,430.8,89.113,172.498,130.5,0.516603091050331,11593.02,0.96,0.27,4.57,0.75,97928.16,0
2874,3.96,1.523986816,0.286461294,5.780614853,2.524845416,21.33599854,18.00468396,-390.7536011,-381.9143982,-386.9514206,19.91121122,0,33.07830252,21.1958055,46284.3,1003.5,166.847,410.088,90.1,0.40685657712491,52747.73,0.88,0.44,8.84,0.58,2208.56,2
2875,3.05,0.914398193,0,2.462653875,1.382982744,-184.7088165,-185.5785687,-184.0991974,-182.270401,-183.2971782,34.83924364,1,30.74050909,4.098734546,29012.2,654.4,153.634,240.085,180,0.639915030093508,29733,0.98,0.46,1.83,0.85,62789.62,0
2876,35.97,11.88720703,0,44.40137863,10.1196238,165.2015686,135.474008,-534.6192017,-439.5216064,-504.4527928,8.370782588,4,20.25781868,5.431824438,566453.8,6241,498.047,2343.418,119,0.212530158938781,881375.66,0.64,0.32,95.1,0.18,4966.59,3
2877,3.05,0.914398193,0.572896004,7.124483109,3.422393958,-253.5936127,-254.9723315,-115.5192032,-111.8616028,-114.06072,39.78291601,1,20.8386703,5.683273719,15692.5,467.5,117.919,167.21,90.7,0.705214999102924,15815.99,0.99,0.41,3.66,0.9,102382.29,0
2878,14.63,6.400787354,0.286457658,8.553271294,4.33711965,-60.96002197,-68.41636123,-308.1528015,-291.3887939,-300.4897005,6.760948707,2,25.02328142,6.45010049,191272,2161.5,283.011,929.368,45.9,0.304519845744635,210230.25,0.91,0.46,16.76,0.52,17799.93,1
2879,20.73,10.36320496,0,29.49668312,6.414377481,-170.9928131,-184.9068083,-198.4248047,-139.9031982,-183.9995437,5.930419519,4,21.63322469,2.443096413,754433.5,9334.5,627.252,3164.731,59.4,0.198200731752557,1700000,0.44,0.25,58.52,0.11,62453.41,0
2880,5.79,3.657592773,0,22.13110924,5.870803646,-161.239212,-165.5296997,-207.8735962,-186.5375977,-203.4063988,41.3193292,0,23.93360052,2.935252894,65832.1,1069.1,221.807,413.859,79.9,0.535948233577136,69213.7,0.95,0.21,21.34,0.73,53143.94,0
2881,10.36,9.144012451,0,18.76156044,5.979503495,-39.0144043,-48.54671227,-330.7080078,-306.6288147,-320.4235444,8.594270254,1,22.32414103,6.393298604,141822.4,2615.1,314.375,923.557,82.9,0.340395882441474,217215.76,0.65,0.43,24.08,0.26,12892.86,1
2882,11.58,7.924804688,1.215096951,9.2709198,5.752861204,-77.1144104,-84.56118787,-292.6080017,-275.5392151,-284.4327243,13.53532261,1,30.8525736,8.758149925,74675.9,1029.2,287.776,347.521,138,0.828082331715206,76822.74,0.97,0.48,17.07,0.89,22368.55,1
2883,14.94,10.05841064,2.024714708,21.30595398,14.02996887,-18.89761353,-27.49054784,-351.1296082,-333.4512024,-342.2742554,31.1834065,1,14.59648815,7.298244076,22403.4,557.8,153.413,178.139,90,0.861198277749398,23055.71,0.97,0.5,17.68,0.91,8554.5,2
2884,1.22,0,0,2.946677208,1.500463219,-154.2288055,-156.4949325,-214.5792084,-210.0072021,-212.3740415,0,0,77.62521553,20.70005747,34467.5,821.6,146.189,335.197,112.5,0.436128604969615,37708.76,0.91,0.49,4.57,0.64,49060.01,0
2885,7.01,0.914398193,0,3.538777113,1.752768187,-148.4376068,-149.8509806,-220.3704071,-217.0176086,-219.043958,34.55093553,1,62.04307778,0.743030872,40009.5,791.2,165.813,301.019,90,0.550838983585754,40941.96,0.98,0.41,3.35,0.81,46160.94,0
2886,12.5,10.3631897,1.669895053,17.77994347,10.65859573,-57.30239868,-66.39716296,-313.9440002,-290.4743958,-302.9991551,20.45904391,1,10.67428378,11.11904561,33420.5,682.9,193.443,229.876,158.2,0.841510205502097,33842.85,0.99,0.47,23.47,0.9,17265.21,1
2887,1.22,0.304779053,0,2.715546608,1.201023515,-1.828796387,-2.029099383,-367.2839966,-366.3695984,-366.9008318,73.82630543,0,21.09323012,0,9865.6,381.6,88.22,135.212,82.2,0.65245688252522,10205.66,0.97,0.47,0.91,0.85,4492.9,2
2888,3.66,1.219207764,1.619995236,8.269146919,5.590240493,-27.73681641,-29.63092422,-342.5952148,-335.8896179,-339.7050471,0,0,14.60762472,21.91143708,8140.5,348.7,92.971,117.425,90,0.791747924206941,8333.3,0.98,0.44,6.71,0.84,8955.01,2
2889,4.27,3.657592773,0,37.42737579,8.928869711,-146.9136047,-184.944116,-223.1136017,-145.3896027,-184.0187464,2.530259287,1,13.26469263,35.11693193,193860.3,2616.8,516.937,705.3,160.6,0.732932085637317,280273.92,0.69,0.5,77.72,0.36,62472.06,0
2890,2.74,0,0,2.446013451,1.057452909,-72.54241943,-73.04359037,-296.2655945,-294.7416077,-295.80329,0,0,93.68236796,4.102877429,21737.1,558.1,151.101,190.875,40.2,0.79162278978389,22543.7,0.96,0.32,1.52,0.88,19056.03,1
2891,5.49,0.609603882,0,7.297214985,2.371351139,-162.1536102,-164.6691083,-206.6544037,-195.6815948,-204.2168992,42.40109742,0,26.90276526,23.68613028,50831.2,1047.7,223.766,375.908,99.4,0.595267991104206,59039.25,0.86,0.22,10.97,0.58,52747.9,0
2892,4.27,3.657623291,1.032685876,7.817033768,4.372464999,-37.18560791,-41.90518642,-332.8416138,-321.2592163,-327.10442,9.532748093,1,26.05617812,17.79446311,46778.1,874.3,179.437,338.23,85.6,0.530517695059575,49121.18,0.95,0.5,11.58,0.77,11428.72,1
2893,10.06,9.448791504,0,16.92847252,7.495136925,-40.53842163,-48.34257536,-329.7936096,-309.9815979,-320.7589789,13.50086141,1,30.17839611,6.353346547,56149.8,1009.5,203.113,390.792,79,0.519747077729329,60000.52,0.94,0.46,19.81,0.69,12846.54,1
2894,18.59,14.93518066,0,20.24184418,5.692260901,4.267181396,-19.96101527,-374.9039917,-327.9648132,-349.0003445,1.758939732,4,44.08342702,1.94216262,405630.1,4831.9,397.372,1741.545,85.8,0.228172111544634,551974.19,0.73,0.55,46.94,0.22,7218.37,2
2895,9.14,7.010406494,0.28646493,11.71755886,4.256764019,-195.3768158,-200.5659937,-174.040802,-161.2391968,-168.3734432,15.21865204,1,34.78549037,7.358469117,88880.2,1160.2,304.569,440.737,117.2,0.691044772732945,90931.8,0.98,0.45,12.8,0.83,70525.3,0
2896,0.61,0,0,2.918813944,1.083146754,-167.0304108,-167.3512489,-201.7776031,-201.1679993,-201.6091634,5.180037422,0,90.65065487,0,5739,296.2,61.198,113.064,139.4,0.541268661996745,5876.14,0.98,0.33,0.61,0.82,53987.1,0
2897,10.06,8.22958374,1.180945277,15.51975155,8.437885409,-40.23361206,-46.42943536,-330.4031982,-313.3344116,-322.7805424,23.34478891,1,19.38057947,8.809354305,33746.3,671.7,191.146,228.082,90,0.838058242211135,34164.71,0.99,0.45,17.07,0.94,12416.52,1
2898,0.61,0,0,11.30929184,5.601968933,-60.96002197,-65.45838862,-308.1528015,-296.2655945,-303.4644774,0,0,0,2.901311402,30739.5,694.3,140.593,255.97,104,0.5492557721608,31801.98,0.97,0.4,11.89,0.8,17019.39,1
2899,2.74,1.828796387,0.405122131,5.110793114,3.146530637,-112.4712219,-114.1724197,-256.6416016,-252.6791992,-254.8021705,31.5552453,1,21.62118659,5.843563946,25436.8,592.3,151.708,218.258,115.1,0.69508563259995,25701.02,0.99,0.48,3.96,0.91,32102.76,1
2900,2.74,1.828796387,0,10.29903698,3.627775283,-204.520813,-207.6089173,-164.5919952,-156.0576019,-161.2895562,10.30646904,2,45.79016961,4.564293434,100955,1579.4,264.997,590.978,39.4,0.448404170713631,132275.37,0.76,0.39,8.53,0.51,74315.62,0
2901,0.3,0,0.640539467,6.516680717,3.130105367,19.50720215,18.56993561,-388.6199951,-385.571991,-387.4770088,0,0,2.511340586,80.36289875,5918.8,301.9,63.826,117.146,103,0.544841479862735,6025.52,0.98,0.39,3.05,0.82,2155.75,2
2902,5.18,1.219207764,0,3.480679989,1.945198238,-155.4480133,-157.3080304,-213.6648102,-207.8735962,-211.5698167,24.72549119,1,66.92007941,5.643862119,55307.3,981.3,229.095,342.876,95.7,0.668157001364925,60605.71,0.91,0.37,5.79,0.72,49420.86,0
2903,2.13,0,0.286453426,2.429282665,1.087638832,-128.9304047,-129.0695569,-240.1824036,-239.5727997,-239.8245966,93.85059944,0,8.938152327,0,6652,302.7,76.088,113.489,23.8,0.670443831560768,6706.79,0.99,0.7,0.61,0.91,37662.99,1
2904,1.22,0.914398193,0,5.493281841,1.90970003,-1.828796387,-2.837976664,-367.2839966,-364.2359924,-366.0532806,39.26558795,1,39.26558795,2.506314123,35584.1,749.9,169.494,284.074,118,0.596654392869464,37356.64,0.95,0.42,3.05,0.8,4601.99,2
2905,0.3,0,0,9.704648018,4.62582214,-6.705596924,-9.705392611,-362.407196,-353.5679932,-359.236939,0,0,68.46557629,4.564371751,26052.5,701.3,121.432,287.214,101.4,0.422792760798568,27455.18,0.95,0.36,8.84,0.67,5580.9,2
2906,0.61,0.304779053,0.286466986,11.1216259,4.28954179,-64.00799561,-66.58937113,-305.1047974,-297.7896118,-302.3589051,0,0,0,81.44717288,16972.5,538.2,115.114,205.8,56.5,0.559348882410107,18025.63,0.94,0.38,7.32,0.74,17315.76,1
2907,2.44,0,0,2.918791294,1.094465915,-92.35440063,-92.7297964,-276.4536133,-275.5392151,-276.1584302,84.14848565,0,5.325853521,0,13954.7,481.5,102.187,185.163,117.3,0.551875914734585,14835.45,0.94,0.36,0.91,0.76,24878.69,1
2908,6.1,0,0.286468804,4.713807583,1.956402076,-149.6568146,-150.2212581,-219.4560089,-217.322403,-218.8238248,33.52306841,0,37.2478538,0,3990.6,252.2,59.727,93.161,135.6,0.641115917605006,4291.94,0.93,0.31,2.13,0.79,46320.19,0
2909,13.11,12.80160522,0.640534282,16.48865318,6.706062844,-27.43200684,-42.10066402,-342.5952148,-317.601593,-326.9516835,6.91714271,1,37.43394878,18.03882314,109593.1,1468.2,342.368,491.102,116.3,0.69714234517473,126620.87,0.87,0.63,24.99,0.64,11470.55,1
2910,2.13,0.609588623,0.640479982,6.987855434,2.954348913,-37.79519653,-39.02456767,-331.3175964,-326.7456055,-329.9358459,0,0,0,2.258811384,13161,481.4,90.219,198.307,128.8,0.454946118896459,13878.8,0.95,0.31,4.57,0.72,10821.11,1
2911,6.71,2.74319458,0.640545309,11.98258305,6.307679551,-60.6552124,-68.99220817,-309.0671997,-285.2928162,-300.0517792,3.478932159,1,22.11606872,32.30437004,59816.6,1193.7,311.174,350.647,53.7,0.88742809720317,76416.95,0.78,0.38,23.77,0.53,17953.91,1
2912,2.13,0.609603882,0,4.064611435,2.344516441,-120.7008057,-121.7872265,-248.1072083,-245.668808,-247.216947,50.22066844,0,39.97155244,4.099646402,14502.9,436,130.385,130.436,0,0.999609003649299,14569.43,1,0.38,2.44,0.96,34889.47,1
2913,0.3,0.304779053,0.286470622,4.474758148,2.62911906,-50.59680176,-51.86979729,-318.5159912,-315.163208,-317.0888237,0,0,2.322725235,212.5293591,12798.9,417.9,115.78,133.118,161.2,0.869754653765832,13041.5,0.98,0.44,3.35,0.92,13658.55,1
2914,4.57,2.743225098,0.810213268,8.483577728,4.267265001,23.77438354,20.76060128,-393.1920166,-383.4384155,-389.7723345,32.46171949,0,28.85486177,15.97322705,28847.5,623.2,178.549,204.538,179.1,0.872938035963977,29240.79,0.99,0.35,9.75,0.94,1957.12,2
2915,14.63,11.58239746,0,18.03226662,5.689225092,-22.86001587,-38.91023053,-347.1672058,-312.4200134,-330.035609,2.775417257,2,37.1433501,4.074548739,251715.2,3309.4,259.606,1481.485,133.7,0.17523363382012,306104.4,0.82,0.49,34.75,0.29,10797.34,1
2916,0.61,0.609603882,0,15.14835835,6.078625974,-214.2744141,-220.0039799,-154.5335999,-135.3312073,-148.946349,0,0,0,52.76740945,40281.9,753.9,207.002,258.761,158.9,0.799973720923941,41671.2,0.97,0.29,19.2,0.89,81227.27,0
2917,16.46,12.49679565,0,20.75570297,6.684589389,21.94558716,7.020901055,-394.1064148,-355.7015991,-376.0474424,6.556847723,2,19.45438335,24.06579274,206293.8,2771.4,536.852,691.239,23.7,0.776651780353828,294714.41,0.7,0.47,38.4,0.34,3361.58,2
2918,4.27,3.962402344,0.64052248,27.2484436,12.66148807,-216.7128143,-226.224721,-153.3144073,-123.7488022,-142.9485159,0,0,23.46961481,19.48420852,33566.8,744.1,153.878,285.271,102.8,0.539409894451241,35798.17,0.94,0.35,29.57,0.76,84811.84,0
2919,0.3,0.304794312,0,18.27189446,5.786602204,-182.8800049,-186.4759847,-186.2328033,-173.1264038,-182.526901,0,0,42.90198487,13.03351439,27370.9,637.6,156.483,240.899,134.8,0.64957928426436,28077.45,0.97,0.28,13.11,0.85,63240.17,0
2920,2.74,0,0,9.988976479,3.948856279,-164.8968048,-169.2844984,-203.9112091,-188.0615997,-199.610136,0,0,49.73607117,20.85005604,68439,1076.2,286.341,344.139,134.9,0.832050421486667,73099.5,0.94,0.27,15.85,0.74,54889.23,0
2921,6.1,1.524002075,0,6.020671368,2.300066886,-143.8656158,-149.0178574,-224.9423981,-208.4832001,-219.8539836,27.48478251,0,57.22241605,6.420625423,131958.5,1979.4,287.592,797.709,76.3,0.360522446155177,168480.65,0.78,0.31,16.46,0.42,45803.64,0
2922,13.72,7.924804688,0,14.09202385,5.257331006,3.352783203,-6.716922779,-372.4656067,-345.0335999,-362.2022638,12.07781737,1,38.02011148,11.22022087,207987.9,2228.5,454.451,655.469,64.7,0.693321880973776,250300.85,0.83,0.38,27.43,0.53,5143.32,2
2923,7.62,5.79119873,2.084592342,10.272686,6.335067882,-49.98721313,-55.25165358,-319.735199,-308.1528015,-313.9268101,19.5964772,1,23.20635458,10.31393537,28823.4,631.2,180.238,208.772,133,0.863324583756442,29467.29,0.98,0.51,11.58,0.91,14460.46,1
2924,2.13,0,3.445331573,17.7947731,9.41459904,-153.9240112,-171.5349781,-215.188797,-173.7360077,-197.4537584,0,0,0,1.326617236,33613.6,775.4,151.258,309.187,131,0.489212030260004,36662.91,0.92,0.43,41.45,0.7,55948.8,0
2925,2.44,1.219207764,0,14.88175392,3.075910319,-199.9488068,-202.7189918,-168.8592072,-153.0095978,-166.1874625,11.292897,1,72.80314447,0.961097617,61863.2,1040,219.849,369.008,172.3,0.595783831244851,65894.56,0.94,0.17,15.85,0.72,71673.46,0
2926,7.32,0.609603882,0,5.174060822,1.495312112,-148.1328125,-149.4536114,-220.6752014,-217.322403,-219.4101827,41.78352644,0,43.41569544,7.181543606,45534.9,854.9,199.626,301.57,17.4,0.661955764830719,48433.81,0.94,0.39,3.35,0.78,45990.35,0
2927,3.96,2.133575439,1.145668864,6.454545021,4.003472547,-51.2064209,-53.05647574,-318.5159912,-313.3344116,-316.0421611,33.58945126,1,22.13850197,10.68755267,19471.1,505.9,142.483,166.772,0,0.854358045715108,19600.79,0.99,0.49,5.18,0.96,13937.33,1
2928,4.88,0,0.286461979,2.236262321,0.862756022,-177.69841,-177.69841,-191.4143982,-191.1096039,-191.2437134,66.28232622,0,12.42793616,0,3588.1,215.9,59.652,70.82,114.3,0.84230443377577,3606.22,0.99,0.83,0.3,0.97,58902.52,0
2929,1.22,0,0,2.004482746,0.933914211,-181.0512085,-181.3729473,-187.7568054,-186.8424072,-187.5366681,0,0,101.1203754,0,5291.8,281.3,74.317,97.357,154,0.763345214006183,5614.23,0.94,0.27,0.91,0.84,60699.63,0
2930,1.22,0.30480957,0,7.641195774,3.665717942,-29.56561279,-30.27185505,-340.1567993,-336.4992065,-338.8706926,0,0,22.64763235,20.13122875,5906.9,283.2,69.462,94.327,90.1,0.73639572974864,5906.9,1,0.36,3.66,0.93,9076.73,1
2931,1.22,0,0.640560925,4.438324928,2.89909042,-86.86801147,-87.71069515,-282.244812,-279.8063965,-281.3483312,0,0,5.896865449,82.55611618,2520.7,183.3,53.973,60.101,155.5,0.898038302191311,2533.37,0.99,0.38,2.44,0.95,23320.56,1
2932,18.59,15.84960938,0.286466748,22.05953598,6.863947663,-51.81600952,-71.89087705,-319.1256104,-274.3200073,-297.0746036,3.019538062,10,5.995314702,6.411048203,679326.3,8166.1,686.369,2942.2,121.1,0.233284277071579,1400000,0.49,0.49,44.81,0.13,18739.11,1
2933,15.54,10.36322021,0.640556872,17.06618881,5.168508866,9.753601074,0.281844576,-379.4760132,-353.8728027,-369.2661606,8.387150302,1,61.71440446,4.50652852,118740.9,1744.3,304.965,619.733,87.3,0.492090948844099,140027.57,0.85,0.4,25.6,0.49,4188.44,2
2934,0.61,0.609619141,0.286471933,9.793888092,3.687483245,-29.56561279,-34.46230368,-339.5472107,-328.2695923,-334.4615202,1.886992608,1,47.88243744,19.81342239,63017.3,1079.1,228.791,416.763,35.2,0.548971477794334,67437.52,0.93,0.45,11.28,0.68,9892.75,1
2935,8.23,7.315216064,0.859362364,23.9776516,6.657214173,-18.28799438,-42.66562037,-352.0440063,-276.1488037,-326.2988519,8.547932111,0,38.69363935,8.433959682,260837.5,3583.3,401.332,1337.896,30.1,0.299972494125104,414662.47,0.63,0.34,75.9,0.26,11591.89,1
2936,0.3,0.30480957,0.286460698,8.895703316,5.443351089,-183.7944183,-190.5833302,-185.3184052,-168.2496033,-178.3976496,0,0,21.64153871,32.11325099,42583.7,811.2,180.224,318.904,134.3,0.565135589393673,44126.76,0.97,0.41,17.07,0.82,65322.84,0
2937,0.3,0.30480957,0,8.293486595,3.537957232,-157.581604,-160.745531,-211.2264099,-202.387207,-208.1429452,0,0,56.73322164,14.12811745,67334.2,998.1,279.71,299.554,114.5,0.933754848875328,69043.69,0.98,0.35,8.84,0.85,50961.04,0
2938,1.52,0,0,3.89042902,2.243396659,-148.4376068,-150.8982729,-220.3704071,-215.188797,-217.9713863,21.77155726,0,38.51890899,31.81996829,26626.6,606.1,172.288,214.811,134.5,0.802044588033201,27151.6,0.98,0.47,5.18,0.91,46612.06,0
2939,3.35,2.133605957,0.640496194,14.69970703,6.627162179,-32.61361694,-36.22225288,-336.4992065,-324.3071899,-332.8384448,19.01590244,1,17.43124391,8.979731711,28140.1,643.6,156.978,242.941,130,0.646156885828246,29049.85,0.97,0.3,12.19,0.86,10245.94,1
2940,2.44,0,0,3.095646381,1.49130007,-176.174408,-177.0383772,-192.633606,-190.1952057,-191.8551567,32.39143683,0,61.18382513,2.159429122,20650.1,544.7,136.407,201.579,73,0.676692512612921,21150.37,0.98,0.33,2.44,0.88,58582.58,0
2941,3.05,1.219192505,0.640533507,4.25092268,2.496916837,-114.9096069,-116.4621847,-254.2032013,-250.8504028,-252.5039442,31.30514271,1,36.9400684,4.382719981,23740.7,572.5,167.006,179.185,179.9,0.932031140999526,24334.91,0.98,0.52,3.35,0.91,32928.52,1
2942,0.3,0,0,1.811249137,1.093317192,-94.79281616,-94.90097243,-274.3200073,-273.7103882,-274.0840257,0,0,73.94510087,19.29002632,4623.4,264.3,70.609,92.42,62.8,0.764001298420255,4889.08,0.95,0.46,0.61,0.83,25568.32,1
2943,4.57,3.352783203,1.432051659,6.633411407,4.444633617,-53.94961548,-56.42109101,-315.7727966,-310.591217,-312.7484301,31.76442931,1,36.41288237,3.873710892,19185.9,513,142.397,166.838,90.1,0.853504597274002,19630.26,0.98,0.6,5.18,0.92,14743.08,1
2944,5.49,2.74319458,0.286451012,7.395905018,3.641163727,-98.45040894,-100.6812476,-271.2720032,-266.3952026,-268.3810779,27.91613332,1,22.33290666,17.99039703,23960.6,581.1,157.97,196.11,78.6,0.805517311712814,24724.27,0.97,0.61,4.88,0.89,27450.28,1
2945,1.22,0,0.572919488,5.174190998,2.235329125,-203.6064148,-203.8449528,-165.811203,-164.2872009,-165.2546128,4.63544958,0,101.9798907,0,3206.6,203.7,57.331,69.337,87.9,0.826845695660326,3207.59,1,0.39,1.52,0.97,72277.61,0
2946,2.13,0.609619141,1.032818556,8.365523338,4.175531372,-35.66162109,-36.78219919,-333.756012,-329.7936096,-332.3619932,1.525738895,0,59.50381694,12.20591117,9742.3,371.8,81.46,141.799,90.1,0.574475137342294,9756.72,1,0.36,3.96,0.89,10359.62,1
2947,0.61,0,0.810186148,3.890472889,1.868198985,-71.0184021,-71.54935086,-298.0943909,-296.5704041,-297.4946368,0,0,48.56540017,38.85232014,4591,260.9,73.711,86.998,56.3,0.847272351088531,4878.05,0.94,0.42,1.52,0.85,18645.73,1
2948,2.44,1.219192505,0,11.82655621,2.693592411,-167.0304108,-169.470038,-202.0823975,-191.1096039,-199.4134092,15.01968367,0,53.67033631,4.606036325,74223.3,1376.1,166.679,577.709,141.2,0.288517229262483,83650.85,0.89,0.25,10.97,0.49,54976.2,0
2949,3.35,1.524002075,0,5.150436401,1.713080775,-156.9720154,-159.37257,-211.8359985,-207.5688019,-209.5012764,14.13076056,2,68.27030101,0.510750382,87307.7,1704.6,217.976,679.222,163.4,0.320920111539379,124834.39,0.7,0.56,4.27,0.38,50343.05,0
2950,15.24,13.10641479,0,24.7480545,9.277947832,-46.02481079,-68.24841985,-324.9168091,-273.7103882,-300.820096,5.174477234,6,7.761715851,2.008006091,384926.8,5081.3,401.201,1971.512,76.5,0.20349914177545,607502.53,0.63,0.47,51.21,0.19,17755.14,1
2951,1.22,0.609603882,0.859390318,4.43842268,2.0675218,-117.9576111,-118.4921814,-251.4600067,-249.3264008,-250.517468,9.518552355,1,65.04344108,14.27782854,9369.6,355.3,101.53,121.17,71.7,0.837913675002063,9513.82,0.98,0.46,2.13,0.93,33669.38,1
2952,7.32,5.181594849,0,17.57487297,4.296096375,-108.5088196,-116.3714129,-260.6040039,-234.3912048,-252.5318141,8.100250917,4,25.08149983,4.196515536,304613.7,3983.6,361.593,1717.684,172.6,0.210511945154056,479456.4,0.64,0.31,26.21,0.24,32895.59,1
2953,3.05,0,0.405142665,3.848321199,1.417496696,-152.7048187,-152.9647908,-216.4080048,-215.188797,-215.932871,0,0,92.97992857,2.999352535,9911.6,395.5,88.779,144.365,168.9,0.614962075295258,10465.21,0.95,0.42,1.22,0.8,47508.65,0
2954,0.61,0,0.286468714,2.30840373,1.180924025,-161.239212,-161.499406,-207.8735962,-206.6544037,-207.4349871,0,0,98.17205894,0,6207.8,308.6,74.193,109.02,18.1,0.680544854155201,6505.7,0.95,0.39,1.22,0.82,51301.98,0
2955,5.79,3.352783203,0.405103922,7.390600204,4.773593256,-98.45040894,-101.9941275,-270.9671936,-263.0423889,-267.1086386,26.83722767,1,17.52635277,13.14476457,27139.3,620.3,165.527,222.52,44.3,0.743874707891425,28010.56,0.97,0.49,7.92,0.89,27887.04,1
2956,7.62,4.572006226,0.286483049,11.52790833,3.98835683,-148.1328125,-151.5431705,-221.2848053,-213.6648102,-217.3897718,23.63257616,1,40.60506267,2.578099216,69186.5,1153.8,196.772,485.306,84.8,0.405459648139524,72306.76,0.96,0.52,7.62,0.65,46890.94,0
2957,1.83,0.30480957,0.905875146,4.465899467,2.568635452,-106.6800232,-107.3609483,-262.7376099,-260.2991943,-261.7518655,37.01409371,0,23.95029593,23.95029592,6826.9,301.8,91.241,99.061,33.1,0.921058741583469,6911.74,0.99,0.42,2.44,0.94,29708.3,1
2958,4.27,0.30480957,0,4.094715118,1.285417036,-178.3080139,-178.8633084,-190.8048096,-188.9759979,-190.0077674,33.50094594,0,50.25141892,4.043217614,25734.2,681,133.172,272.635,170.7,0.48846259651182,27554.11,0.93,0.46,1.83,0.7,59469.31,0
2959,8.23,5.181610107,0,34.2059021,8.589923233,-160.9344177,-175.5114716,-208.1784058,-148.1327972,-193.4203957,6.244705342,2,25.5023296,3.552377291,397506.7,6188.3,489.5,1858.615,54.1,0.263368153167816,760027.17,0.52,0.25,60.05,0.13,57845.77,0
2960,9.14,8.229598999,0.405110657,19.88659096,5.759626975,-207.8736115,-218.2283455,-161.2391968,-140.8175964,-150.7767375,4.817876321,1,10.2138978,20.13872302,154260.3,2818.3,449.411,1005.731,21,0.446850102065065,320418.93,0.48,0.51,20.42,0.24,80218.3,0
2961,4.88,2.438415527,0.286482811,7.428492546,4.363690709,-81.07681274,-85.85593958,-288.0360107,-275.8439941,-283.1061586,15.52237352,1,23.00637503,19.12578166,53625.3,894.8,246.524,310.498,44.8,0.793963246140072,55832.31,0.96,0.41,12.19,0.84,22757.51,1
2962,13.72,0,2.180702925,7.390672684,4.522273513,-167.6400146,-169.6956404,-201.4728088,-196.9008026,-199.3462901,0,0,20.58026324,75.46096519,6500.3,306.3,80.535,105.585,0.5,0.762750390680494,6684.99,0.97,0.48,4.57,0.87,55082.04,0
2963,13.72,0,2.180702925,7.390672684,4.522273513,-167.6400146,-169.6956404,-201.4728088,-196.9008026,-199.3462901,0,0,20.58026324,75.46096519,6500.3,306.3,80.535,105.585,0.5,0.762750390680494,1300000,0.01,0.48,4.57,0.87,55082.04,0
2964,17.98,7.924804688,0,20.3862915,6.934704454,-163.0680084,-191.5306389,-206.0447998,-117.0431976,-177.3785331,5.969956305,3,35.93454469,7.737981827,647354.4,7600.2,775.608,2416.756,114.9,0.320929378058852,1300000,0.5,0.32,89,0.14,65807.97,0
2965,3.35,1.219177246,0,4.520225525,2.198428563,-52.42559814,-53.69160468,-316.6871948,-313.3344116,-315.2175883,31.74087669,1,29.65266112,5.429360487,35590.5,743.6,166.971,288.476,60.9,0.57880378263703,37224.66,0.96,0.45,3.35,0.81,14087.7,1
2966,11.89,9.753601074,0.572925687,14.11416435,7.010738298,-75.28561401,-82.17790882,-294.7416077,-281.0256042,-286.9522039,9.67522653,3,8.514199347,11.4167673,76815.5,1106.8,239.947,402.404,39.3,0.596283834156718,80848.7,0.95,0.57,13.72,0.79,21661.34,1
2967,7.92,4.267196655,0,31.59112358,9.445851727,-152.4000092,-176.6921706,-216.7127991,-164.5919952,-192.2550858,16.5252254,0,18.75527312,41.68473813,259950.3,2479.5,501.888,746.512,153.4,0.67231069292925,305569.54,0.85,0.47,52.12,0.53,58415.11,0
2968,2.74,0.304794312,0.286471814,2.94690156,1.214609505,-153.009613,-153.2111713,-216.1031952,-215.188797,-215.6705832,8.393231332,0,90.64689839,0,8854.8,370.3,81.518,142.172,0.1,0.573375910868525,9192.79,0.96,0.53,0.91,0.81,47616.12,0
2969,1.52,0.304779053,0,7.693685532,3.947019781,-90.83041382,-93.8539521,-278.5871887,-270.6624146,-275.1497358,0,0,21.34824692,21.95819683,24369.4,590.3,166.221,191.65,0.5,0.867315418732064,25324.52,0.96,0.44,7.92,0.88,25234.58,1
2970,4.88,2.438400269,0.405130416,5.822977066,3.642934161,-121.9200134,-124.0990794,-247.4976044,-242.0112,-244.9261683,27.04285021,1,51.8781208,7.726528633,26932.9,604.1,179.221,191.505,54.5,0.935855460692932,27530.47,0.98,0.48,5.49,0.93,35758.46,1
2971,3.66,1.219177246,0.640519381,5.26752758,3.420068539,-103.9367981,-106.6596905,-265.1759949,-259.0800171,-262.3452715,22.79009833,1,24.86192545,17.61053053,28697.7,632.3,173.195,206.203,44.1,0.83992473436371,29575.62,0.97,0.47,6.1,0.9,29467.05,1
2972,2.44,0.914398193,0.640571833,12.36399651,5.197041488,-35.05200195,-40.38782356,-334.6704102,-322.7832031,-328.7195469,0,0,6.489245506,25.36705062,25196.4,669.4,116.87,265.247,104,0.440608187840013,26883.26,0.94,0.5,11.89,0.71,11106.59,1
2973,1.52,0,0,2.180728674,0.994141994,-153.6192169,-154.0376654,-215.188797,-213.9696045,-214.8323411,0,0,98.49269392,1.698149894,8753.1,352.1,93.746,118.259,90,0.792717678992719,8956.21,0.98,0.32,1.22,0.89,47977.5,0
2974,1.83,0,0,1.620167613,0.721628692,-164.5920105,-164.807713,-204.2160034,-203.6063995,-204.0378146,0,0,98.82890839,0,9776.2,376.1,93.232,131.867,108.7,0.7070154018822,10134.43,0.96,0.35,0.61,0.87,52811.58,0
2975,1.52,0.304794312,0.405133009,3.337164879,1.776398146,-185.0136108,-185.4433281,-184.0991974,-182.8800049,-183.5345737,64.2487355,0,17.66840226,0,9254.1,347.8,105.884,105.973,90.1,0.999160163437857,9295.61,1,0.5,1.22,0.96,62721.86,0
2976,0.3,0,0,0.905893981,0.560573901,-155.1432037,-155.2847225,-213.6648102,-213.3600006,-213.5559496,0,0,100.2638815,0,4151,253.4,52.22,97.153,13.9,0.53750270192377,4291.48,0.97,0.53,0.3,0.81,48525.36,0
2977,2.13,0.304794312,0.572951436,7.39074564,3.798675556,-228.2952118,-228.9394497,-141.4272003,-138.9888,-140.3326933,0,0,42.97729306,6.785888377,6571.3,296.9,85.864,97.081,108.8,0.884457308845191,6661.84,0.99,0.47,2.44,0.94,86400.4,0
2978,5.79,4.876800537,0.405153275,7.428685188,4.257588982,-91.44000244,-95.09542683,-277.9776001,-270.357605,-273.9223414,19.79343536,1,35.62818365,14.03534507,41303,748.7,215.564,239.927,90.1,0.898456613886724,42007.64,0.98,0.54,7.62,0.93,25630.55,1
2979,2.44,0.304794312,0,1.620172024,0.627238678,-167.0304108,-167.1466725,-202.0823975,-201.4728088,-201.7053323,0,0,100.8074524,0,14302.7,446.9,118.198,142.736,179.9,0.828088218809551,14550.44,0.98,0.74,0.61,0.9,53892.08,0
2980,12.8,11.58242798,0,16.929533,6.504345028,5.79119873,-3.214592172,-376.7328186,-347.4720154,-365.7417702,5.692361022,4,31.27102224,3.474558026,201065.8,2732.2,348.226,1023.548,114.2,0.340214625987252,249984.29,0.8,0.38,29.26,0.34,4653.23,2
2981,1.52,0.914398193,1.181071281,5.885221004,3.810673057,-96.92642212,-98.05139604,-272.79599,-268.8336182,-271.1168335,0,0,11.54194529,48.09143871,7727,315.9,93.991,94.075,89.7,0.999107095402604,7728.38,1,0.43,3.96,0.98,26585.76,1
2982,10.97,2.74319458,0,6.651847839,2.798311509,-173.7360077,-176.3901989,-195.3768005,-189.2808075,-192.5196398,20.1458715,1,36.08546215,10.18362735,67142.1,1128.5,187.455,463.035,66.6,0.404839806926042,70184.64,0.96,0.48,6.1,0.66,58269.23,0
2983,0.3,0,0,7.040017605,2.620347288,-186.5376129,-188.170794,-182.270401,-178.0032043,-180.7645991,6.040348597,0,58.89339883,21.1412201,19686.5,537.8,129.387,207.07,47.4,0.624846670208142,20001.89,0.98,0.36,4.27,0.86,64095.45,0
2984,10.06,4.876800537,0.286489546,19.50910378,5.074558148,-143.256012,-151.2638472,-226.1616058,-199.3392029,-217.6427563,16.92315185,1,45.15592226,6.27394898,180058,2263.7,336.283,900.486,112.4,0.373446116874666,232489.71,0.77,0.32,26.82,0.44,46770.05,0
2985,12.8,10.97277832,0,16.97044182,5.38669881,2.74319458,-6.701425261,-373.9895935,-356.0064087,-362.299031,4.939381305,2,33.98294338,5.136956557,150465.6,2133.8,252.215,898.681,90,0.280650197344775,176241.63,0.85,0.65,17.98,0.42,5141.09,2
2986,11.89,9.448822021,0.905884087,14.96311283,7.462502026,-43.58639526,-51.61108769,-327.050415,-308.7623901,-317.5155022,13.10100012,1,33.32210901,17.37306538,52190.7,879.5,218.558,324.802,96.2,0.672896102856509,54192.55,0.96,0.52,18.29,0.85,13598.15,1
2987,0.3,0,0,1.811304688,0.789709861,-153.9240112,-154.0662486,-214.8840027,-214.5792084,-214.7824046,0,0,86.72736279,13.87637806,4284.7,244,61.334,92.577,134.8,0.662518768160558,4286.83,1,0.5,0.3,0.91,47990.02,0
2988,3.66,0,0,1.432140112,0.682372445,-156.3624115,-156.5599634,-212.4456024,-212.1408081,-212.3101383,30.48240157,0,57.15450293,0,7802.1,336,81.719,118.571,0.3,0.689198876622446,7902.83,0.99,0.66,0.3,0.87,49088.82,0
2989,42.06,22.25039673,4.05638E-05,33.65299225,10.71605645,29.87039185,2.470186004,-400.2023926,-333.1463928,-371.5465054,4.312174533,2,18.73742506,27.20776789,289549.5,3589.2,672.443,884.263,33.9,0.760455882469356,470431.35,0.62,0.43,67.06,0.28,3909.98,2
2990,20.73,10.97279358,0,31.56380272,7.755438337,-129.8448181,-147.9759142,-239.5727997,-160.6296082,-220.922818,8.183012726,5,35.14311715,0.91328267,813775.6,8747.5,645.645,2973.436,110,0.21713768179305,1500000,0.54,0.24,78.94,0.13,45358.74,0
2991,0.91,0.304794312,0.286478043,2.56071496,1.219562979,-123.7488098,-124.0145315,-245.3639984,-244.4496002,-244.9107126,0,0,102.5870632,0,5650.8,289.5,81.809,93.878,90,0.87143952789791,5864.6,0.96,0.56,0.91,0.85,35726.49,1
2992,4.57,3.962402344,0.28649056,26.62591171,7.666069701,-168.5544128,-175.6898995,-200.863205,-169.7736053,-193.2299498,32.66254906,0,14.73016918,3.949393187,139255.1,2195.7,282.129,907.65,73.9,0.310834572797885,173206.79,0.8,0.25,31.09,0.36,57931.63,0
2993,1.83,0,1.032823682,3.730072021,2.074214368,-158.4960175,-159.4974972,-210.3119965,-208.4832001,-209.3685735,32.76605761,0,65.53211524,0,6351,304.3,77.693,109.284,17.1,0.710927491673072,6554.71,0.97,0.55,1.83,0.86,50399.13,0
2994,3.05,0,0,2.004593134,0.96584963,-155.7528076,-156.3389653,-213.0552063,-211.5312042,-212.5226402,39.24977044,0,59.96492706,0,13633.4,479.5,96.973,186.468,150.9,0.520051697878456,14435.12,0.94,0.37,1.52,0.75,48990.94,0
2995,4.88,2.438400269,0.286478817,6.379582405,3.887137253,-125.2728119,-127.9676532,-244.1448059,-237.1343994,-241.0367223,26.4886891,1,36.6025522,20.22772622,30863.3,643.7,184.809,220.435,122.6,0.838383196860753,31419.31,0.98,0.45,7.01,0.94,37236.52,1
2996,6.4,3.962402344,0.405159503,6.107884884,3.917013924,-126.1872101,-128.810825,-243.535202,-237.439209,-240.230529,24.56484781,1,49.12969562,5.779964191,30860,638.6,189.827,205.823,107.5,0.922282738080778,31192.32,0.99,0.55,6.1,0.95,37562.64,1
2997,0.91,0.304794312,0,2.308485031,0.976392024,-165.2016144,-166.097047,-203.6063995,-201.1679993,-202.7583802,32.00530876,0,61.30594353,0.901557993,32974.3,834.7,134.259,349.82,170,0.38379452289749,36443.37,0.9,0.36,2.44,0.6,53405.85,0
2998,1.52,0.304794312,0,6.942272186,2.282948445,-157.581604,-158.9043008,-211.5312042,-206.6544037,-209.9944451,5.150330327,2,43.54370186,24.81522794,31746.6,682.1,170.96,249.071,147.5,0.686390627572058,32988.3,0.96,0.32,4.88,0.86,50133.14,0
2999,1.83,0,0.286495745,1.620175242,1.019066102,-218.2368164,-218.3384145,-150.8760071,-150.2664032,-150.5966013,55.3433963,0,34.26019771,0,5640.2,274,75.995,93.138,114.4,0.815939788271168,5687.66,0.99,0.55,0.61,0.95,80280.66,0
3000,0.61,0,0.286493927,6.88988781,4.347059644,-90.83041382,-95.1590091,-277.9776001,-268.223999,-273.7674159,3.610113358,0,12.99640808,64.98204042,20586.8,582.7,145.34,203.425,158.1,0.714464790463316,22625.59,0.91,0.44,9.75,0.76,25650.91,1
3001,0.3,0,0,2.919084311,1.155144653,-186.8424072,-187.9273882,-181.9656067,-179.8320007,-180.9533304,0,0,91.80090746,2.754027223,16191.7,561.7,90.284,228.958,68.3,0.394325596834354,17721.39,0.91,0.5,2.13,0.65,63972.26,0
3002,1.83,0.304794312,0,4.582961082,2.147982424,-183.7944183,-185.1905926,-185.0135956,-180.7463989,-183.6874759,27.00173233,0,35.06195093,33.44990721,36882.7,760.6,179.715,277.981,63.5,0.646501019853875,38259.64,0.96,0.32,4.27,0.8,62595.33,0
3003,4.88,4.876785278,0.286486417,21.90003777,8.665912873,-192.9384155,-210.9447685,-176.4792023,-138.9888,-158.1113116,4.099107304,1,30.40965651,15.6338046,155926.2,2307.1,391.719,693.458,160,0.564877757557055,200593.75,0.78,0.49,37.49,0.37,76145.52,0
3004,2.44,1.828796387,0,9.365292549,2.509369337,-158.4960175,-161.408264,-210.3119965,-199.6439972,-207.4668664,27.35830063,1,44.9928679,5.438698318,90190.1,1717,250.888,707.257,25.8,0.354733852050952,118588.48,0.76,0.27,10.67,0.39,51260.7,0
3005,0.91,0.609603882,0,5.878462791,2.351811896,-210.9216156,-212.0552187,-157.8863983,-155.447998,-156.8634415,12.46246845,1,72.69773263,2.769437433,21468.8,572.4,134.694,218.391,166,0.616756185007624,22060.37,0.97,0.44,2.44,0.83,76759.59,0
3006,2.44,0.304794312,0,7.428787708,2.036357827,-153.009613,-154.476078,-215.7984009,-210.9216003,-214.4017092,32.8579624,0,48.48552989,9.616964604,37094.8,770.9,202.227,277.647,114.8,0.728360111940702,39212.57,0.95,0.29,4.88,0.79,48169.75,0
3007,0.3,0,0.286470175,7.298069954,3.293790231,-65.22720337,-65.96381251,-303.8855896,-301.4472046,-303.0347023,0,0,62.75311492,33.46832795,3553,217.2,57.619,69.894,90.4,0.824376913612041,3553.01,1,0.36,2.44,0.95,17151.52,1
3008,0.61,0,0,4.251200199,1.921433647,-219.1512146,-219.7082625,-149.6567993,-148.1327972,-149.1733246,0,0,86.18149892,3.314673036,4484.3,251.8,69.173,92.63,91.4,0.746766706250675,4591.3,0.98,0.34,1.52,0.89,81058.79,0
3009,6.1,5.18157959,0,18.22743416,5.943838044,-55.77841187,-74.96530867,-313.6391907,-268.8336182,-293.9646254,7.230132042,1,49.71576509,9.020450452,215865.4,2601.2,307.224,1116.278,5.5,0.27522176375419,269322.14,0.8,0.44,44.81,0.4,19590.29,1
3010,9.75,3.352798462,0,20.70241547,5.431348428,-172.8216095,-180.8199363,-196.2911987,-161.8488007,-188.0700595,14.24917334,1,15.49314879,13.57064128,262875.9,4045.2,371.735,1454.342,149.8,0.255603565048661,423843.46,0.62,0.24,34.44,0.2,60427.44,0
3011,1.52,0.30480957,0.640608966,5.456891537,2.798953314,-200.2536163,-201.6086462,-168.8592072,-165.2015991,-167.3848985,0,0,0,48.87813569,13380.7,426.7,117.407,143.943,128.2,0.815649250050367,13512.33,0.99,0.41,3.66,0.93,71080.17,0
3012,10.97,9.448822021,0.810286582,13.92304611,6.948836258,-53.03521729,-61.95975378,-317.296814,-289.8648071,-307.1437365,15.46337755,1,17.84235871,19.26974741,62481.1,1169.2,270.762,359.866,175.9,0.752396725447806,74855.71,0.83,0.37,27.43,0.58,16118.78,1
3013,2.44,0,0,1.620236397,0.717449631,-181.9656067,-182.1180115,-186.8424072,-186.5375977,-186.7368962,83.65022057,0,3.636966112,0,4087,241.4,59.552,91.528,155.7,0.650642426361332,4106.64,1,0.52,0.3,0.88,61067.31,0
3014,0.3,0,0,3.730114222,1.580431812,-125.5776062,-126.6651522,-243.2304077,-240.4871979,-242.2258256,0,0,91.11792361,4.764335876,24959,636.6,132.685,251.734,157.1,0.527084144374618,26004.73,0.96,0.38,2.74,0.78,36735.53,1
3015,1.52,0.609603882,0,7.125284672,2.495532407,-186.2328186,-188.6291208,-182.8800049,-177.0888062,-180.293556,18.59666656,0,50.06794843,20.50401697,31172.3,799.9,151.093,324.831,18.9,0.465143413036317,34421.48,0.91,0.45,5.79,0.61,64327.73,0
3016,2.13,0.30480957,0,8.779503822,2.390412737,-103.0223999,-104.2131602,-265.785614,-256.6416016,-264.6547984,40.54770759,0,10.1369269,3.378975632,43990.1,1071,183.495,397.756,130.6,0.46132553625841,54714.99,0.8,0.13,9.14,0.48,28633.09,1
3017,1.52,0.914398193,0.405147642,5.486486912,2.087299951,-157.2768097,-159.1307008,-211.8359985,-207.2640076,-209.7535128,19.03918468,0,59.23301901,6.648604173,49184.9,852.5,200.943,324.616,108.1,0.619017546886167,50294.69,0.98,0.47,4.57,0.85,50234.57,0
3018,8.53,7.315216064,0,14.42124939,5.591907864,-79.55279541,-87.61679174,-289.8648071,-273.1007996,-281.3370127,11.15500945,1,35.26008733,5.513395474,115928.2,1554.4,278.013,618.871,170.5,0.449226090736195,130019.69,0.89,0.51,16.76,0.6,23291.89,1
3019,1.83,0.609603882,0,4.04490757,1.705972336,-177.0888062,-177.7955654,-192.0240021,-189.2808075,-191.0962686,50.77132059,0,29.19350934,6.346415076,23421.3,570.2,145.04,210.017,36.5,0.690610760081327,23689.39,0.99,0.35,2.74,0.91,58949.69,0
3020,3.05,1.219207764,0,4.850362301,2.093605597,-130.7592163,-132.0307067,-238.3536072,-235.305603,-236.8983311,27.66359134,0,40.23795104,6.035692655,29552.5,864,121.448,339.227,86.7,0.358013955257099,34859.48,0.85,0.49,3.05,0.5,38821.1,1
3021,4.27,0.914398193,0,4.916894913,2.3150503,-156.0576172,-157.442801,-213.0552063,-209.092804,-211.4370447,38.45283749,0,24.35346374,4.806604686,46386.6,867.5,184.21,321.86,156.6,0.572329584291307,48345.71,0.96,0.42,3.96,0.78,49480.8,0
3022,0.91,0.914398193,0,11.15777683,4.119456906,-51.2064209,-56.89835813,-317.601593,-303.276001,-312.0601344,2.324306415,1,29.37078105,14.15713907,70346,1511.9,309.502,473.918,122.6,0.653070784397301,109857.67,0.64,0.39,14.33,0.39,14859.21,1
3023,20.12,12.80160522,0.286469132,21.71577454,8.364470392,97.23120117,45.55939155,-466.6488037,-297.7896118,-414.5124365,5.943591603,1,21.95895977,18.72604384,597707.7,6655.3,488.23,2663.836,89.3,0.18328080257193,971270.26,0.62,0.31,168.86,0.17,377.94,2
3024,0.61,0,0.286487877,2.290741682,1.226908151,-160.0200043,-160.73512,-208.7880096,-207.5688019,-208.1901251,11.73595269,0,80.19567666,5.867976341,7599.3,328.6,89.717,117.023,108.5,0.766661254625159,7813.54,0.97,0.53,1.22,0.89,50956.34,0
3025,0.61,0,0,5.486568451,1.520003234,-23.46960449,-24.10461056,-345.643219,-342.2904053,-344.781914,0,0,49.19548142,26.9037789,19337.2,539.3,158.627,170.084,14.4,0.93263916652948,20080.69,0.96,0.26,3.35,0.84,7939.63,2
3026,11.58,4.571990967,0,26.7930069,7.327977075,-169.468811,-188.0513075,-199.6439972,-123.7488022,-180.8788624,9.49445322,4,18.15879031,4.124639514,572995.2,8202.6,1071.371,1599.178,63.7,0.669951062358287,1300000,0.44,0.25,75.9,0.11,64034.96,0
3027,0.3,0,0,9.272295952,3.167787115,-65.22720337,-66.20466929,-303.8855896,-299.6184082,-302.7715059,0,0,53.62817016,19.0293507,8592.3,338.3,101.545,108.616,108.2,0.934899094056124,8686.33,0.99,0.27,4.27,0.95,17214.67,1
3028,3.96,1.828826904,0,10.15054131,3.350682024,-58.52160645,-61.11067107,-310.591217,-300.5328064,-307.7941146,27.89717361,0,42.50997883,7.401290959,78324.4,1363.2,176.018,584.409,111.9,0.301189748960061,84466.1,0.93,0.28,10.06,0.53,15903.9,1
3029,1.52,1.523986816,0,8.549510956,2.977570954,-8.839202881,-25.57603,-360.2735901,-318.8208008,-343.3288778,3.133273395,1,53.49774204,16.47869712,256174.2,4521.1,387.533,1805.771,152.6,0.214608053845144,479987.07,0.53,0.41,41.45,0.16,8204.02,2
3030,0.3,0,0.286475629,3.663962126,1.90334266,-40.53842163,-41.12030168,-328.5744019,-327.3551941,-327.9370922,0,0,86.95755613,9.153426961,3247.8,213.8,54.982,74.681,108.3,0.736224742571739,3300.74,0.98,0.57,1.22,0.9,11261.52,1
3031,8.53,2.438400269,0,6.652102947,2.595151657,-176.174408,-178.9630421,-192.9384003,-184.404007,-189.9049956,10.67769913,3,22.350777,6.153250349,164264.7,2550.4,281.586,1024.104,75.4,0.27495840266223,237231.1,0.69,0.36,8.53,0.32,59517.97,0
3032,19.81,17.67840576,1.032875061,21.89142036,7.705875435,0,-20.57905928,-371.8560181,-333.4512024,-348.5984793,6.586988909,1,17.06628945,19.91067102,99290,1489.7,248.222,626.049,143.2,0.396489731634425,111427.13,0.89,0.61,38.4,0.56,7323.78,2
3033,2.74,0.914398193,0,7.525454998,2.840408329,-179.5272064,-185.103166,-189.2808075,-174.6504059,-183.7907368,13.90863508,0,21.55838437,38.07488852,85495.9,1400.1,272.182,494.825,156.8,0.550057090890719,101890.34,0.84,0.38,14.63,0.55,62551.59,0
3034,7.62,4.571990967,1.620259881,7.353062153,5.146410582,-127.7112122,-130.9265872,-242.0112,-235.305603,-238.2161783,22.76080254,1,36.18383994,6.419713537,25469.3,585.2,174.136,185.677,71.4,0.93784367476855,25862.43,0.98,0.57,6.71,0.94,38387.23,1
3035,7.62,4.571990967,1.620259881,7.353062153,5.146410582,-127.7112122,-130.9265872,-242.0112,-235.305603,-238.2161783,22.76080254,1,36.18383994,6.419713537,25469.3,585.2,174.136,185.677,71.4,0.93784367476855,2100000,0.01,0.57,6.71,0.94,38387.23,1
3036,8.23,5.486404419,0.859427691,8.055017471,4.921065095,-128.320816,-132.9571472,-241.0968018,-231.9528046,-236.101879,17.28357736,1,39.06088482,8.296117132,43000.8,771.3,214.606,246.814,76.2,0.869504971354947,43894.38,0.98,0.55,9.14,0.91,39187.03,1
3037,22.86,5.486404419,0,26.0603466,6.331145215,-158.1912079,-180.5075143,-210.9216003,-131.9784088,-188.4233057,6.956716379,3,26.52675786,6.865480754,651681.5,8197.1,959.608,1902.814,26.6,0.504309932552525,1300000,0.5,0.29,78.94,0.12,60273.94,0
3038,2.44,0.30480957,1.181104898,5.45705843,3.450221245,-83.51519775,-84.09214674,-285.9024048,-284.378418,-285.1839502,0,0,18.39531543,51.50688318,4040.2,231.2,68.758,69.941,90,0.98308574369826,4060.27,1,0.5,1.52,0.95,22228.47,1
3039,0.3,0,0.640625775,3.16130662,1.756923548,59.13119507,58.79252794,-428.2440186,-427.0248108,-427.7924556,0,0,93.44680871,3.594108027,4135.7,234.2,65.04,81.033,155.6,0.802635963126134,4163.72,0.99,0.4,1.22,0.95,38.53,2
3040,4.27,3.04800415,0.405164748,28.21086884,11.95541545,-198.4248047,-210.1448631,-171.6024017,-140.5128021,-158.9081376,4.853382179,1,24.80617558,16.44757294,55127.4,996.3,192.057,384.376,47.7,0.499659187878536,58833.25,0.94,0.41,31.09,0.7,75704.7,0
3041,1.83,0.304794312,0,3.337363482,1.040336127,-177.0888062,-177.4974683,-192.0240021,-190.5,-191.3805368,70.07969613,0,20.65506833,1.475362024,20149.8,524.4,151.242,170.852,162.1,0.885222297661134,20677.83,0.97,0.45,1.52,0.92,58805.02,0
3042,10.06,4.267196655,0,18.08206177,5.272613496,-139.9032135,-145.6420298,-228.9048004,-204.8256073,-223.2679794,22.08339193,1,26.7461609,2.784709246,229524.2,2950.5,279.66,1180.971,127.8,0.236805137467389,287107,0.8,0.24,24.08,0.33,44370.06,0
3043,2.44,0,0,1.281068683,0.588854672,-181.9656067,-182.1212541,-186.8424072,-186.5375977,-186.7386423,81.59811692,0,8.821418049,0,6740,320,69.288,126.471,129,0.547856820931281,6888.89,0.98,0.51,0.3,0.83,61068.91,0
3044,1.22,0.304794312,0,2.180840969,1.075194801,-178.6128082,-179.1780782,-190.5,-188.9759979,-189.6872012,10.89945996,0,76.9017453,1.211051108,24547.5,621.2,152.988,238.391,136.4,0.641752415149901,25760.84,0.95,0.57,1.52,0.8,59622.93,0
3045,0.91,0.609603882,0,3.619105339,1.297485103,-218.846405,-221.5638296,-149.9616089,-145.0848084,-147.2934501,4.403031409,2,84.56856878,3.340230725,97900.8,2345.5,243.09,950.842,60.1,0.255657617143542,169577.75,0.58,0.56,4.88,0.22,82118.83,0
3046,0.3,0,0,3.161288261,1.875315006,-163.6776123,-165.2278866,-205.1304016,-201.7776031,-203.6668374,0.87668971,0,67.50510766,17.5337942,16954.9,501.5,129.157,166.601,90.5,0.775247447494313,17563.68,0.97,0.45,3.35,0.85,53004.88,0
3047,6.1,5.18157959,0.905892789,12.05814075,5.746995513,-79.24801636,-83.45686865,-290.4743958,-278.5871887,-285.5976048,18.28407006,1,8.55850088,12.83775132,38208.9,794.2,179.013,300.03,90.1,0.596650334966503,40375.08,0.95,0.41,11.89,0.76,22039.44,1
3048,1.22,0,0,9.705858231,4.279833719,-103.9367981,-108.0398301,-264.8712158,-251.4600067,-260.8373897,16.51546689,0,33.2738083,23.80170229,61200.9,995.3,231.495,351.895,18.5,0.65785248440586,64894.7,0.94,0.3,13.41,0.78,29942.78,1
3049,13.11,10.05841064,0.90585649,17.32139969,7.202119179,-67.6656189,-77.75013583,-302.6664124,-283.7687988,-291.3022021,8.135821282,1,32.70281104,5.264354948,93177,1475.5,189.684,643.873,93.5,0.294598468952728,100869.44,0.92,0.6,18.9,0.54,20377.6,1
3050,1.52,0.30480957,0.286508977,2.308586836,1.287055969,-150.2664185,-150.5268793,-218.846405,-217.9320068,-218.4196802,85.3686411,0,11.38248548,0,7835.3,321.3,89.492,109.428,17.1,0.817816281024966,7888.85,0.99,0.52,0.91,0.96,46451.84,0
3051,0.61,0,0,2.429588795,1.068285435,-150.8760071,-151.1198517,-217.9320068,-217.322403,-217.8100838,31.90908958,0,47.86363436,5.318181593,2795,198.7,47.036,75.218,34,0.625329043579994,2822.78,0.99,0.24,0.61,0.89,46707.79,0
3052,0.91,0,0.286495924,1.811400771,1.069326529,-188.061615,-188.6049526,-180.7463989,-179.8320007,-180.3355832,17.31242333,0,77.90590497,0,3434.3,228.6,48.917,85.78,104.5,0.570261133131266,3570.63,0.96,0.5,0.91,0.83,64315.47,0
3053,3.05,0,0.286506623,4.374128819,1.889423912,-146.9136047,-148.7052419,-221.8944092,-217.9320068,-220.1845481,6.436182502,0,49.88041439,39.42161782,18475.7,525.8,136.361,185.508,153,0.73506802941113,19242.14,0.96,0.44,3.96,0.84,45669.93,0
3054,11.89,9.143997192,1.032871008,9.782971382,5.945496329,-124.3584137,-131.4465357,-245.0592041,-231.9528046,-237.6228442,15.0172855,1,34.03918047,20.27333542,59388.1,907.3,253.385,315.234,67.3,0.803799717035599,60661.15,0.98,0.57,13.11,0.91,38591.24,1
3055,1.52,0.914398193,0.640615225,11.0668869,5.013181207,-217.0176086,-218.2091023,-152.7048035,-148.1327972,-151.0755094,0,0,14.57143741,23.6785858,8160.7,331.5,92.531,105.054,90,0.880794638947589,8206.6,0.99,0.36,4.57,0.94,80207.4,0
3056,3.35,2.133605957,1.432192683,8.661207199,4.497766936,-99.97439575,-101.9746592,-269.7480164,-264.5664063,-267.1272681,30.88120385,1,9.70552121,6.176240771,16846.7,495.1,119.661,186.192,170.6,0.642675302913122,17294.8,0.97,0.52,5.18,0.87,27880.54,1
3057,1.83,1.828796387,0,13.58568478,4.019816249,-115.9764099,-133.2233067,-253.5935974,-190.5,-235.6675881,5.553842085,1,11.39396469,4.351463902,259608,4314.6,599.089,1552.957,151.7,0.385773076781907,575843.61,0.45,0.28,63.09,0.18,39292.48,1
3058,4.57,0.304794312,0,5.781534672,2.834460771,-153.3144073,-155.6461311,-215.7984009,-209.3975983,-213.2644066,22.81405588,0,31.93967824,20.07636918,32576.7,681.7,174.543,234.761,98.2,0.743492317718872,33504.58,0.97,0.4,6.4,0.88,48684.72,0
3059,2.13,0.609619141,0,3.973848581,1.652632962,-93.5736084,-94.20319504,-275.5392151,-273.1007996,-274.6797693,2.434167292,0,76.27057514,4.868334584,18319.4,516.5,123.22,194.323,9.4,0.634098897196935,18815.29,0.97,0.37,2.44,0.87,25345.66,1
3060,4.27,1.828796387,0.810244977,4.475382805,2.174579496,-69.79922485,-71.40808133,-299.3135986,-294.7416077,-297.4765886,27.90210643,1,42.90323892,18.60140429,49543.4,815.2,239.731,264.483,90.1,0.90641364473331,50428.03,0.98,0.41,4.57,0.94,18607.16,1
3061,0.91,0.609603882,0,5.213716984,2.287664328,-195.0720062,-196.3540843,-174.040802,-170.3832092,-172.5345719,0,0,71.86591355,2.645371051,33713.6,827.4,135.161,349.165,140.9,0.387097790442914,36517.27,0.92,0.42,3.66,0.62,68305.96,0
3062,1.52,0.914398193,0.286512077,7.520486355,3.988372647,-216.4080048,-217.1037518,-153.6192017,-150.8760071,-152.1548372,0,0,36.9777708,25.42221744,6431.6,291.5,81.593,93.998,90.1,0.868029107002277,6445.27,1,0.55,2.74,0.95,79582.53,0
3063,9.14,0,1.032924533,6.160897732,2.915815907,-149.9616089,-154.5202941,-218.846405,-210.0072021,-214.3617002,0,0,50.41366017,30.64359736,30074,678,154.308,239.426,179.4,0.644491408618947,31267.33,0.96,0.51,8.84,0.82,48189.16,0
3064,10.06,9.753601074,0.405141652,30.88502121,8.42660518,-16.76400757,-28.75132665,-353.8728027,-309.3720093,-340.38863,9.504884965,2,19.88714393,9.358655966,101649.8,1536.5,333.16,472.668,105.3,0.704849915797135,122634.19,0.83,0.3,44.5,0.54,8789.31,2
3065,0.91,0.304794312,0.640627444,13.13585091,6.51317321,-217.6272125,-219.0957942,-152.0951996,-147.218399,-150.4788365,0,0,95.88774953,2.996492171,4960.5,254.5,71.216,81.551,25.3,0.873269487805177,4975,1,0.34,4.88,0.96,80710.42,0
3066,0.91,0.304794312,0.640627444,13.13585091,6.51317321,-217.6272125,-219.0957942,-152.0951996,-147.218399,-150.4788365,0,0,95.88774953,2.996492171,4960.5,254.5,71.216,81.551,25.3,0.873269487805177,1300000,0,0.34,4.88,0.96,80710.42,0
3067,3.96,3.962402344,0.286479235,11.87389374,6.84161625,-75.89520264,-84.09555421,-293.5223999,-269.4432068,-284.9417248,5.086142404,1,21.22149072,17.53842208,84751.9,1457.3,300.154,448.017,44.4,0.669961184508624,101110.16,0.84,0.36,24.08,0.5,22229.48,1
3068,0.61,0.304801941,0.572979569,7.735940456,3.844580107,-246.8880157,-248.7291041,-122.2248001,-116.7384033,-120.2706394,0,0,0,8.99262635,18182.2,518.8,128.04,201.169,163.2,0.636479775710969,18799.69,0.97,0.36,5.49,0.85,98425.95,0
3069,2.13,0,0.905926406,2.716010094,1.871363386,-157.2768097,-157.7741153,-211.8359985,-210.3119965,-211.2103609,0,0,53.53716349,37.47601446,2776.4,198.6,51.309,70.997,161.5,0.722692508134146,2849.95,0.97,0.44,1.52,0.89,49628.31,0
3070,1.52,0,0.572984219,4.990996361,2.120309631,-162.1536102,-163.5390654,-206.959198,-201.4728088,-205.3520753,28.94446817,0,39.72770141,24.97169803,26190.5,655.3,130.184,263.82,90.1,0.493457660526116,27223.73,0.96,0.3,5.49,0.77,52230.1,0
3071,0.3,0,0.286515951,3.890952826,2.118213791,-203.6064148,-204.6034709,-165.5064087,-162.4584045,-164.3336963,0,0,8.528401607,83.57833573,8714.5,343.8,99.71,111.737,166.2,0.8923633174329,8889.59,0.98,0.4,3.05,0.93,72686.03,0
3072,13.72,12.49679565,0.405116379,20.25935745,7.387530032,-28.95602417,-52.45168047,-341.0711975,-291.0840149,-316.5559452,4.216014334,3,29.0436543,3.960498313,349038.2,4291.9,390.448,1752.631,10.9,0.222778211728538,571627.22,0.61,0.49,49.99,0.24,13794.9,1
3073,3.66,2.133605957,1.18116951,7.818337917,5.374540162,-95.09762573,-99.19855655,-274.6248169,-265.1759949,-269.9298436,4.527592602,1,20.94011579,23.76986116,26264.1,600.9,178.24,184.299,152.9,0.967124075551142,26925.9,0.98,0.5,9.45,0.92,26961.17,1
3074,8.84,7.315185547,0.640615225,15.04170799,6.333836733,-32.918396,-45.78926549,-337.4136047,-308.1528015,-323.3224073,5.225963595,3,18.6641557,9.829788668,119460.1,2083.6,216.137,900.583,121.4,0.239996757655874,156805.91,0.76,0.48,29.26,0.35,12274.26,1
3075,9.45,7.010406494,0.405168533,8.015444756,5.141573458,-131.6736145,-137.2115921,-237.7440033,-225.8567963,-231.7996216,15.88278465,1,19.4692199,11.27165363,58023.6,909.3,245.067,299.577,63.1,0.818043441252166,59893.4,0.97,0.5,11.89,0.88,40889.53,1
3076,1.22,0,0,7.176368713,4.312340735,-88.39199829,-91.1790827,-280.7207947,-272.79599,-277.7790218,10.54081562,0,27.10495444,51.95116268,19742.1,531.4,145.195,189.038,46.7,0.768073085834594,20455.25,0.97,0.38,7.92,0.88,24391.91,1
3077,10.97,7.924804688,0.405166328,11.97789669,6.171751047,-114.9096069,-120.4797724,-254.8128052,-243.8399963,-248.5841804,18.07910176,1,18.07910176,8.402962789,58374.3,975.4,202.298,368.341,15.9,0.549213907764816,61512.1,0.95,0.57,10.97,0.77,34402.75,1
3078,5.79,5.79119873,0.286515176,34.99055099,11.77137765,-69.18960571,-87.85935334,-301.142395,-245.9736023,-281.2224191,3.782342958,1,6.051748733,23.88279411,137545.7,2165.5,322.27,671.84,139.8,0.4796826625387,186997.36,0.74,0.36,55.17,0.37,23365.98,1
3079,5.49,4.876800537,0.810279906,10.22046566,5.547644985,-99.36480713,-103.6668106,-270.9671936,-258.7752075,-265.3968037,16.93292686,1,14.57019288,11.8136699,37746.5,803.5,188.137,284.602,147.5,0.661052979248213,40021.07,0.94,0.46,12.19,0.74,28448.49,1
3080,0.61,0,0,6.068561554,3.271431172,-51.81600952,-53.29646821,-316.9920044,-313.0296021,-315.6957672,0,0,28.47365684,39.42506332,13572.8,448.4,108.65,168.881,116.1,0.643352419751186,13810.21,0.98,0.34,3.96,0.85,13994.05,1
3081,1.83,0.609603882,0.286518276,4.999157429,1.634989549,-149.6568146,-150.3489627,-219.4560089,-217.6271973,-218.5500682,25.4207966,1,60.72745855,2.118399719,21050.1,540,155.28,173.526,147.4,0.894851491995436,21626.46,0.97,0.52,1.83,0.91,46375.18,0
3082,1.83,0.30480957,0.405195773,5.314189911,2.521271033,-156.0576172,-157.0083648,-213.0552063,-209.7024078,-211.9310772,0.913538794,0,71.25602591,10.04892673,16270.9,471.6,126.191,161.534,104.3,0.781203957061671,16494.06,0.99,0.35,3.35,0.92,49287.71,0
3083,2.44,0.30480957,0,2.463177681,1.234649918,-182.2704163,-182.7276112,-186.8424072,-185.3184052,-186.1551646,1.99537671,0,95.77808208,6.983818485,14898.6,448.6,126.283,150.317,14.5,0.840111231597224,15128.89,0.98,0.48,1.52,0.93,61368.97,0
3084,1.52,0.304794312,0,7.209840775,3.705252057,-237.7440186,-242.6673675,-131.0639954,-119.1768036,-126.2706482,0,0,14.5107758,20.31508612,51217.6,973.8,204.872,365.693,155,0.560229482106576,57013.52,0.9,0.41,11.89,0.68,94659.21,0
3085,5.49,0,0,1.432272553,0.735496703,-152.0952148,-152.3611009,-216.7127991,-216.1031952,-216.5377038,92.05023761,0,6.57501697,0,6782.1,352.4,81.994,130.066,26.2,0.630403026155952,7565.64,0.9,0.34,0.61,0.69,47245.85,0
3086,4.57,4.571990967,0,29.70902443,6.172396679,-81.68640137,-94.30457469,-287.4263916,-254.2032013,-274.695213,2.897383476,1,36.59852812,20.4341782,194947.4,2927.3,367.399,1176.055,12.7,0.312399505125185,282557.77,0.69,0.38,33.22,0.29,25377.95,1
3087,5.18,0.914398193,0,7.429300785,2.142921661,-145.6944122,-147.5270077,-223.1136017,-216.4080048,-221.3330718,35.04331232,1,35.22210473,10.906337,83136.3,1214.2,293.251,401.027,2.8,0.731250015584985,93915.15,0.89,0.27,6.71,0.71,45167.73,0
3088,12.5,8.229598999,0.286500335,10.78100109,5.479972642,-128.320816,-136.0563429,-241.0968018,-223.418396,-232.9062797,9.332653233,2,17.66537933,11.99912558,133787,1712.2,250.13,721.671,59.2,0.346598380702564,146367.4,0.91,0.47,17.68,0.57,40423.65,1
3089,2.44,0,0,2.3087008,1.288868973,-155.4480133,-156.6494311,-213.3600006,-210.3119965,-212.2271627,0,0,1.66075345,61.44787765,17900.5,541.4,119.95,212.19,153,0.565295254253264,19000.9,0.94,0.38,3.05,0.77,49128.47,0
3090,0.3,0,0,7.736184597,4.592786906,-89.61120605,-92.80919635,-279.5016174,-271.2720032,-276.2407251,1.588253393,0,33.35332125,57.17712213,9358.8,388.6,94.793,137.737,128.2,0.688217399827207,10155.79,0.92,0.4,8.23,0.78,24903.74,1
3091,3.35,2.133590698,0.572999775,6.108441353,3.858851191,-121.6152039,-123.2134222,-247.8023987,-243.535202,-245.8781875,29.41568325,1,16.43817594,3.460668617,17180.7,473.1,142.018,157.149,65,0.903715582027248,17224.96,1,0.46,4.27,0.97,35424.29,1
3092,4.88,4.267181396,0.85950613,10.89300156,5.895829525,-12.49679565,-17.35742498,-357.5303955,-344.7287903,-351.7432517,20.2869333,1,12.3485681,21.16897389,33704,675.7,193.857,226.236,57.2,0.856879541717499,34464.02,0.98,0.46,12.8,0.93,6782.75,2
3093,0.3,0.30480957,0,9.604005814,2.812567221,-78.02880859,-79.71790899,-291.0840149,-284.9880066,-289.1663049,0,0,65.41825534,5.451521278,35445.9,833.3,152.664,348.216,22.5,0.438417533944448,37886.58,0.94,0.32,6.1,0.64,20943.27,1
3094,3.35,1.219207764,0.640637219,5.494385719,3.528563768,-94.48800659,-95.99630202,-275.2344055,-270.6624146,-273.1133703,10.23716276,1,41.97236733,20.47432553,14519.8,446,118.059,153.817,90,0.767528946735406,14782.17,0.98,0.47,4.57,0.92,25919.81,1
3095,0.91,0.914398193,0.640593529,12.6819582,5.697695594,-62.48400879,-70.76173703,-306.9335938,-286.2072144,-298.25788,2.52867068,1,44.50460397,22.50516905,58782.4,1355.4,206.14,475.057,103.9,0.433926876143284,72479.42,0.81,0.42,20.73,0.4,18431.25,1
3096,8.53,7.315185547,0.405159235,12.74223614,6.018857952,-69.18960571,-75.91840916,-301.142395,-288.0360107,-293.213737,9.997995443,2,25.73952019,7.87076237,69875.5,1240.6,198.117,468.678,24.6,0.422714528951647,83673.96,0.84,0.61,13.11,0.57,19858,1
3097,4.88,3.04800415,0.810325861,9.025731087,6.586498093,-79.85760498,-81.81378766,-290.7792053,-285.2928162,-287.7312057,41.44833433,1,8.88178593,4.440892968,10041.3,368.7,106.147,117.96,90.1,0.899855883350288,10218.18,0.98,0.57,5.49,0.93,21554.29,1
3098,35.97,26.51757813,0,18.52428436,6.930143726,-96.31680298,-120.6486105,-273.7103882,-238.0487976,-248.3316032,4.39056245,2,28.31666119,15.44096682,301307.4,3071.9,445.307,1174.693,166.6,0.379083726556641,413515.78,0.73,0.71,35.66,0.4,34465.41,1
3099,2.74,2.74319458,0.286512226,17.85202408,7.902539348,-81.68640137,-105.8300056,-287.1216125,-247.4976044,-263.2331328,2.026860505,1,18.03905851,31.41633784,73335.8,1713.3,210.667,715.678,93.1,0.294360033422852,106452.04,0.69,0.6,39.62,0.31,29182.89,1
3100,0.3,0,0,2.561013222,1.264532818,-163.9824066,-164.462471,-204.8256073,-203.6063995,-204.4217438,0,0,80.95961536,24.28788461,5508,266.3,79.451,81.052,130.6,0.98024724867986,5510.09,1,0.36,1.22,0.98,52653.03,0
3101,23.77,18.28799438,1.145867705,15.02230072,7.956243633,-108.20401,-121.7350471,-261.5184021,-238.9631958,-247.3321773,10.38691989,1,30.30704023,7.114328691,104466.2,1203.9,324.829,416.879,67.8,0.779192523490029,106790.72,0.98,0.63,22.56,0.91,34869.98,1
3102,21.34,6.705612183,0,27.02346992,6.840763227,-131.9784088,-144.5297802,-237.439209,-194.4624023,-224.3832091,9.333412396,1,17.00673168,5.718098503,402921,5911.8,623.639,1985.358,137.1,0.314119166417341,903280.15,0.45,0.3,42.98,0.15,43902.73,1
3103,0.3,0,0.640606821,5.151353836,2.225647963,-80.16241455,-81.47595578,-288.9504089,-285.5975952,-287.4372867,0,0,19.53419451,40.28927617,12174.9,460.3,80.641,190.273,1,0.423817357165757,12666.49,0.96,0.47,3.35,0.72,21455.21,1
3104,27.13,24.68878174,0.28652373,25.62033653,6.802089225,-10.36322021,-35.19363354,-361.4927979,-320.0400085,-333.834411,3.255107836,1,32.21200463,6.103327194,219187.5,2661.6,404.282,918.035,147.5,0.440377545518417,287467.99,0.76,0.67,41.45,0.39,10038.76,1
3105,5.18,2.743209839,0.57300961,10.52755451,4.06637587,-116.433609,-120.4142983,-253.898407,-244.4496002,-248.6448709,10.32288372,1,40.10043292,18.26356351,37438,770.9,168.919,287.925,67.5,0.586677086046714,39751.83,0.94,0.56,9.45,0.79,34378.46,1
3106,0.91,0,3.445930243,23.13506317,12.69355601,-160.6296082,-190.6559962,-208.7880096,-159.7151947,-178.3824101,0,0,0,65.34006273,50502.6,946.5,239.174,316.528,40.1,0.755617196582925,55263.81,0.91,0.62,49.07,0.71,65359.99,0
3107,3.96,0.304794312,0,1.432313561,0.758307969,-154.2288055,-154.4206239,-214.8840027,-213.9696045,-214.4530798,0,0,85.46937062,6.167892727,16869.5,520.6,127.506,184.933,12.6,0.689471322046363,18495.68,0.91,0.53,0.91,0.78,48145.41,0
3108,6.1,4.876800537,0,11.25956059,4.347653161,-45.41522217,-51.88477707,-325.5263977,-312.7247925,-317.1992298,11.53770358,1,45.84719056,7.286970684,48955.8,1192.7,146.931,499.822,137.1,0.293966652128158,59733.85,0.82,0.66,12.8,0.43,13662.05,1
3109,2.44,1.219177246,0,6.616290569,3.490526332,-96.62161255,-97.87848312,-272.79599,-268.8336182,-271.1898101,30.95052973,1,17.19473874,16.04842282,12966.9,423.5,112.837,148.677,140.7,0.758940522071336,13251.25,0.98,0.42,3.96,0.91,26529.4,1
3110,2.13,0.30480957,0,6.437008858,4.228239144,-115.2144165,-118.0947708,-253.898407,-245.0592041,-250.933135,25.84958105,0,28.00371281,23.6954493,20700.9,551.6,124.426,214.138,128.8,0.581055207389627,21046.13,0.98,0.34,8.84,0.86,33523.7,1
3111,0.3,0.30480957,0,5.668762684,2.733589499,-142.3416138,-144.8274476,-226.7712097,-218.2368011,-224.0602991,0,0,60.66479413,23.7966872,44348.8,830.3,197.125,316.643,31.3,0.622546527161504,46276.66,0.96,0.32,8.53,0.81,44027.56,1
3112,0.61,0,0,2.181065559,0.965322713,-183.7944183,-184.021061,-185.0135956,-184.404007,-184.865106,51.5549543,0,19.63998259,0,6054.6,302.6,75.643,105.674,99,0.715814675322217,6333.93,0.96,0.29,0.61,0.83,62011.49,0
3113,7.92,5.181594849,0,6.634548664,4.28150859,-141.4272156,-145.0430321,-228.2951965,-220.3704071,-223.9691316,18.22801124,1,48.71278867,10.05683379,47296.5,819.2,228.102,276.741,125.4,0.824243606838163,48058.63,0.98,0.55,7.92,0.89,44118.08,1
3114,1.52,0.304794312,0,3.730561733,1.745845081,-146.9136047,-147.5283777,-222.1992035,-220.0655975,-221.4552848,65.73027651,0,20.75692943,10.37846472,8593.3,345.7,90.029,120.16,17.9,0.749242676431425,8733.74,0.98,0.37,2.13,0.91,45168.31,0
3115,1.22,0,0.640689492,3.891167402,1.794127333,-110.337616,-110.6302271,-258.7752075,-257.8608093,-258.3972461,0,0,88.26282593,12.0358399,3705,227.5,66.169,74.022,71.3,0.893909918672827,3787.21,0.98,0.46,0.91,0.9,30845.98,1
3116,7.01,7.010391235,1.432349801,22.23394775,9.333884418,-226.4664154,-235.2040122,-143.2559967,-121.6152039,-133.8533124,0,0,31.32164894,7.892069024,60269.7,1011.8,261.848,346.216,80.5,0.756313977401391,65230.62,0.92,0.44,21.64,0.74,90122.45,0
3117,9.75,0,0.286536425,36.14430618,19.45889232,-149.6568146,-171.2709022,-219.4560089,-158.4960022,-197.7154353,0,0,0.777856252,24.63211463,57327.3,1063.8,219.029,422.807,118.9,0.518035415686117,62851.91,0.91,0.36,60.96,0.64,55823.94,0
3118,1.52,0.609603882,0,6.148355961,2.546383121,-115.5192108,-117.2508269,-253.2888031,-245.668808,-251.6838189,43.40046398,0,20.25354986,18.80686772,30823.9,765.7,190.638,263.839,89.9,0.722554284999564,34775.99,0.89,0.21,7.62,0.66,33215.36,1
3119,5.49,0,0.640686035,3.619478226,1.891792009,-78.63839722,-80.89245507,-290.1696167,-285.9024048,-288.026172,0,0,57.70927881,38.20191696,18287.4,613.3,99.329,252.093,175.2,0.394017287270967,20380.8,0.9,0.51,4.27,0.61,21284.61,1
3120,28.96,2.133605957,1.432336926,11.86497784,6.24235805,-131.0640106,-134.678542,-238.6584015,-227.076004,-234.4061111,7.140883682,1,30.21143096,28.01423598,27060.2,614.5,163.232,222.252,158,0.734445584291705,27706.01,0.98,0.37,11.58,0.9,39871.52,1
3121,47.55,5.791183472,0,25.43049049,7.464652209,-112.1664124,-128.9003179,-257.2511902,-211.8359985,-240.0514263,14.94489661,0,30.17177241,14.47493131,316281.7,3638,412.988,1340.65,136.6,0.308050572483497,440753.48,0.72,0.38,45.42,0.3,37597.33,1
3122,0.3,0.30480957,0,22.19807625,5.444902714,-149.352005,-152.7545273,-219.4560089,-193.2432098,-216.1310184,8.082985092,2,57.96091749,0.591437934,75396.6,1373,191.306,557.11,89,0.343389994794565,87432.97,0.86,0.13,26.21,0.5,47417.03,0
3123,1.83,0.914398193,0,4.045430183,2.186936973,-124.663208,-125.6248667,-244.4496002,-242.0112,-243.3390913,1.539764757,0,69.28941406,6.928941406,19307,528.8,133.153,185.382,144.6,0.718262830263995,19867.95,0.97,0.47,2.44,0.87,36337.84,1
3124,2.74,0.609588623,0.286508769,3.096334934,1.850290512,-78.63839722,-79.19968321,-290.4743958,-288.6455994,-289.7830312,61.06784202,0,32.4828947,0,11440,388.8,105.94,118.217,0,0.896148608068214,11442.06,1,0.4,1.83,0.95,20793.55,1
3125,3.96,2.133605957,1.432316542,7.265894413,4.147963783,-59.43600464,-61.69726145,-310.2864075,-303.8855896,-307.4442092,34.59685493,1,18.56416606,16.8765146,17615.2,506.8,125.982,191.252,153.3,0.658722523163156,18012.46,0.98,0.45,6.4,0.86,16052.2,1
3126,7.32,2.438400269,0,9.273254395,2.442979824,-148.7424164,-152.4014983,-220.3704071,-210.616806,-216.4659888,14.53733222,1,60.43610025,9.637107878,182001.6,2801.9,317.765,1155.595,81.3,0.27497955598631,297222.86,0.61,0.4,9.75,0.29,47263.41,0
3127,15.85,11.88720703,0.859525621,16.31313896,8.136135316,-96.31680298,-104.6259411,-273.4056091,-257.8608093,-264.4473149,7.420463911,3,12.50485585,5.221807938,108168.9,1519.9,229.066,611.909,96.6,0.374346512308203,122299.33,0.88,0.58,15.54,0.59,28772.96,1
3128,20.73,1.219192505,0,15.37744427,3.991152067,-138.6840057,-146.3327173,-230.4288025,-195.0720062,-222.576039,3.253390104,0,20.14427845,9.225366459,333523.6,5076.9,422.119,2086.064,146.9,0.202351893326379,618995.19,0.54,0.22,35.36,0.16,44661.52,0
3129,10.67,3.962402344,0.640690684,5.111914158,3.053859076,-128.320816,-133.3992755,-240.7920074,-229.20961,-235.4863561,12.03489609,1,47.43852245,34.00150255,127214,1562.2,398.137,438.301,174.5,0.908364343225318,143387.68,0.89,0.46,11.58,0.66,39362.27,1
3130,32.92,24.68878174,0,29.65825844,11.36544302,-15.5447998,-52.46387422,-355.3967896,-252.0696106,-316.6145123,3.952880973,4,27.16707287,3.521657594,413636.5,5700,715.336,1410.056,141.6,0.507310347957812,689671.68,0.6,0.38,103.33,0.16,13797.76,1
3131,0.91,0,0,1.921392202,0.916828725,-185.928009,-186.1583089,-182.8800049,-182.5751953,-182.7309869,36.7701863,0,55.15527946,0,6467.9,295.2,86.53,90.568,32.5,0.955414716014486,6555.2,0.99,0.73,0.3,0.93,63080.5,0
3132,13.41,10.36322021,2.236786604,13.34179306,7.451502353,-90.52560425,-99.63564209,-279.5016174,-262.4328003,-269.5634711,13.60381937,1,34.76531617,16.32458324,49169,820.1,231.278,263.756,172,0.87686346471739,50109.22,0.98,0.59,17.07,0.92,27104.89,1
3133,22.86,17.37359619,0.9059937,15.9122963,6.460704579,-109.1184082,-124.3439094,-260.6040039,-235.6103973,-244.6469847,6.25230968,1,61.9066719,7.132916677,168794.3,1875.7,345.963,743.735,20.3,0.465169717708592,190237.3,0.89,0.64,24.99,0.6,35851.12,1
3134,0.3,0,0,2.236761332,1.30538499,-188.061615,-188.4367529,-180.7463989,-180.136795,-180.5002148,0,0,98.03170331,0,3942.3,230,69.435,69.8,90.3,0.994770773638969,3957.69,1,0.48,0.61,0.94,64230.19,0
3135,2.44,0.30480957,0,7.69516325,2.975490073,-86.5632019,-88.98419376,-282.244812,-272.4912109,-279.9121505,20.20238872,0,38.34330921,8.245872947,36052.3,804.2,209.019,266.189,120.6,0.785227789277543,39895.4,0.9,0.24,9.75,0.7,23711.13,1
3136,1.52,0.30480957,0,1.811602592,0.963001461,-153.6192169,-153.9213388,-215.4936066,-214.2743988,-214.964212,55.85489163,0,43.44269349,0,16765.6,511.3,135.872,174.16,9.3,0.780156178226918,17852.42,0.94,0.47,1.22,0.81,47926.55,0
3137,13.11,11.58239746,0,20.62718391,7.173623586,-82.60079956,-122.4074987,-287.4263916,-168.5543976,-246.5267902,5.431329924,5,24.74858425,9.983803874,845653,9861.3,681.76,3803.618,177.5,0.179239871091156,2100000,0.4,0.34,118.87,0.11,35121.57,1
3138,44.81,4.571990967,0,27.73039818,11.13872225,-114.9096069,-129.2977338,-254.5079956,-206.6544037,-239.6500193,24.73838025,0,14.57614106,9.238399264,144805.7,2253.7,295.185,745.098,163,0.396169362956282,168270.09,0.86,0.31,47.85,0.36,37751.61,1
3139,3.05,0,1.145994425,9.096432686,6.167587279,-181.3560181,-187.4164516,-187.4519959,-173.4311981,-181.4804623,0,0,0,44.99992295,17837,515.5,131.453,181.129,98.1,0.725742426668286,18851.35,0.95,0.43,14.02,0.85,63714.07,0
3140,3.96,1.828796387,0.640701652,5.824090004,3.707265554,-65.83682251,-69.32591291,-303.276001,-293.8272095,-299.6151828,24.09759453,1,10.12797451,22.35139203,42561.3,765.7,206.665,255.906,25.7,0.807581690151853,43496.81,0.98,0.39,9.45,0.91,18043.45,1
3141,13.41,11.27758789,0.906046271,15.1468792,6.739593089,-97.53601074,-105.9152563,-272.1864014,-257.8608093,-263.2700856,13.14465761,1,42.72013723,4.779875495,49755.8,841.1,232.659,273.121,57.7,0.851853207918835,51799.67,0.96,0.63,14.33,0.89,29212.02,1
3142,1.52,0.609588623,1.460725904,11.09287548,6.090984963,-92.04962158,-95.11748803,-277.9776001,-268.5288086,-274.0019505,0,0,0,19.460543,13748.6,443.7,116.812,161.037,113.8,0.725373671889069,14094.37,0.98,0.43,9.45,0.88,25637.61,1
3143,17.68,7.010406494,0.286509812,15.12209892,6.629338808,-67.05599976,-73.73034976,-302.6664124,-287.1216125,-295.2925873,10.94277499,2,15.60954668,16.73600881,92368,1293.6,266.451,457.705,44.7,0.582145705203133,102974.88,0.9,0.48,15.54,0.7,19246.11,1
3144,1.52,0.609603882,0.286528558,5.11214447,2.484649215,-184.404007,-185.6211932,-184.7088013,-180.7463989,-183.3018777,18.52570395,1,54.91547956,11.90938111,22465.9,555,152.914,191.062,153.7,0.800337063361631,22930.84,0.98,0.36,3.96,0.92,62810.98,0
3145,0.3,0,0.640708029,7.392146587,5.42118838,-89.61120605,-93.24976254,-279.1968079,-270.9671936,-275.6916027,0,0,16.94321012,1.54029183,9650.2,371.4,88.682,140.778,111.5,0.629942178465385,9791.54,0.99,0.43,8.23,0.88,25042.99,1
3146,33.22,10.05839539,0,34.0287323,9.341766321,-178.6128082,-205.6214209,-191.1096039,-117.9576035,-163.3641635,15.30337537,4,9.475850031,3.795237093,607061.5,6905.4,972.142,1697.84,18.1,0.572575743297366,1300000,0.47,0.38,73.15,0.16,73235.95,0
3147,6.71,0.914398193,0,17.33753586,3.327730832,-207.8736115,-212.9526002,-160.9344025,-146.6087952,-155.9449716,23.94511584,0,34.17892054,8.246658152,149602.9,2548.6,320.458,945.37,1,0.338976273839872,244412.37,0.61,0.35,14.33,0.29,77257.65,0
3148,3.96,0.609603882,0,3.838522434,1.162976633,-151.7904053,-152.6632955,-217.0176086,-214.8840027,-216.1933249,26.32154071,0,129.5829697,0.6749113,44047.7,938.6,165.363,393.019,78.5,0.420750650731898,47076.38,0.94,0.41,2.13,0.63,47377.31,0
3149,4.27,2.133605957,0.859575272,6.456130981,4.27735094,-108.5088196,-110.2509538,-260.9088135,-256.6416016,-258.8797907,19.92201799,1,34.86353147,10.95710989,14922.3,446.8,130.049,163.385,46.3,0.795966581999572,14936.44,1,0.49,4.27,0.94,30712.9,1
3150,8.23,0.30480957,0,10.53929138,2.968522218,-147.5232086,-150.3637079,-221.2848053,-214.5792084,-218.5140488,26.76390561,0,109.3334016,10.2500064,52205.7,1175.2,217.691,443.609,105.7,0.490727194443756,68284.85,0.76,0.42,6.71,0.48,46381.53,0
3151,1.83,0,0,3.096393347,1.410182971,-121.0056152,-121.592208,-248.1072083,-245.9736023,-247.3653314,26.14900823,0,72.84366578,0,7958.2,358.7,70.245,139.117,44.9,0.504934695256511,8239.25,0.97,0.36,2.13,0.78,34816.65,1
3152,3.96,0.30480957,0,3.349981546,1.122751299,-149.352005,-149.9475182,-219.4560089,-217.9320068,-218.934494,66.82571061,0,22.84639679,1.142319839,26024.5,660.5,126.263,249.014,111.7,0.5070518123479,27423.81,0.95,0.37,1.52,0.75,46202.44,0
3153,2.13,0.914398193,0.405187428,5.314442635,2.181356001,-98.14559937,-103.370013,-270.9671936,-257.5559998,-265.5231378,12.86577675,0,63.24381826,8.525514717,95891.9,1835.3,215.199,802.21,15.8,0.268257688136523,127675.6,0.75,0.41,13.41,0.36,28348.46,1
3154,7.32,0,0,3.481557608,1.620876947,-148.4376068,-151.2085211,-220.3704071,-214.5792084,-217.6540961,17.16881524,0,69.74831193,4.292203811,55408.9,1075.3,163.065,452.211,63.7,0.360594943510883,59149.65,0.94,0.48,5.79,0.6,46746.12,0
3155,0.3,0.304779053,0,10.1441679,6.390240403,-99.97439575,-104.3405376,-269.1383972,-258.4703979,-264.7241516,0,0,14.58526193,29.17052385,16305.9,466.6,138.793,146.232,78.9,0.949128781662017,16538.71,0.99,0.42,10.67,0.94,28676.22,1
3156,0.3,0,0.286546022,3.350052595,1.225524673,-90.52560425,-90.85180182,-278.5871887,-277.3680115,-278.0471159,33.14254468,0,55.23757449,0,8072.8,361,68.158,141.854,90,0.480479930068944,8345.29,0.97,0.48,1.22,0.78,24289.78,1
3157,4.88,2.743209839,0,7.081031799,2.682647244,-142.0368042,-147.0684895,-226.7712097,-215.7984009,-221.811388,15.0694649,1,53.35405139,6.51652536,145983.5,1989.4,299.777,793.252,165.5,0.377908911669936,182054.02,0.8,0.46,10.97,0.46,44973.04,0
3158,0.3,0,0.640717328,4.251898289,2.373277029,-100.8888245,-101.458654,-268.223999,-266.7000122,-267.627655,0,0,40.49645845,53.99527797,3303.4,216.3,54.956,79.01,18.6,0.695557524364005,3379.07,0.98,0.42,1.52,0.89,27708.48,1
3159,15.85,13.10638428,1.620467782,14.61828232,7.774653089,0.304779053,-11.72268101,-370.0271912,-345.643219,-357.3521646,11.43325381,1,27.89021005,11.95294716,85805.3,1134.8,286.022,409.56,18.5,0.698364098056451,89155.83,0.96,0.52,24.38,0.84,5886.37,2
3160,6.4,3.962402344,0.640713811,8.666876793,5.687942212,-101.1936035,-104.7227006,-268.5288086,-259.6896057,-264.4197696,27.33637728,1,38.81765574,7.107458096,27187.5,604.4,178.829,191.204,179.9,0.935278550657936,27509.87,0.99,0.47,8.84,0.94,28805.8,1
3161,3.96,2.43838501,1.432402015,6.653121948,4.189513673,-96.01202393,-98.82121734,-273.7103882,-266.7000122,-270.2566497,23.84511044,1,18.04494844,35.44543443,23064.4,556.6,161.299,179.336,13.4,0.899423428647901,23414.44,0.99,0.5,7.01,0.94,26837.39,1
3162,3.35,1.219192505,0,4.223080635,2.696171139,-148.4376068,-150.1044318,-220.6752014,-216.1031952,-218.8533699,33.20882369,1,29.20086221,9.733620738,25960.6,602.8,153.646,223.109,46.5,0.688658906633081,26398.34,0.98,0.41,4.57,0.9,46269.92,0
3163,1.52,0,0,1.432418466,0.56608268,-184.404007,-184.541897,-184.404007,-184.0991974,-184.3024038,74.50589511,0,12.01707987,0,6184.6,317.9,62.677,121.986,98,0.513804862853114,6462.92,0.96,0.5,0.3,0.77,62271.16,0
3164,0.61,0,0,2.863003254,1.049316422,-139.9032135,-140.2406687,-228.9048004,-227.6856079,-228.6054448,20.86472898,0,73.02655144,3.477454829,8548.9,377.3,91.145,144.147,79,0.632305909939159,9194.97,0.93,0.27,1.22,0.76,42123.73,1
3165,4.27,2.74319458,0.286518604,9.686893463,5.937881979,-49.07281494,-52.41651074,-320.9544067,-311.5056152,-316.8009338,23.96184556,1,11.2321151,19.46899951,19850.4,515.5,150.745,165.353,78.8,0.911655669990868,20199.2,0.98,0.44,9.45,0.94,13786.64,1
3166,1.22,1.219207764,0,8.986811638,4.389514299,-68.88479614,-72.5334478,-300.2279968,-288.9504089,-296.4422063,5.620453563,2,60.93754916,5.028826873,50248.4,1085.7,138.172,475.434,121.5,0.290622883512748,54847.47,0.92,0.34,11.28,0.54,18915.45,1
3167,5.49,2.74319458,0,5.546174049,2.883249108,-148.1328125,-150.3063012,-220.9799957,-216.4080048,-218.6357016,24.3030307,1,29.62972237,6.325446347,44648,798.1,198.826,268.917,30.5,0.739358240646742,46010.04,0.97,0.52,4.57,0.88,46356.8,0
3168,1.83,1.828811646,0.286547035,8.208518028,4.983606712,-118.8720093,-123.2858807,-250.5456085,-239.8776093,-245.7341178,17.21683058,1,20.21106198,12.35120454,39714.1,728.8,199.945,251.41,133.9,0.795294538801161,40092.6,0.99,0.46,10.67,0.94,35451.57,1
3169,4.27,0,0,3.730777502,1.70897984,-180.1368103,-181.192979,-188.6712036,-185.928009,-187.7319929,6.769517022,0,74.46468723,6.769517023,13174.5,437.4,104.543,163.703,17.2,0.638613831145428,13487.37,0.98,0.36,2.74,0.87,60610.98,0
3170,40.23,0.914398193,0,19.6628952,7.475344735,-119.1768036,-127.757955,-249.9360046,-221.5895996,-241.2556069,20.06428879,1,33.0224753,12.95818651,71119.3,1159.3,238.471,415.014,33.9,0.574609531244729,81814.63,0.87,0.31,28.35,0.67,37155.63,1
3171,1.52,0,0,1.811631441,0.807740733,-152.7048187,-152.8949057,-216.4080048,-215.4936066,-215.9786569,41.03537699,0,55.45321216,0,13402.4,457.9,108.984,169.103,27.9,0.644482948262302,14062.54,0.95,0.53,0.91,0.81,47478.19,0
3172,0.3,0,0.286520958,4.475983143,2.217652903,-74.98080444,-75.50009946,-294.1319885,-291.9984131,-293.5336914,0,0,11.68378052,89.57565056,3816.6,229,65.704,80.837,154.5,0.812796120588344,3819.32,1,0.29,2.13,0.92,19740.28,1
3173,2.44,0,1.542693019,6.38079834,3.98011346,-73.76159668,-74.75221083,-295.6560059,-293.2175903,-294.538403,35.48489054,0,27.29606965,8.18882089,5445.5,271.5,80.923,82.019,179.8,0.986637242590132,5462.77,1,0.48,2.44,0.93,19530.68,1
3174,28.04,21.03120422,0.286547303,33.0297699,13.63486058,-190.1952057,-209.2218715,-182.270401,-140.5128021,-159.980774,29.73754584,0,8.882643562,2.574679293,115464,1675.5,236.369,664.968,94.9,0.355459210067251,132217.31,0.87,0.54,41.76,0.52,75197.63,0
3175,17.98,14.63040161,0.286544979,16.97375488,8.284587174,-96.62161255,-108.456259,-274.0151978,-254.2032013,-260.8126335,8.443528718,2,10.51133167,6.892676505,86260.5,1289.6,282.407,451.76,20.5,0.625126173189304,97466.37,0.89,0.67,19.81,0.65,30087.07,1
3176,3.66,0,0,4.045613766,1.655813204,-154.2288055,-155.2899669,-214.5792084,-211.5312042,-213.6027144,4.595607365,1,43.19870923,6.433850312,16172.1,509.4,126.317,167.708,76,0.753196031197081,17487.38,0.92,0.33,3.05,0.79,48527.67,0
3177,1.83,0.914413452,0,4.521233082,2.490459564,-147.5232086,-148.6028079,-221.8944092,-217.9320068,-220.3587691,0,0,3.038756201,72.93014886,19566.1,533.6,145.733,179.212,64.8,0.81318773296431,20391.86,0.96,0.4,3.96,0.87,45626.16,0
3178,3.05,0.609588623,0.286550403,3.238440752,1.991594257,-75.59042358,-76.20396998,-293.5223999,-291.6936035,-292.7782141,58.60005768,0,20.83557606,1.302223503,11414.4,394.7,118.289,118.773,91.1,0.995924999789515,11608.3,0.98,0.43,1.83,0.92,19938.56,1
3179,9.45,7.315216064,1.2812289,14.03915501,6.122714931,-84.12481689,-92.25305602,-285.9024048,-268.8336182,-276.8193627,12.24424567,1,16.80582739,14.64507815,61912.5,1177.6,256.787,370.521,117.7,0.693043039395878,72514.47,0.85,0.54,17.07,0.56,24728.52,1
3180,31.39,0,0.286534518,24.25378609,12.68867375,-128.0160065,-142.0012657,-241.0968018,-203.6063995,-226.9364879,0,0,0.294894506,63.6972134,50405,1009.4,190.85,374.512,112.9,0.509596488230017,57642.46,0.87,0.38,37.49,0.62,42849.52,1
3181,4.27,0.609603882,0,2.429935455,1.217292362,-149.352005,-149.8572843,-219.7608032,-218.2368011,-219.0141447,50.13520679,0,25.06760339,0.677502794,21939.6,598.5,135.231,218.037,14,0.620220421304641,23094.95,0.95,0.52,1.52,0.77,46163.65,0
3182,1.83,1.523986816,0.286518872,8.667004585,3.252058176,-91.44000244,-94.44641105,-277.6727905,-267.9191895,-274.472003,16.53426056,1,54.06440756,18.89629779,56636.4,997.5,225.801,371.972,98.5,0.607037626488015,62816.59,0.9,0.33,9.75,0.72,25423.16,1
3183,7.01,4.571990967,0.640724838,6.65328598,4.026933766,-70.71362305,-74.34164878,-298.3992004,-290.4743958,-294.6498564,19.83729016,1,48.75266225,12.77655976,44208.9,772.2,227.77,239.072,0.1,0.952725538749833,45131.79,0.98,0.48,7.92,0.93,19416.1,1
3184,1.22,0,0,2.561220169,0.999870363,-137.7696075,-138.2192676,-231.0384064,-229.8191986,-230.6581567,42.05234893,0,52.80992656,0.977961602,15199.1,464.3,124.223,153.094,101.5,0.811416515343514,15687.62,0.97,0.34,1.22,0.89,41298.07,1
3185,11.58,11.27761841,0,19.28536415,6.955176377,-72.54241943,-96.56571636,-298.70401,-253.2888031,-272.3831985,6.037449058,4,22.56855957,8.193680864,310210.8,3869.8,495.764,1442.386,14,0.343711045448306,487353.77,0.64,0.58,45.42,0.26,26103.48,1
3186,1.83,0,0,2.291145325,1.263539569,-152.7048187,-153.2763126,-216.1031952,-214.8840027,-215.6221883,55.82234077,0,30.30355642,0,9319.7,384.1,87.571,138.888,83.1,0.630515235297506,9935.26,0.94,0.43,1.22,0.8,47644.55,0
3187,5.49,0,0,4.252012253,1.402010585,-133.1976166,-133.8243029,-235.6103973,-234.0863953,-235.0606223,67.68770513,0,18.54457675,0.927228837,16030.7,486.2,121.87,175.046,30.8,0.696216994390046,16707.69,0.96,0.39,1.52,0.85,39531.1,1
3188,1.52,0,0.286553532,1.811682224,0.872272993,-152.7048187,-152.7048187,-216.4080048,-216.1031952,-216.2447139,98.34174636,0,0,0,4232.1,234.6,69.458,81.012,90.6,0.857379153705624,4240.68,1,0.8,0.3,0.97,47395.39,0
3189,6.1,0.304794312,0,8.781180382,3.127195626,-132.5880127,-137.4353438,-236.2200012,-221.2848053,-231.4265395,18.24660897,0,30.86718018,21.43976554,97755,1242.2,307.454,385.395,102.7,0.797763333722544,102784.38,0.95,0.32,14.94,0.8,40980.07,1
3190,15.24,14.02081299,0,17.9669838,6.836761822,15.23999023,-3.849005646,-384.3528137,-341.3760071,-365.0725582,6.856566952,1,31.82026494,15.59627553,307837.5,3237.3,296.834,1417.543,3.6,0.209400349760113,343667.85,0.9,0.45,42.98,0.37,4740.19,2
3191,3.05,0.304794312,0,2.94759655,1.351185797,-151.7904053,-152.3510936,-217.322403,-215.7984009,-216.5378245,48.03994965,0,44.34456891,1.847690371,24134.1,611.2,130.142,239.638,0,0.543077475191748,24830.24,0.97,0.55,1.52,0.81,47241.5,0
3192,25.91,15.84957886,0.573053122,20.41038704,9.166119887,-58.82641602,-73.19307179,-310.8959961,-281.6351929,-295.8755223,11.21231702,2,29.72567768,5.997285848,114010,1357.9,300.933,532.339,15.7,0.565303312362987,118466.31,0.96,0.52,29.26,0.78,19097.33,1
3193,1.83,0.304794312,0,3.974439621,1.864258721,-175.2600098,-176.1911883,-193.5480042,-191.1096039,-192.759439,51.29350061,0,30.22652714,3.663821471,16228,494.6,115.246,189.319,129.1,0.608739746142754,16818.17,0.96,0.34,2.44,0.84,58173.19,0
3194,5.18,1.219207764,0,11.02266121,2.591720156,-149.0472107,-151.2327408,-219.7608032,-211.2264099,-217.6266376,31.11566863,1,49.67260354,1.686994082,79299.2,1415.3,206.377,607.097,81,0.33994073434723,86286.18,0.92,0.25,8.53,0.5,46756.6,0
3195,3.66,3.04800415,0,10.45342064,3.985427321,-140.5128174,-147.5602227,-228.6000061,-212.1408081,-221.3220318,11.13163689,2,44.52654755,2.640195928,208307.8,2923.4,232.21,1302.64,107.4,0.178261069827427,257466.59,0.81,0.44,16.46,0.31,45181.85,0
3196,0.61,0,0,2.429966211,1.057251707,-135.026413,-135.6765226,-233.781601,-232.2575989,-233.1758606,13.93803208,0,76.02562954,5.068375303,23461.8,589.6,140.617,211.434,116.3,0.665063329455055,24156.11,0.97,0.43,1.52,0.85,40271.07,1
3197,1.22,0.914398193,0.640734673,7.326983452,3.733536328,-80.46722412,-82.31567284,-288.9504089,-284.0736084,-286.754533,0,0,49.97288361,21.09966197,13385,434.4,112.634,158.849,161.9,0.709063324289105,13573.55,0.99,0.46,4.88,0.89,21701.91,1
3198,29.26,0,1.620529532,8.100905418,4.639049101,-131.0640106,-136.7339127,-237.7440033,-227.076004,-232.226501,0,0,0,54.61023354,14425.9,457.3,129.25,146.872,76.3,0.880017974835231,14862.06,0.97,0.52,10.67,0.87,40696.57,1
3199,29.26,0,1.620529532,8.100905418,4.639049101,-131.0640106,-136.7339127,-237.7440033,-227.076004,-232.226501,0,0,0,54.61023354,14425.9,457.3,129.25,146.872,76.3,0.880017974835231,490360.68,0.03,0.52,10.67,0.87,40696.57,1
3200,6.1,3.657608032,0,7.408675671,4.006493991,-110.6424255,-113.5262886,-259.0800171,-252.9840088,-255.5552644,19.03695397,1,28.29817481,3.601585885,28889.8,692.9,143.616,271.206,18.3,0.529545806508706,30104.32,0.96,0.59,6.1,0.76,31871.64,1
3201,7.01,6.400817871,0.906070709,20.2493248,10.73355723,-52.73040771,-65.31225097,-317.296814,-285.2928162,-303.8426625,16.60188245,1,5.257262777,21.30574914,53719.7,939.7,226.915,349.35,120.7,0.649534850436525,57220.76,0.94,0.42,32,0.77,16981.28,1
3202,3.96,2.74319458,0.573067665,6.86798048,4.008120576,-113.6904144,-116.2001467,-255.7272034,-249.3264008,-252.8202547,27.55950312,1,38.15931202,11.12979934,28046.1,612.7,178.985,191.365,89.8,0.935306874297808,28404.38,0.99,0.46,6.4,0.94,32833.49,1
3203,20.73,14.02081299,0.573092699,25.65044212,7.659472216,-26.82241821,-48.18075403,-343.2048035,-300.837616,-320.8249797,4.617676491,2,51.48364684,6.409610651,215670.7,2598.1,357.487,987.386,150.9,0.362053948506461,294648.31,0.73,0.53,42.37,0.4,12809.88,1
3204,1.52,0.609603882,0.405228257,4.859674931,1.646942603,-187.7568054,-188.274048,-181.3560028,-179.5272064,-180.6509601,59.10714922,0,17.32450925,2.038177561,14585.7,449.3,119.881,156.176,78.8,0.767601936277021,14904.41,0.98,0.41,1.83,0.91,64147.74,0
3205,3.66,1.828796387,0,3.730852365,2.267413996,-132.2832184,-133.6440365,-236.8296051,-233.781601,-235.2809716,34.08338269,1,28.56989431,6.515940806,29655.6,629.6,179.037,215.361,90,0.831334364160642,29996.39,0.99,0.53,3.05,0.94,39459.45,1
3206,1.22,0.30480957,0,4.09583807,2.592189252,-112.4712219,-113.1824106,-256.9464111,-254.2032013,-255.8641428,34.91336323,0,20.36612856,14.54723468,10217.8,389.2,102.355,142.829,133.2,0.716626175356545,10690.74,0.96,0.41,2.74,0.85,31748.97,1
3207,4.27,1.828796387,0.2865569,4.758222103,3.265278445,-115.5192108,-116.8674694,-253.898407,-250.8504028,-252.2316144,37.48283629,1,50.86956353,1.784896966,16655.5,470.6,130.101,165.849,89.9,0.784454533943527,16787.82,0.99,0.57,3.05,0.95,33075.78,1
3208,5.18,3.352813721,0.640736401,7.585382938,4.455157583,-73.76159668,-77.21396354,-295.6560059,-286.5119934,-291.791925,23.53661381,1,17.44955852,11.36250322,36628.9,705.7,202.038,236.471,52,0.854388064498395,37299.19,0.98,0.43,9.14,0.93,20224.81,1
3209,4.57,1.219207764,0,9.409503937,2.471613674,-152.7048187,-155.4296722,-216.4080048,-204.8256073,-213.4460046,39.02826411,0,22.12297324,18.15753464,71220,1304.5,250.059,470.972,135.1,0.530942391479748,87880.22,0.81,0.26,11.58,0.53,48589.24,0
3210,3.35,0.609588623,0,4.223217964,1.853063639,-151.485611,-152.1194877,-217.6271973,-215.7984009,-216.8422748,57.82477909,1,9.637463181,2.62839905,16965.6,501,117.42,187.882,80.6,0.624966734439702,17518.94,0.97,0.45,1.83,0.85,47140.87,0
3211,2.44,0.914398193,0,6.069389343,3.58424243,-76.20001221,-78.71832834,-292.9128113,-285.9024048,-290.2773988,22.54287092,1,20.1058038,20.71507058,24396.8,581.6,164.185,196.366,135.2,0.836117250440504,24882.22,0.98,0.38,7.01,0.91,20654.96,1
3212,2.44,1.219177246,0,8.634979248,3.450262398,-96.31680298,-98.50694537,-272.79599,-262.7376099,-270.3805453,37.74593852,0,45.29512622,4.58343539,55131.2,958.5,225.125,351.799,58.1,0.639925070850116,58163.6,0.95,0.24,10.06,0.76,26734.52,1
3213,0.3,0.304779053,0,5.546446323,1.983255685,-99.05999756,-100.025208,-270.0527954,-267.0047913,-268.8602162,16.09898722,1,135.2314926,12.87918978,18465.9,507.3,130.005,178.387,90,0.728780684691149,18781.54,0.98,0.4,3.05,0.9,27233.32,1
3214,0.61,0,0,2.819887161,1.355978782,-83.2104187,-83.56854706,-285.5975952,-284.9880066,-285.3613838,0,0,109.5955434,0,5425.1,269.4,69.588,94.029,179.8,0.740069553010241,5425.26,1,0.46,0.61,0.94,22072.61,1
3215,0.91,0,0,1.1460464,0.54070363,-133.5024109,-133.6649679,-235.305603,-235.0008087,-235.1938451,42.78437604,0,49.36658771,0,4516.5,251.5,60.564,87.989,152.6,0.688313311891259,4544.73,0.99,0.55,0.3,0.9,39467.77,1
3216,3.66,2.133575439,0.286558956,14.33803654,6.809321744,-82.29602051,-85.98478231,-287.4263916,-276.1488037,-283.1661309,38.17215462,0,12.72405154,11.56731958,25700.2,593.8,156.6,214.089,21.3,0.731471490828581,26065.95,0.99,0.38,11.28,0.92,22796.4,1
3217,1.83,0.304794312,0,4.095777512,1.32922899,-151.7904053,-152.0952105,-217.322403,-215.7984009,-216.7988359,25.96316736,0,59.22847552,0.81134898,18320.3,598.4,101.454,234.789,29.1,0.432107125972682,20578.74,0.89,0.37,1.52,0.64,47130.33,0
3218,0.61,0.30480957,0,11.68944931,3.765824576,-116.433609,-119.9316219,-252.6791992,-238.6584015,-248.9504356,16.38620577,0,14.79310243,7.965516695,65312.1,1344.3,191.212,543.606,166.1,0.351747405289861,80891.27,0.81,0.27,14.02,0.46,34199.7,1
3219,12.19,9.448822021,1.834233999,12.84900188,7.204474982,-104.2416077,-111.2673153,-265.785614,-253.5935974,-257.9857839,18.41208217,1,27.19966685,10.04295391,35521.4,703.3,190.775,240.438,0.6,0.793447791114549,36305.54,0.98,0.65,12.19,0.9,31070.17,1
3220,2.44,0,0.405254394,2.446846485,1.531404579,-136.2456055,-136.735938,-232.5624084,-231.6480103,-232.1648407,0,0,101.6977633,4.622625612,3215.5,208.9,57.439,69.28,178.9,0.829084872979215,3219.18,1,0.49,0.91,0.93,40697.39,1
3221,0.61,0.304794312,0,3.730933189,1.567144038,-189.8904114,-190.5546449,-178.9176025,-177.3936005,-178.3425087,48.79436556,0,30.96565507,1.876706367,15840.7,470.2,130.963,162.743,114.7,0.804722783775646,16306.2,0.97,0.4,1.52,0.9,65308.18,0
3222,3.66,2.133605957,0,11.39843845,3.561543973,-151.485611,-154.3416734,-217.322403,-205.7400055,-214.5619499,0,0,72.65013577,3.291591912,63221.1,1058.6,237.981,367.098,110.6,0.648276482029322,67249.58,0.94,0.24,11.58,0.71,48110.77,0
3223,2.44,0.609603882,0,3.730935574,2.007286971,-117.0432129,-117.8709521,-252.0696106,-249.9360046,-251.0894621,40.39540493,0,30.54286714,8.867284008,15086.6,472.8,117.122,165.928,89.2,0.705860373173907,15725.88,0.96,0.48,2.13,0.85,33441.79,1
3224,2.74,2.74319458,0.286554813,11.26084042,4.454590535,-81.68640137,-87.03965281,-288.0360107,-275.8439941,-281.9338458,7.845290515,1,41.75719145,15.18443326,58734.4,1087.1,209.751,435.523,147,0.481607171148252,65314.74,0.9,0.5,12.19,0.63,23116.06,1
3225,0.61,0,0.286546946,1.281309485,0.866546421,-153.3144073,-153.3282623,-215.7984009,-215.4936066,-215.6460037,63.14575632,0,13.53123349,0,3295.5,234.6,50.641,93.02,134.1,0.544409804343152,3487.14,0.95,0.74,0.3,0.75,47667.23,0
3226,1.83,0.609603882,1.146058798,4.439620495,3.019723951,-117.9576111,-118.7888824,-251.764801,-248.7167969,-250.3571819,28.93313709,1,27.12481603,12.65824748,8219.9,333.2,101.133,108.421,160.1,0.932780549893471,8371.41,0.98,0.48,3.05,0.93,33778.35,1
3227,0.91,0.304794312,0,3.974588156,1.71714192,-185.6232147,-186.437811,-183.1847992,-181.3560028,-182.496978,38.8158035,1,38.8158035,1.764354705,16849.4,479.3,134.927,155.048,13.8,0.870227284453846,17135.9,0.98,0.4,1.83,0.92,63220.97,0
3228,23.77,4.876800537,0.286541253,24.55382347,9.266797789,-135.6360168,-158.0979558,-233.1719971,-174.040802,-210.8480304,14.69500382,0,6.028719515,20.84932166,236693.3,3617.3,611.955,1016.66,92.4,0.601926897881298,417335.81,0.57,0.38,59.13,0.23,49772.7,0
3229,3.05,2.133605957,0,6.848980904,2.632369578,-155.4480133,-161.008061,-213.6648102,-202.387207,-207.8433163,9.632020685,16,10.04408574,0.377726301,865735.7,13002.9,451.272,6115.032,33,7.37971608325189E-02,2000000,0.43,0.52,11.28,0.06,51079.64,0
3230,2.13,0,0,0.90607959,0.555982503,-132.2832184,-132.4457754,-236.5247955,-236.2200012,-236.4231974,99.56862573,0,0,0,4478.6,253.2,57.435,93.443,90.3,0.614652782979999,4489.14,1,0.5,0.3,0.88,38984.83,1
3231,0.3,0,0,5.45810318,2.429561144,-103.3272095,-104.9488437,-265.4808044,-259.9944153,-263.9806147,0,0,57.52907719,11.98522441,18603.1,596.7,137.916,182.328,144,0.756417006713176,20174.31,0.92,0.28,5.49,0.66,28882.61,1
3232,0.91,0,0,2.463506937,1.218116956,-185.928009,-186.7253685,-183.1847992,-180.7463989,-182.1777429,29.74711062,0,49.84650969,15.27554329,18488.3,693.6,97.877,271.373,159.1,0.360673316800124,22123.67,0.84,0.43,2.44,0.48,63365.66,0
3233,4.27,3.962371826,4.05748E-05,11.86595249,5.147757092,-97.53601074,-104.0554934,-272.79599,-257.2511902,-265.0105661,9.43608546,1,31.84678843,16.51314955,50407.8,990.1,161.266,412.654,13,0.390801979382243,53801.22,0.94,0.5,15.54,0.65,28579.76,1
3234,18.59,0,0,13.23885727,3.350103118,-134.1120148,-141.3216021,-234.6959991,-210.3119965,-227.5487506,20.09357818,0,25.63497264,6.938789587,308474.1,4391.6,726.61,1303.516,14.3,0.55742315399274,636814.18,0.48,0.29,24.38,0.2,42568.6,1
3235,9.14,0,0,0.906128228,0.641018895,-145.0848084,-145.3526713,-223.7232056,-223.418396,-223.5661825,103.593038,0,0,0,4735,248.1,69.744,81.225,89.6,0.85865189289012,4737.1,1,0.77,0.3,0.97,44248.25,0
3236,3.66,0.30480957,0,2.863173723,1.574777399,-147.8280182,-148.1994877,-221.2848053,-220.3704071,-220.7514005,0,0,115.3232228,0,4124.5,231.6,68.964,80.305,89.6,0.858775916817135,4126.22,1,0.65,0.91,0.97,45454.02,0
3237,1.83,0,0,3.263691187,1.49799519,-153.6192169,-154.1840699,-215.188797,-213.9696045,-214.7302039,78.73148181,0,18.02286933,0,15670,597.6,81.57,251.704,179.9,0.324071131169946,17123.01,0.92,0.41,1.22,0.55,48041.66,0
3238,13.72,10.66798401,0.640724599,14.63176727,6.852951193,-103.9367981,-113.8601425,-266.0903931,-246.2783966,-255.2383276,10.76201987,1,34.04711741,5.47884648,75964.2,1293.5,239.269,464.583,167,0.51501884485657,88655.25,0.86,0.55,19.81,0.57,31990.95,1
3239,0.3,0,0.286565691,3.238529205,1.518453798,-100.8888245,-101.2180005,-268.223999,-266.7000122,-267.7850854,0,0,93.20003908,3.883334961,3827.7,251,63.995,91.678,116.1,0.698040969480137,4114.99,0.93,0.31,1.52,0.77,27628.42,1
3240,3.96,0.609603882,0,4.917987823,2.339607479,-147.5232086,-148.572342,-221.5895996,-218.846405,-220.3681937,41.26018636,1,33.29769426,3.619314596,20534.5,535.9,130.262,202.521,89.9,0.643202433327902,20728.68,0.99,0.46,2.74,0.9,45613.15,0
3241,6.71,6.096008301,0.286563367,15.81589222,5.859764021,-58.82641602,-69.44352486,-311.5056152,-286.816803,-299.5695935,7.696024073,1,40.36137069,10.60341095,86913.2,1241.2,340.927,394.442,151.7,0.864327328225696,94917.89,0.92,0.49,24.69,0.71,18075.06,1
3242,21.95,4.876800537,0,17.92062187,3.576898683,-117.0432129,-125.2249475,-252.0696106,-235.305603,-243.6679288,9.712425553,1,60.96710693,5.192781979,154573,1918.8,284.76,730.902,111.3,0.389600794634575,180651.04,0.86,0.5,16.76,0.53,36185.53,1
3243,3.05,0.914398193,0.906103015,12.73522663,7.181028404,-130.1496124,-131.8303646,-239.5727997,-234.6959991,-237.9965511,0,0,38.78157489,20.88238649,4982.6,261.6,69.326,82.58,88.3,0.839501089852264,4995.96,1,0.33,4.88,0.92,38742.19,1
3244,3.66,0.609603882,0,5.54656601,1.968539256,-150.8760071,-152.1433377,-217.9320068,-213.3600006,-216.7219697,39.05743602,0,26.98170701,4.90576491,78778.3,1395,239.512,533.966,116.4,0.448552904117491,93997.21,0.84,0.27,4.57,0.51,47151.23,0
3245,14.63,10.05839539,0,16.7602272,6.100168742,-119.1768036,-134.8499156,-249.9360046,-211.5312042,-234.0753483,6.043012181,3,35.89059261,13.43345275,364039.2,3848.2,650.01,1138.25,137,0.571060839007248,585256.92,0.62,0.41,38.4,0.31,39939.99,1
3246,1.83,0,0,5.253520966,1.632006542,-178.9176178,-182.0252224,-189.8903961,-184.0991974,-186.8457761,3.296206822,0,80.57394453,5.127432833,40585.2,1065.1,131.149,459.312,138.4,0.285533580659769,49558.47,0.82,0.53,5.79,0.45,61021.46,0
3247,3.05,1.219207764,0.573103726,6.779609203,2.380837854,-187.7568054,-188.8976836,-181.3560028,-177.6983948,-180.0176064,38.61978035,1,22.71751785,9.087007142,26172.1,598.4,148.298,221.478,135.4,0.669583434923559,26317.14,0.99,0.38,3.66,0.92,64464.03,0
3248,1.52,0,0,3.26378727,1.379092133,-83.2104187,-83.96500641,-285.5975952,-283.4639893,-284.9317828,0,0,99.19339741,1.98386795,14985,498.8,115.114,183.819,21.5,0.626235590444949,15949.59,0.94,0.33,2.13,0.76,22190.57,1
3249,1.83,0.30480957,0,2.56137085,1.130475405,-154.5336151,-154.7458139,-214.5792084,-213.6648102,-214.1547975,88.48614382,0,6.412039409,0,11590.8,424.8,102.242,158.447,140.7,0.645275707334314,12067.54,0.96,0.52,0.91,0.81,48288.22,0
3250,7.62,3.657608032,0,7.194439888,3.815437645,-143.8656158,-147.5545721,-225.2472076,-215.4936066,-221.3645783,20.94382008,1,16.02657536,10.19872978,81617.2,1247,215.606,482.669,90,0.446695354373287,87886.39,0.93,0.4,9.75,0.66,45179.45,0
3251,42.37,2.438400269,0,17.64472389,4.125176325,-117.3480072,-125.317108,-252.0696106,-226.1616058,-243.6018531,14.16964097,0,43.31097807,8.956282502,222390.8,3759.4,475.801,1323.696,114.1,0.359448846260773,490360.68,0.45,0.33,25.91,0.2,36220.6,1
3252,46.02,4.572006226,0,17.01549721,5.972032026,-113.6904144,-124.0169955,-255.7272034,-205.7400055,-244.8907742,4.332033483,8,25.77827332,11.55208929,277928.5,3870.9,394.969,1548.027,145.9,0.255143482639515,482561.47,0.58,0.22,49.99,0.23,35727.42,1
3253,0.61,0.609619141,0,6.677852154,2.005544004,-105.4608154,-106.6906163,-263.6520081,-259.3847961,-262.1737201,18.68642013,1,57.36296413,1.086419776,68408.8,1388.9,185.367,577.949,63.1,0.320732452171385,87070.84,0.79,0.35,4.27,0.45,29477.67,1
3254,1.22,0.30480957,0,3.446486235,1.484387151,-156.6672058,-157.5425341,-212.1408081,-210.0072021,-211.3494956,0,0,65.44948158,29.16066011,22938,596.2,139.737,227.914,27,0.613112840808375,23686.91,0.97,0.39,2.13,0.81,49525.18,0
3255,6.1,4.571990967,0.640766561,8.551838875,5.134901175,-111.2520142,-114.941979,-258.4703979,-249.9360046,-254.1398153,18.46165993,1,25.93423657,8.791266635,33815.7,707.2,172.613,272.618,135.5,0.63316802265441,34460.51,0.98,0.51,8.53,0.85,32379.12,1
3256,12.8,11.88720703,0.57309562,22.74308014,8.523575831,-75.89520264,-88.84580396,-295.0464172,-268.8336182,-280.3128885,6.360613208,2,34.76149079,8.875274243,100486.9,1751,216.991,762.666,138.8,0.284516420031836,117364.12,0.86,0.56,26.21,0.41,23668.53,1
3257,4.88,3.352798462,0,13.50202274,4.286489859,-152.4000092,-161.9596472,-216.7127991,-193.5480042,-206.9286149,7.249007478,3,51.63432376,1.30719807,250161.9,3662.6,295.354,1610.08,103.6,0.183440574381397,374960.8,0.67,0.42,23.16,0.23,51510.68,0
3258,9.75,7.619995117,0.573108912,13.23108864,7.2383391,-125.8824158,-131.235829,-243.535202,-233.1719971,-237.9428877,24.73498015,1,27.82685267,6.570229101,38459.9,763.8,194.311,259.227,83.6,0.749578554703021,40058.55,0.96,0.54,10.36,0.83,38508.5,1
3259,8.23,4.267196655,0,10.84020329,3.084810832,-142.9512177,-151.7551244,-226.1616058,-207.5688019,-217.1082282,4.579158648,10,47.95156698,1.468786736,516120.7,7117.8,1051.54,2350.331,88.8,0.447400812906778,1500000,0.34,0.49,18.59,0.13,46982.78,0
3260,0.61,0,0,2.181332111,1.021184597,-109.1184082,-109.4891135,-259.6896057,-259.0800171,-259.4342313,46.16452687,0,48.88008726,0,5473.7,294.7,74.156,101.012,71.5,0.734130598344751,5913.91,0.93,0.5,0.61,0.79,30446.45,1
3261,0.3,0,0.28657037,6.903356075,2.109408571,-172.8216095,-173.6377715,-196.2911987,-192.9384003,-195.2584077,0,0,80.12151008,4.172995316,17809.9,516.9,117.074,192.529,91.3,0.608085015763859,18174.28,0.98,0.32,3.35,0.84,56947.99,0
3262,0.61,0,0.640739679,8.667604446,3.503416744,-135.3312073,-135.9069468,-234.0863953,-232.2575989,-233.3244002,0,0,99.75309133,0,2682.2,189.3,53.145,64.891,155.6,0.818988765776456,2695.28,1,0.44,1.83,0.94,40363.6,1
3263,0.91,0,0,1.811783791,0.94582157,-188.9760132,-189.313236,-179.8320007,-179.2223969,-179.5855687,80.69823678,0,11.20808844,0,6631,296.5,81.765,93.141,179.9,0.877862595419847,6645.42,1,0.48,0.61,0.95,64675.22,0
3264,37.19,0,0,3.338129997,0.920345364,-121.9200134,-122.8383188,-246.8880005,-245.0592041,-246.0283101,49.36293408,0,45.66071402,0,12044.8,470.7,113.258,154.091,164.6,0.735007235983931,13645.5,0.88,0.5,1.83,0.68,35283.23,1
3265,5.18,0.609588623,0,22.81174278,4.51080304,-140.5128174,-146.7373636,-228.2951965,-190.5,-222.1265426,22.08781784,1,42.34515354,1.830482142,121805.1,1914.3,362.888,641.186,18.5,0.565963698521178,171047.83,0.71,0.16,37.8,0.42,44832.71,0
3266,0.61,0,0,3.664839029,1.253343351,-156.6672058,-157.1138984,-212.4456024,-210.9216003,-211.7729426,0,0,89.90851589,7.051648305,8431.6,352.9,92.423,124.121,116.5,0.744620169028609,8752.9,0.96,0.47,1.52,0.85,49334.58,0
3267,11.28,10.05841064,0.810428619,15.42171478,8.256715914,-68.88479614,-79.51518061,-301.7520142,-281.3304138,-289.7321587,12.58349262,1,19.33561061,30.07761651,48430.9,827.7,234.121,273.928,99.3,0.854680792032943,50043.11,0.97,0.59,20.42,0.89,20884.64,1
3268,10.06,0,0.405266106,25.95510292,6.043813188,-128.9304047,-134.3250436,-239.8776093,-223.418396,-234.6140673,0,0,69.01433864,5.781305854,41137.1,806.3,161.875,311.247,130.4,0.520085334155831,42569.79,0.97,0.32,16.46,0.8,39730.47,1
3269,29.57,7.924804688,0.286568284,29.6981945,7.876470271,-109.4232178,-128.6058263,-259.6896057,-190.8048096,-240.3537693,14.28001681,0,28.90236278,24.20756273,303944.3,3170.6,700.827,939.493,168.8,0.745962982161655,435006.94,0.7,0.28,68.88,0.38,37483.22,1
3270,18.9,14.32559204,0.286551088,20.54800797,5.694991848,-103.3272095,-115.6755989,-267.9191895,-246.8880005,-253.4027472,4.008861484,4,24.89223294,3.356256127,159436.3,2490.8,506.399,767.578,92.4,0.659736209219128,254963.94,0.63,0.69,21.03,0.32,32643.67,1
3271,0.61,0,0.40527162,4.290466309,2.054357067,-176.4792175,-176.9516533,-192.3287964,-191.1096039,-191.9630402,0,0,72.45462784,25.8766528,2872.1,194.9,52.932,67.72,135.4,0.781630242173656,2872.11,1,0.33,1.22,0.95,58540.6,0
3272,12.19,0.609603882,0,11.76131248,3.047091206,-137.1600037,-141.5765008,-231.6480103,-217.9320068,-227.2951528,22.5221723,0,40.63440877,30.86955085,94376.9,1310.6,298.728,460.519,98.2,0.648676818980324,103034.05,0.92,0.32,13.72,0.69,42673.85,1
3273,2.13,1.828796387,0,13.02151108,4.269659259,-96.62161255,-101.3002908,-272.79599,-261.2135925,-267.6418352,14.63578707,0,11.86003435,27.25284489,58905,1367,154.912,538.524,93.7,0.287660345685615,76716.14,0.77,0.45,11.58,0.4,27655.79,1
3274,2.44,0.609588623,0.405252069,5.824705124,3.110043997,-130.4544067,-131.3434113,-238.9631958,-235.6103973,-237.7643222,33.86462478,0,59.26309338,3.386462476,8778.6,337.8,100.853,108.603,107.5,0.928639172030239,8830.55,0.99,0.37,3.35,0.97,38550.74,1
3275,1.83,1.828796387,0.28655836,8.551954269,4.871570541,-132.2832184,-135.4504216,-236.8296051,-228.2951965,-233.5215067,16.55096461,1,11.88274382,8.912057866,35025.2,716.8,186.649,239.188,50.2,0.780344331655434,36293.45,0.97,0.39,8.53,0.86,40180.37,1
3276,4.27,3.047988892,1.281340122,6.850750446,4.060620988,-113.6904144,-115.7658417,-256.336792,-251.1551971,-253.3632588,29.36798971,1,24.84983745,4.518152263,19739.2,509.7,146.884,174.164,27.2,0.843366022829058,19935.2,0.99,0.59,5.18,0.96,32676.29,1
3277,3.05,0.914413452,0.906122208,7.569961071,4.534465564,-117.9576111,-118.8388791,-252.0696106,-248.4120026,-250.4992215,0,0,81.48887175,8.809607754,6749.1,306.5,79.148,105.565,165.7,0.749756074456496,6893.55,0.98,0.44,3.66,0.9,33796.73,1
3278,0.3,0.304794312,0,4.096006393,1.67987396,-164.8968048,-165.7468636,-204.2160034,-201.4728088,-203.1661368,2.290760865,0,87.04891292,9.163043468,12977.5,450.2,102.454,168.213,168.8,0.609073020515656,13574.82,0.96,0.4,2.74,0.81,53244.12,0
3279,2.74,0.609603882,0.286560684,2.947815657,1.687104941,-121.9200134,-122.4812314,-247.1928101,-245.668808,-246.4912775,31.56017495,0,61.54234115,3.156017494,9419.6,354.9,102.569,119.561,118.6,0.85788007795184,9549.57,0.99,0.49,1.52,0.94,35149.21,1
3280,5.79,4.267211914,0,9.162624359,4.095341911,27.73678589,22.06997535,-397.1544189,-384.9624023,-391.032631,11.65488402,1,30.33969808,27.93472201,80347.5,1208.3,331.447,353.541,109.6,0.93750654096696,89209.68,0.9,0.51,12.19,0.69,1842.99,2
3281,7.92,6.400802612,0.286574244,12.5746069,7.709780883,-128.6256104,-133.9195061,-240.7920074,-229.8191986,-235.2668345,26.41760591,1,14.96997668,11.0073358,33759.6,683.1,181.205,229.831,110.4,0.788427148644004,34566.86,0.98,0.51,10.97,0.91,39568.97,1
3282,14.33,11.88720703,0.405269414,28.16958427,9.540340863,-71.62802124,-101.3120677,-300.5328064,-235.9152069,-267.8037697,4.335894504,2,18.78887618,11.02039853,164551.7,2910.6,286.369,1147.132,140.1,0.24963909994665,256885.37,0.64,0.51,64.62,0.24,27659.7,1
3283,6.71,3.962402344,0.640745461,7.876098156,4.37824526,-160.6296082,-164.389065,-208.4832001,-199.0344086,-204.5679284,20.46838386,1,20.96761273,13.72879405,59548.4,952.3,203.632,362.275,98.2,0.562092333172314,61136.91,0.97,0.42,9.45,0.83,52619.34,0
3284,35.97,0,0.640772343,10.27238846,5.932376843,-123.4440155,-132.7312853,-245.3639984,-223.418396,-236.1679859,0,0,9.225616187,40.17607049,49946.6,959.5,237.529,290.5,39.1,0.817655765920826,55243.46,0.9,0.42,21.95,0.68,39097.66,1
3285,0.91,0,0,1.432556033,0.660666856,-186.8424072,-187.0496759,-181.9656067,-181.3560028,-181.8071069,0,0,101.626095,0,7313.2,349.6,84.352,131.354,149.2,0.642173059061772,7837.09,0.93,0.31,0.61,0.75,63529.04,0
3286,11.58,8.839202881,3.350373268,16.50109291,9.285431248,-94.18319702,-100.3623369,-277.3680115,-262.4328003,-269.0691308,22.70834072,1,41.44272181,5.677085179,26182.7,598.5,169.215,205.022,116.4,0.825350450195589,26695.17,0.98,0.56,14.94,0.92,27344.7,1
3287,7.01,5.486419678,0.286575556,9.667372704,6.025375548,-92.35440063,-97.09723253,-277.3680115,-267.9191895,-272.1160647,22.67701912,1,8.29647041,14.38054871,26874.3,600.9,176.733,196.981,14.1,0.897208360197176,27261.98,0.99,0.56,9.45,0.94,26275.51,1
3288,0.91,0.914398193,0,7.931843758,2.390176124,-110.337616,-113.4634025,-258.7752075,-251.764801,-255.4344249,9.073777724,1,73.28820469,1.628626771,63887.6,1643.1,165.609,687.29,70.3,0.240959420332029,85454.59,0.75,0.48,7.01,0.3,31849.19,1
3289,6.4,3.352783203,0.906132042,8.051913261,4.821594259,-89.00161743,-92.60036189,-280.7207947,-272.4912109,-276.5033977,23.22468072,1,14.82426429,13.83598001,30080.7,656.5,182.226,223.839,162.6,0.814094058676102,31106.35,0.97,0.52,8.23,0.88,24837.87,1
3290,9.14,0,0,4.290530205,1.150608153,-140.2080078,-141.3012041,-228.6000061,-226.4664001,-227.5630022,5.953836074,0,88.7662833,0.541257825,27462.2,723.5,118.394,295.062,114.8,0.401251262446537,28694.09,0.96,0.51,2.13,0.66,42560.19,1
3291,5.79,4.267181396,2.085345745,9.849681854,5.387061182,-85.64880371,-88.4726935,-284.683197,-277.9776001,-280.7589033,30.13408636,1,16.16950975,7.34977716,20223.9,533.5,142.391,178.13,90.1,0.799365631841913,20493.52,0.99,0.59,6.71,0.9,23553.87,1
3292,2.44,0,0,4.610821247,1.605125468,-154.5336151,-155.1212158,-214.5792084,-212.1408081,-213.7842096,48.91879023,0,26.0206331,13.53072922,14281.1,553.5,93.255,226.404,179.6,0.411896432925213,15820.31,0.9,0.34,2.44,0.59,48453.35,0
3293,0.91,0,0.286564827,3.263895035,1.191318618,-171.9072113,-172.0753755,-197.2055969,-196.2911987,-196.8272305,38.53560927,0,43.79046507,1.751618603,8485.9,362,84.18,138.104,143.2,0.609540636042403,8940.56,0.95,0.46,0.91,0.82,56204.73,0
3294,3.96,0.304794312,0,18.52844048,6.000200474,-141.7320099,-148.7035745,-227.076004,-206.959198,-220.1950553,24.21655362,0,11.81767817,29.25359678,76725.1,1147.1,253.585,412.039,99.9,0.615439315210453,83869.54,0.91,0.34,20.12,0.73,45669.22,0
3295,10.97,0.609603882,0,10.84113979,2.877390445,-138.6840057,-141.2658157,-230.4288025,-217.9320068,-227.6074759,15.70591153,0,45.09116535,6.417469225,88015.6,1562.7,252.385,544.611,90.1,0.463422516254721,121412.25,0.72,0.23,12.5,0.45,42545.59,1
3296,5.79,4.267211914,0,8.406410217,4.204652995,-108.20401,-112.1597387,-261.5184021,-252.9840088,-256.8551839,12.21945703,2,31.28180999,10.50873304,60821.6,1202.3,186.068,475.641,73.8,0.39119419898621,73184.22,0.83,0.55,8.53,0.53,31385.57,1
3297,14.02,11.27758789,0.640785635,16.36941528,7.129606266,-98.14559937,-106.5777757,-271.8815918,-252.3744049,-262.4175433,15.06285327,1,18.45199526,8.912188186,118417,1614.7,257.63,653.216,80.9,0.394402464116004,133450.32,0.89,0.49,19.51,0.57,29438.93,1
3298,11.58,0.914398193,0,5.487994671,3.067610941,-127.1016083,-130.9373651,-241.7064056,-232.5624084,-237.9524538,0,0,57.68251378,15.71351237,74729.8,1045.5,267.649,336.358,46.3,0.79572657703994,77309.78,0.97,0.42,9.14,0.86,38391.45,1
3299,0.61,0,0.28656587,3.731194496,1.829793428,-173.4312134,-173.7698788,-195.6815948,-194.4624023,-195.2244,0,0,50.18254133,50.18254131,2665.8,185.5,56.722,57.493,179.6,0.98658967178613,2665.81,1,0.41,1.22,0.98,57011.06,0
3300,17.37,14.93521118,0.286550462,20.95701981,7.169034973,-108.8135986,-120.4093699,-261.8232117,-242.9255981,-248.6784836,5.541822804,4,12.12273738,1.616364984,128744.4,2030.5,227.568,883.211,111.6,0.257659834399707,153476.95,0.84,0.7,18.9,0.39,34376.63,1
3301,0.3,0.30480957,0,3.446635485,2.001927921,-134.7216187,-135.9111238,-234.3912048,-231.3432007,-233.0017894,0,0,70.86247212,15.60274616,22863.9,578.4,152.361,194.324,14,0.784056524155534,23729.45,0.96,0.47,3.05,0.86,40365.28,1
3302,0.91,0,0.286564827,3.149150372,1.706972301,-135.026413,-136.1333157,-234.0863953,-231.3432007,-232.7869924,0,0,65.5665543,31.22216871,14282.3,483.3,104.858,178.591,0.5,0.587140449406745,15326.5,0.93,0.49,2.74,0.77,40454.61,1
3303,4.88,4.571990967,0.40525645,9.097568512,3.998461169,-104.5464172,-110.566758,-265.1759949,-253.2888031,-258.412241,7.877379383,2,36.09272008,6.301903507,103781.7,1724.6,249.454,643.109,178.1,0.387887589817589,136719.07,0.76,0.57,11.89,0.44,30823.69,1
3304,2.13,2.133590698,0,11.06950188,3.924232472,-160.9344177,-164.9159043,-208.4832001,-197.5104065,-204.0134844,9.8190983,1,48.64916885,11.15806625,66607.2,1038.2,231.406,409.878,17.6,0.564572872903645,69145.25,0.96,0.41,10.97,0.78,52861.32,0
3305,5.79,3.962402344,0.640727282,6.635730267,4.211796186,-103.9367981,-107.8652223,-265.1759949,-256.336792,-261.1379509,20.6721685,1,39.16831927,33.3656053,40985.4,761.3,215.459,252.185,0.1,0.854368816543411,42357.03,0.97,0.46,8.84,0.89,29882.39,1
3306,0.91,0.304794312,0,2.640233517,1.4403092,-159.71521,-160.2968174,-209.3975983,-207.5688019,-208.6169429,44.26182176,0,44.26182176,0,14440.4,488,121.281,174.647,23.8,0.694435060436194,15630,0.92,0.45,1.83,0.76,50758.66,0
3307,0.3,0,0,4.125916958,1.485430021,-118.2624054,-119.1619941,-250.5456085,-248.1072083,-249.7243373,0,0,88.65325892,6.819481456,21796.6,609.6,132.537,226.933,67.3,0.584035816738861,24032.41,0.91,0.35,2.44,0.74,33915.64,1
3308,1.52,0,0,1.215634704,0.747324401,-188.9760132,-188.9760132,-180.136795,-179.8320007,-179.9517414,110.3959083,0,0,0,3770,221.5,69.031,70.862,131.2,0.97416104541221,3771.93,1,0.9,0.3,0.97,64503.82,0
3309,3.96,1.828796387,0.40528515,5.112825871,3.0302236,-135.6360168,-137.2062448,-233.4768066,-229.5144043,-231.7610188,42.56697989,0,21.28348994,14.00229602,26538.8,611.9,153.663,214.757,90,0.715520332282533,27178.29,0.98,0.44,3.96,0.89,40887.37,1
3310,4.88,2.438400269,0,10.26857567,3.760999715,-132.892807,-137.3743548,-236.2200012,-216.4080048,-231.5127105,18.41320125,0,33.19563041,4.668135527,114630.2,1713.7,363.623,520.357,7.4,0.698795250184008,138274.19,0.83,0.24,19.81,0.49,40955.38,1
3311,6.1,3.962402344,0.810473084,8.854017258,4.047373795,-126.4920044,-133.2974953,-242.6208038,-227.9904022,-235.6587998,10.02306762,1,35.67532542,17.66778021,87496.6,1342.3,267.761,506.66,170.5,0.528482611613311,101146.15,0.87,0.48,14.63,0.61,39321.9,1
3312,3.35,0.609603882,0.286568969,3.338284969,1.717571071,-135.6360168,-136.3514087,-233.4768066,-231.3432007,-232.5523269,0,0,69.74430073,23.79511436,18115.5,504.4,130.166,179.189,89.9,0.726417358208372,18568.88,0.98,0.45,2.13,0.9,40542.39,1
3313,2.13,0,0.286584616,0.810536385,0.589454605,-178.9176178,-178.9176178,-190.1952057,-189.8903961,-189.9919993,99.83938276,0,0,0,2679.9,189.4,54.209,65.886,118.9,0.82276963239535,2695.31,0.99,0.99,0.3,0.94,59495.8,0
3314,4.88,2.74319458,0.859664679,10.89533138,6.731488464,-107.2896118,-112.3760609,-262.4328003,-249.6312103,-256.7690067,25.13356401,1,6.951836852,21.92502392,27796.1,615.5,169.092,215.586,127.8,0.784336645236704,28208.32,0.99,0.45,12.8,0.92,31462.27,1
3315,4.57,4.267181396,0,9.99226284,3.824678442,-95.09762573,-105.2900502,-274.0151978,-245.3639984,-263.6090627,8.933873711,2,22.03688849,18.06627795,224612.5,3355.1,302.78,1448.503,11.9,0.209029598143739,330042.34,0.68,0.36,28.65,0.25,28998.7,1
3316,0.91,0.609603882,0,4.654910088,2.736517361,-145.0848084,-147.1661176,-224.0279999,-218.2368011,-221.7614258,4.422666685,1,42.75244463,46.1922965,30248.1,646,173.94,227.431,154.7,0.764803390918564,30555.3,0.99,0.4,5.79,0.91,45014.46,0
3317,1.52,0,0,2.18146348,1.021601285,-116.7384033,-117.1934645,-252.0696106,-250.8504028,-251.6961169,58.88481589,0,38.77780559,1.436215021,10349.5,376.6,105.78,118.396,0.1,0.893442346025204,10538.02,0.98,0.33,1.22,0.92,33194.46,1
3318,2.13,2.133605957,0,9.976931572,2.96989906,-181.0512085,-186.7815721,-188.0615997,-177.3936005,-182.0990274,8.239236299,2,56.18563549,1.886090237,149737.7,2774.6,362.209,1118.156,43.5,0.323934227424438,300376.19,0.5,0.56,10.67,0.25,63393.96,0
3319,3.05,0.609588623,0.405282587,5.669764996,2.197337081,-153.9240112,-155.7299202,-215.188797,-210.3119965,-213.1588113,34.32546492,0,37.08728393,6.707274753,37674.1,771.7,165.382,302.106,11.2,0.547430372121044,38744.41,0.97,0.42,4.88,0.8,48721.7,0
3320,12.8,9.143997192,0.286571831,12.01296139,5.90841569,-106.6800232,-113.8745388,-264.2615967,-251.4600067,-255.3079732,13.40102925,1,35.39246186,15.80634219,43258,810.1,222.613,277.232,154.2,0.802984503953368,45665.4,0.95,0.7,12.8,0.83,31996.1,1
3321,0.91,0,0,1.811891794,0.824285086,-174.9552155,-175.0830324,-194.157608,-193.2432098,-193.8036401,0,0,106.8566434,0,4312.2,245.6,68.604,80.914,90.2,0.847863163358628,4436.06,0.97,0.43,0.91,0.9,57639.86,0
3322,10.06,6.705596924,0,13.70439816,4.844212579,-91.74481201,-100.5894957,-277.6727905,-259.3847961,-268.394747,7.806857772,3,19.91314446,9.164572167,131375,2180,396.919,524.48,134.8,0.75678576876144,162554.73,0.81,0.51,18.29,0.35,27419.88,1
3323,3.05,1.828796387,0.286571562,5.338237762,2.622945233,-171.9072113,-173.3648826,-197.2055969,-193.5480042,-195.5805277,29.96423224,1,54.24559285,5.682871631,28771.6,628.8,174.429,216.487,107.7,0.805725055084139,29289.09,0.98,0.46,3.66,0.92,56817.82,0
3324,28.65,24.07919312,0,24.48480988,9.747632078,-68.88479614,-91.89969878,-302.0567932,-258.7752075,-277.2286332,6.267195039,1,40.11004825,11.37736946,154163,1993.3,372.227,633.139,128.7,0.587907236799502,187358.31,0.82,0.57,43.28,0.49,24617.52,1
3325,0.91,0,0,2.181475163,1.079677478,-173.7360077,-174.085968,-195.0720062,-194.157608,-194.8575134,46.65183763,0,46.65183764,3.588602897,4142,241.1,69.53,81.425,93.1,0.853914645379183,4250.91,0.97,0.26,0.91,0.9,57162.1,0
3326,11.89,0.914398193,0,11.91598797,4.903506876,-137.7696075,-143.3550438,-231.3432007,-214.2743988,-225.5850133,18.77935269,1,26.18275134,5.236550269,82317.6,1341.7,250.948,507.15,73.6,0.494820072956719,100250.21,0.82,0.34,17.07,0.58,43411.82,1
3327,2.13,1.524002075,0,6.660180092,2.460646572,-168.8592072,-170.4151664,-200.2536011,-195.9864044,-198.4973151,28.69884865,1,45.67563236,5.658927903,36773.4,765.8,182.123,268.692,33.4,0.677813258303187,38811.12,0.95,0.42,4.27,0.79,55420.3,0
3328,2.13,1.828796387,0.286588222,6.305249691,2.992883517,-174.6504059,-176.576842,-194.4624023,-188.3664093,-192.3490438,30.84698062,1,19.91387357,23.42808655,38067.5,731.9,194.429,247.818,24,0.784563671726832,38926.77,0.98,0.35,6.1,0.9,58359.37,0
3329,0.3,0.304794312,0,4.126001835,1.646004875,-184.404007,-184.932928,-184.7088013,-182.5751953,-183.9826622,0,0,88.1887605,2.891434769,10281.5,386.8,104.235,131.687,109.1,0.791535990644483,10751.19,0.96,0.36,2.13,0.87,62466.47,0
3330,0.3,0,0.906206846,3.97500515,2.672844181,-100.8888245,-103.0464743,-268.223999,-263.9568176,-265.9781085,0,0,2.574740387,87.54117309,5773.1,326.9,59.267,135.275,133.5,0.438122343374607,6027.7,0.96,0.54,4.27,0.68,28239.62,1
3331,0.3,0.30480957,0,4.85184288,1.632464956,-170.3832092,-171.7134735,-198.4248047,-195.0720062,-197.161177,2.06676251,1,85.5639679,9.507107545,35960,750.2,166.797,276.942,179.5,0.602281344108153,37376.57,0.96,0.39,3.35,0.8,56033.27,0
3332,0.91,0.914398193,0,8.155985832,3.135293763,-120.3960114,-122.6764437,-248.7167969,-241.4015961,-246.2185567,10.01617233,1,59.18647283,8.422690366,65296.6,1160.6,232.195,446.155,47.4,0.520435723011061,75706.94,0.86,0.35,7.32,0.61,35222.45,1
3333,8.23,5.791213989,0,9.317256927,4.311581335,-129.2352142,-134.9566446,-239.8776093,-226.1616058,-233.9543035,9.2785378,1,47.7181944,5.396700557,156995.2,2015.8,275.37,800.911,179.9,0.34382097386601,190210.32,0.83,0.44,13.72,0.49,39982.66,1
3334,4.88,2.43838501,0,9.523573875,3.635054311,-103.9367981,-106.597341,-265.1759949,-257.8608093,-262.3386316,36.00592079,1,21.6989324,4.768996132,62336.6,1161,182.965,488.22,162.6,0.374759329810331,68759.38,0.91,0.39,7.32,0.58,29445.65,1
3335,7.32,0.914413452,0,5.428813934,1.759949842,-152.4000092,-153.2660325,-217.0176086,-212.1408081,-215.637776,50.78373564,0,15.98747233,5.642637292,47416.6,1064.3,169.033,429.784,107.1,0.39329756342721,56282.46,0.84,0.29,4.88,0.53,47640.06,0
3336,1.83,0.609588623,0.640793025,12.59065437,3.657907443,-104.8511963,-105.9036353,-264.8712158,-261.2135925,-263.1545453,13.25490421,1,63.43418443,2.840336616,15699.7,561.8,126.953,191.722,140.1,0.662172311993407,18185.4,0.86,0.48,3.66,0.63,29208.05,1
3337,3.05,0.914398193,0.286590576,15.65725803,6.715793296,-98.14559937,-101.8328659,-271.5768127,-257.8608093,-267.2404071,0,0,7.055597755,41.24810994,27387.3,662.1,140.671,253.655,146.9,0.554576097455205,28479.13,0.96,0.32,13.72,0.79,27833.21,1
3338,1.52,0.304794312,0.405281365,3.974972963,2.01138254,-159.1056061,-160.9359666,-210.0072021,-205.1304016,-207.9606885,7.629564233,0,60.01923863,7.629564233,29223.4,663,152.194,256.584,27.1,0.593154678389923,29965.17,0.98,0.43,4.88,0.84,51047.06,0
3339,2.13,0.609588623,0.286579579,5.488297939,2.171889824,-174.3456116,-175.3706698,-194.7671967,-191.4143982,-193.5596518,34.47533859,2,39.0286852,8.456215126,22851.1,613,118.766,241.385,173.8,0.492018973838474,23902.22,0.96,0.37,3.35,0.77,57778.06,0
3340,2.44,0,0,2.085469723,0.908701346,-173.7360077,-174.0521025,-195.0720062,-194.157608,-194.8292903,79.73265985,0,20.88236329,0,7829.8,334.6,82.812,115.482,146.8,0.717098768639268,8065.12,0.97,0.3,0.91,0.88,57145.91,0
3341,0.91,0,0.405283928,2.181553364,1.146932196,-188.3664093,-188.4099535,-180.7463989,-180.136795,-180.543202,73.81253306,0,14.76250661,0,3020.7,199.2,57.268,68.853,176.3,0.831742988686041,3029.87,1,0.4,0.61,0.96,64216.6,0
3342,1.83,0.609603882,0,6.149578094,2.400374693,-125.5776062,-127.6438719,-243.535202,-238.6584015,-241.2740118,11.13549254,0,75.26057023,0.767965002,38710.5,859.4,147.709,364.523,56.3,0.405211742468925,40853.62,0.95,0.47,4.88,0.66,37111.66,1
3343,27.43,16.15438843,0.640818119,19.04301453,9.948937555,-67.05599976,-81.59871401,-303.8855896,-267.6144104,-287.4940474,13.01556211,2,8.970184694,6.331895078,169020.2,1953.5,441.593,586.315,158.2,0.753166813061238,198488.51,0.85,0.45,36.27,0.56,21491.18,1
3344,1.83,0.609603882,0.286581129,2.716772556,1.608465465,-146.9136047,-147.5382018,-222.1992035,-220.3704071,-221.3822384,42.19133143,1,34.07761385,4.056858789,18319.8,493.6,142.51,166.672,0.1,0.855032638955553,18506.84,0.99,0.47,1.83,0.95,45172.49,0
3345,6.1,4.572021484,0.286552042,15.89199924,5.025725194,-99.36480713,-114.5657028,-270.6624146,-237.1343994,-254.3882602,5.356746442,2,53.89812779,5.29061377,224762.5,3180.5,354.218,1258.147,135.6,0.281539438555272,375926.7,0.6,0.49,33.53,0.28,32243.84,1
3346,11.58,4.572006226,0,14.85029221,5.629646506,-121.9200134,-129.7052684,-247.1928101,-219.7608032,-239.1971334,25.57120213,1,29.76487929,17.49070226,145321.1,1500.2,373.397,492.394,28.7,0.75832971157244,153398.16,0.95,0.29,27.43,0.81,37910.14,1
3347,2.74,0.914398193,0.40526399,5.887372017,2.94625888,-1.219207764,-2.90718349,-368.1983948,-363.3215942,-366.0763797,0,0,36.44182852,6.911381272,23657.4,565.9,165.48,186.132,128.1,0.889046483140997,24182.27,0.98,0.44,4.88,0.93,4611.39,2
3348,7.32,2.743209839,0.286580116,8.832150459,3.50094543,-170.3832092,-172.9929313,-199.0344086,-191.7192078,-195.960651,15.51791118,2,15.34548994,6.379585706,86208.3,1537.3,281.388,519.858,155.3,0.541278579919901,110693.5,0.78,0.43,7.32,0.46,56640.64,0
3349,7.92,4.571990967,0.640792966,8.052570343,5.024468442,-170.3832092,-174.8906118,-198.729599,-188.0615997,-194.1421353,21.81282839,1,42.72923917,11.65342887,49745.2,827.1,239.002,267.569,24.6,0.893235016014561,50727.46,0.98,0.43,10.67,0.92,57547.51,0
3350,1.52,0,0,3.338383198,1.51611427,-132.5880127,-133.3129409,-236.5247955,-234.3912048,-235.5911808,22.60957918,0,65.11558804,0.904383167,16435.7,551.5,91.224,226.4,144.7,0.402932862190813,17375.82,0.95,0.46,2.13,0.68,39328.02,1
3351,3.35,0.30480957,0,3.200815201,1.217369,-174.0408173,-174.5635164,-195.0720062,-192.9384003,-194.3340657,30.70655922,2,62.30316363,0.445022597,33400.9,768.2,196.113,252.134,80.5,0.777812591717103,36253.66,0.92,0.36,2.13,0.71,57390.68,0
3352,0.91,0.304794312,0,4.715894222,2.348356043,-188.3664093,-189.4504651,-180.7463989,-177.0888062,-179.4984463,38.82868984,0,32.19940133,20.83490675,15695.3,489.1,118.589,189.541,115.2,0.625664104336265,16195.3,0.97,0.35,3.66,0.83,64745.04,0
3353,2.13,0.609603882,0.810533881,6.149650097,3.401695387,-150.8760071,-152.1142607,-218.2368011,-214.5792084,-216.9756927,40.93400125,1,19.18781308,7.675125231,11620,388.5,118.051,118.355,180,0.997431456212243,11651.38,1,0.35,3.66,0.97,47138.6,0
3354,7.92,4.876800537,0.810552716,10.06027508,6.271768279,-173.1264191,-177.0905054,-196.5960083,-188.0615997,-192.1018953,28.90442399,1,23.23688987,3.967273882,26226.8,594.6,176.826,199.198,159,0.887689635438107,26690.07,0.98,0.53,8.53,0.93,58607.81,0
3355,0.3,0,0,4.851955414,1.701803204,-160.0200043,-161.2665885,-208.7880096,-205.7400055,-207.6326835,13.29541183,1,68.89440675,6.043369012,24595.8,711.2,129.517,287.458,0.4,0.450559733943741,26771.98,0.92,0.39,3.05,0.61,51196.57,0
3356,5.18,3.962402344,0.286596775,15.17676353,6.526021219,-98.45040894,-102.5885193,-271.8815918,-260.6040039,-266.5410291,18.38935316,2,22.69324432,9.390307997,37990.2,827.3,165.536,319.656,170.5,0.517856695948144,41329.39,0.92,0.48,11.28,0.7,28085.91,1
3357,2.44,0.304794312,0,5.49581337,2.382846052,-186.5376129,-187.7722055,-182.5751953,-178.3079987,-181.1466441,0,0,43.59380022,3.963072746,15002.6,486.5,123.595,170.656,160.4,0.724234717794862,15885.84,0.94,0.34,4.27,0.8,63893.79,0
3358,1.52,0,0.286585301,4.620019436,2.418665835,-178.0032043,-178.9374891,-191.1096039,-188.6712036,-190.0693074,26.36784016,0,32.95980019,39.55176023,6764.7,307.6,89.455,109.585,34.7,0.816306976319752,6924.05,0.98,0.44,2.44,0.9,59505.5,0
3359,5.79,1.828796387,0.640822649,6.023366451,3.534811978,-153.9240112,-155.8510681,-215.4936066,-210.3119965,-213.1755197,36.83577841,1,27.45939846,6.027672831,22193.9,541.6,163.03,174.866,34.3,0.932313886061327,22460.55,0.99,0.46,5.18,0.95,48775.19,0
3360,7.62,1.524002075,0.28658244,25.2234993,8.651166424,-125.8824158,-142.0535589,-243.2304077,-187.7568054,-226.8701971,18.32187359,0,13.28028422,28.52801794,120880.5,1706.3,394.872,551.943,68.8,0.715421701153924,154986.54,0.78,0.3,55.47,0.52,42871.18,1
3361,19.81,15.84957886,0.286584616,24.71149254,8.679311898,-66.14160156,-90.19493726,-303.8855896,-248.4120026,-278.8088168,3.766324363,6,28.80341394,4.268500945,414392.1,5329.7,587.725,2101.055,30.4,0.279728517340098,811408.44,0.51,0.45,55.47,0.18,24085.47,1
3362,4.57,2.133590698,0,6.654381275,2.636190737,-170.9928131,-172.740665,-198.1199951,-193.8527985,-196.1602876,36.75197064,1,47.34713335,3.973186014,44893.4,835.2,214.222,307.988,159.4,0.69555307349637,47170.33,0.95,0.47,4.27,0.81,56520.62,0
3363,2.44,2.438400269,0,7.942629337,3.587048155,-128.0160065,-130.9050989,-241.0968018,-232.5624084,-238.0366452,25.38959344,1,22.82210646,12.26688222,52104.4,913.1,270.883,306.063,71.4,0.88505634460879,56893.23,0.92,0.36,8.53,0.79,38378.81,1
3364,3.96,0.914413452,0,4.65515852,1.661256984,-155.7528076,-156.1914263,-213.6648102,-211.8359985,-212.7801383,23.06465818,1,67.98004515,0,12244.7,415.9,98.529,158.319,25.7,0.622344759630872,12376.02,0.99,0.51,1.83,0.89,48925.65,0
3365,2.13,1.219207764,0,6.904137611,3.330595101,-178.6128082,-180.641908,-190.1952057,-185.6231995,-188.3455024,6.760364601,1,43.94236991,11.83063805,26384.6,616.1,150.356,227.706,81.9,0.660307589611165,26971.89,0.98,0.41,4.57,0.88,60339.95,0
3366,0.61,0.304794312,0.405313015,5.627151489,2.401463451,-153.9240112,-154.529433,-215.188797,-212.7503967,-214.3871378,0,0,50.54398231,24.54993427,10292.9,387.8,93.796,142.966,90.1,0.656072073080313,10382.34,0.99,0.34,2.44,0.86,48193.17,0
3367,11.89,8.839202881,0.286601186,15.63376713,6.434566403,-106.3752136,-114.9331329,-263.3471985,-245.9736023,-254.1047062,11.07031808,2,26.31206036,12.03295443,92646.5,1517.3,275.223,542.013,141,0.507779333706018,116479.91,0.8,0.54,17.37,0.51,32375.93,1
3368,6.4,0.914398193,0,7.300688267,2.710360636,-152.7048187,-155.3356357,-216.1031952,-206.959198,-213.5606371,20.69480415,0,26.46220859,6.954811232,87627.1,1706.7,322.42,558.683,99.1,0.577107232545111,125853.99,0.7,0.28,9.14,0.38,48547.79,0
3369,24.99,2.133590698,0,20.94900131,4.993080789,-124.3584137,-138.2640523,-244.4496002,-210.9216003,-230.6275322,21.95087655,1,32.52521907,5.433024262,407647.2,5603.3,549.442,1904.607,93,0.288480510677531,766759.55,0.53,0.41,33.53,0.16,41316.27,1
3370,0.91,0,0,3.043684244,1.287316645,-163.9824066,-164.4421932,-205.1304016,-203.9112091,-204.4846414,1.647761158,0,88.97910247,6.591044625,9020.8,353.3,100.734,104.492,19.2,0.96403552425066,9188.67,0.98,0.58,1.22,0.91,52643.72,0
3371,70.1,0,1.812063694,28.92042542,14.02450783,70.10400391,48.29153972,-438.9120178,-393.8016052,-417.229494,0,0,0,73.70277212,27831.4,760.3,173.837,233.666,163.7,0.743955046947352,32346.03,0.86,0.48,45.11,0.61,279.17,2
3372,0.3,0,0.28658995,4.522117138,1.860270762,-156.3624115,-156.7907773,-212.7503967,-211.2264099,-212.2149436,0,0,2.716395244,92.35743826,5472,271.7,75.707,92.497,27.3,0.81848059937079,5573.63,0.98,0.38,1.52,0.93,49191.15,0
3373,4.57,2.438400269,0,8.210044861,3.319964158,-147.2184143,-150.8522919,-221.8944092,-211.2264099,-218.0677983,30.10998118,0,20.52953262,16.81466481,76023.9,1206.8,307.346,387.906,66.1,0.792320819992472,84054.17,0.9,0.36,10.67,0.66,46592.21,0
3374,0.3,0,0.286602736,3.097035885,1.830014036,-153.6192169,-155.1652453,-215.4936066,-211.8359985,-213.7529376,0,0,53.35309066,29.77846921,11979.8,447.4,103.686,169.358,46.6,0.612229714569138,12776.07,0.94,0.49,3.66,0.75,48472.74,0
3375,18.29,13.71600342,0,18.9384861,6.087483444,-74.98080444,-91.48766794,-295.3511963,-259.9944153,-277.5465892,3.981472695,2,37.13156057,11.07888054,171733.1,2444,247.808,1051.756,174.8,0.235613583378654,205898.85,0.83,0.5,35.36,0.36,24488.39,1
3376,66.75,0,3.264215946,25.02958298,15.13031996,66.14160156,47.42169331,-434.9496155,-391.0584106,-416.2979634,0,0,0,0.386512723,38457.1,804,201.167,271.04,78.9,0.742204102715466,41948.88,0.92,0.43,43.89,0.75,309,2
3377,0.3,0,0,8.022954941,3.462371538,-123.1392059,-124.3658445,-245.9736023,-241.7064056,-244.5945695,0,0,31.88224081,28.20352072,12121.7,442.3,88.739,173.177,78.7,0.512417930787576,12677.19,0.96,0.33,4.27,0.78,35859.42,1
3378,1.22,0,0,3.239074707,1.36455571,-158.8008118,-159.1610277,-210.0072021,-209.092804,-209.778604,50.54188844,0,39.05509561,0,6470.1,300.3,81.679,105.689,91.3,0.772824040344785,6536.05,0.99,0.28,0.91,0.9,50248.17,0
3379,3.66,3.04800415,0.906237423,8.854902267,4.841386755,-111.5568237,-114.0473141,-258.7752075,-252.0696106,-255.1176017,23.65442256,1,10.13760967,11.82721128,17594.8,513.6,137.514,185.046,137,0.743134139619338,18395.49,0.96,0.55,6.71,0.84,32057.94,1
3380,1.83,0,0.64085108,3.083777905,1.870245159,-115.2144165,-115.6095225,-253.898407,-252.6791992,-253.4807129,87.38863992,0,7.28238666,0,4082.2,232.1,69.579,70.047,92.3,0.993318771681871,4087.2,1,0.37,1.22,0.95,32619.8,1
3381,2.44,0.609603882,0.573182523,3.482359648,2.003476483,-157.8864136,-158.8969186,-211.2264099,-208.1784058,-210.0374084,38.86273487,0,44.28544207,10.84541438,16446.6,478.5,127.265,167.776,51.4,0.758541150104902,16849.6,0.98,0.4,3.05,0.9,50129.83,0
3382,2.13,0.914398193,0,7.17855072,2.790210437,-181.0512085,-183.7212294,-188.0615997,-181.3560028,-185.1720379,26.37089187,0,48.05910201,4.189767869,60311.3,1213.4,187.549,523.506,152.5,0.3582556837935,68478.95,0.88,0.44,6.71,0.52,61862.25,0
3383,6.1,3.04800415,1.670687318,10.15400791,6.066314229,-105.1560059,-108.3564126,-265.1759949,-256.336792,-260.8494253,32.5926068,1,22.16297262,4.562964951,22802.9,584,139.211,211.961,80.8,0.656776482466114,23686.36,0.96,0.5,8.84,0.84,30052.45,1
3384,74.68,0.30480957,0,21.11480522,9.477036968,74.3711853,64.23659291,-443.4840088,-413.3088074,-433.2044765,0,0,0,80.07105964,30258.8,793.6,176.435,269.137,149.7,0.655558321598294,34633.84,0.87,0.34,30.18,0.61,0.58,2
3385,75.29,0.914398193,0.640813172,20.90668869,6.872889725,74.67599487,71.73942189,-444.0935974,-431.2919922,-440.8489616,0,0,0,74.59918923,13748.5,463.9,127.121,144.953,21.3,0.876980814470897,14271.87,0.96,0.26,12.8,0.8,45.42,2
3386,0.91,0.914398193,0,7.496198654,2.823127682,-132.892807,-135.1561971,-236.2200012,-229.20961,-233.7403072,2.900650217,1,63.16971585,10.31342299,46119.8,855.2,223.585,302.702,68.9,0.738630732535629,48314.55,0.95,0.36,7.01,0.79,40062.5,1
3387,2.13,0.30480957,0,2.863600254,1.594415414,-137.1600037,-137.7737878,-231.6480103,-230.1240082,-231.1678389,66.27973492,0,16.23177181,1.352647653,10988.9,388.9,104.665,144.985,135.5,0.721902265751629,11147.4,0.99,0.34,1.52,0.92,41117.21,1
3388,2.13,1.524002075,0.640809178,11.61986637,6.177554371,-133.5024109,-143.1539321,-235.6103973,-211.8359985,-225.7897084,8.483814489,1,27.1796279,21.68085925,94611.2,1208.2,320.29,414.088,45.5,0.77348293116439,98862.19,0.96,0.41,23.77,0.82,43328.06,1
3389,1.83,0,0,1.81202817,0.692362732,-187.4520111,-187.7267587,-181.3560028,-180.7463989,-181.1198917,0,0,97.20927119,2.901769288,10244.9,440,97.64,163.818,139.5,0.596027298587457,11574.07,0.89,0.46,0.61,0.67,63870.81,0
3390,0.91,0,0,2.59352088,1.235324281,-182.8800049,-183.5372372,-185.928009,-184.404007,-185.3660274,28.45916154,0,71.14790385,0,9401.4,404.5,80.823,157.826,153.5,0.512101935042388,10171.58,0.92,0.39,1.52,0.72,61770.76,0
3391,17.37,13.41119385,0.640814424,19.31387138,7.480479464,-99.97439575,-113.3637892,-270.357605,-240.1824036,-255.6599782,7.162892657,2,35.12128012,10.74433898,128659.9,1726.8,263.417,699.859,18.9,0.376385814856993,149243.21,0.86,0.49,30.18,0.54,31813.64,1
3392,8.53,7.010406494,0.286594868,18.02542496,7.806103462,-118.2624054,-124.3799393,-252.0696106,-234.6959991,-244.7578023,20.85591917,1,26.81475322,7.448542562,39911.5,782.8,187.901,291.859,103.6,0.643807454969694,41247.1,0.97,0.42,17.37,0.82,35864.76,1
3393,3.66,0,0,1.742779613,0.795894148,-143.8656158,-144.0595759,-224.9423981,-224.6376038,-224.8093969,80.55153001,0,5.492149773,0,8119.3,361.9,68.769,143.881,134.8,0.4779574787498,8356.36,0.97,0.65,0.3,0.78,43705.91,1
3394,0.3,0,0,1.620813727,0.855391899,-166.1160126,-166.1261724,-202.9967957,-202.6920013,-202.8342387,10.52793682,0,94.7514314,0,4235.6,240.7,57.412,82.063,90,0.69960883711295,4235.63,1,0.79,0.3,0.92,53419.31,0
3395,0.91,0,0.640828848,2.561767101,1.57579407,-179.2224121,-179.9278046,-189.5856018,-188.0615997,-188.984712,0,0,55.16279006,38.61395304,5389.2,274.7,76.026,91.559,62.7,0.830349829071965,5497.19,0.98,0.42,1.52,0.9,59989.63,0
3396,1.22,0.609588623,0,8.988711357,3.330307347,-174.0408173,-178.1734073,-194.7671967,-182.8800049,-190.7316765,15.06303319,0,34.7934851,30.55037717,70062.5,1406,258.055,431.193,70,0.598467507589409,92914.95,0.75,0.34,11.89,0.45,59133.31,0
3397,8.53,1.524002075,0,23.28229141,3.466495059,-124.9680176,-127.3642176,-244.1448059,-229.20961,-241.5351105,21.00301778,1,59.88979327,1.039753356,71479.2,1246.2,231.677,466.984,134.2,0.496113357202816,85511.01,0.84,0.18,14.94,0.58,37003.99,1
3398,4.57,2.438415527,0.286581308,7.21221447,3.783117305,-106.0704041,-108.9675346,-263.6520081,-256.336792,-260.0736517,21.59216878,1,14.06001688,29.62646413,29601.4,683.2,166.663,239.772,108.5,0.695089501693275,31694.82,0.93,0.5,7.32,0.8,30264.7,1
3399,3.35,1.524002075,0,7.58673954,2.862370678,-158.1912079,-161.0567192,-210.9216003,-202.9967957,-207.8567775,27.18313863,0,25.90892901,16.77709337,69992.3,1676.2,203.257,702.051,178.5,0.289518852618969,93237.62,0.75,0.39,7.92,0.31,51101.64,0
3400,90.83,0,0.286584139,14.37213516,7.849049181,90.52560425,88.53053839,-459.6383972,-453.8471985,-457.5879295,15.44706874,0,10.29804582,10.29804584,2886.8,193.8,54.27,65.794,115.8,0.824847250509165,2895.69,1,0.36,5.79,0.97,553.69,2
3401,2.44,0.609588623,0,11.83210373,4.078317897,-167.0304108,-169.299607,-202.0823975,-191.7192078,-199.5860555,22.1743486,0,32.11457383,16.82191963,38879.2,857.1,167.142,356.016,17.5,0.469478899824727,41343.42,0.94,0.24,10.36,0.67,54896.31,0
3402,2.13,0.609603882,0.573194921,3.720584631,1.82743299,-162.4584045,-163.2595227,-206.6544037,-204.5207977,-205.6779645,48.25612619,0,40.35966918,2.632152337,16941.4,482.8,134.3,161.532,104.2,0.83141420894931,17238.05,0.98,0.48,2.13,0.92,52102.41,0
3403,0.3,0,0,10.64541626,3.563805629,-106.3752136,-107.2896136,-262.7376099,-258.7752075,-261.7395319,0,0,36.8207524,30.68396033,7266.4,310,81.712,106.396,0.5,0.767998796947254,7270.73,1,0.26,3.96,0.95,29683.71,1
3404,0.3,0,0,2.309433699,0.877728742,-136.2456055,-136.5582262,-232.5624084,-231.6480103,-232.3162192,1.292671133,0,98.24300614,0,11498.8,409.3,106.867,150.045,158.1,0.712232996767637,11931.18,0.96,0.3,0.91,0.86,40625.72,1
3405,93.88,0.30480957,0.2866126,17.55564308,7.472134026,93.57357788,89.16854994,-462.6864014,-447.1416016,-458.1221694,29.38781572,0,10.22184895,32.58214352,23266.5,632.6,155.087,228.725,71.5,0.67805006011586,24934.89,0.93,0.3,15.54,0.73,584.12,2
3406,0.61,0.609603882,0.405305177,5.713099957,3.563783638,-123.4440155,-125.222844,-245.668808,-240.1824036,-243.7350717,0,0,50.87174649,29.18870701,17823.5,484.2,139.713,173.137,46.6,0.806950565159382,17885.75,1,0.36,5.49,0.96,36184.73,1
3407,1.22,0,0,2.291623354,0.819166878,-188.6712189,-188.8426657,-180.136795,-179.5272064,-180.032022,0,0,60.67786668,33.70992593,4409.4,249.6,57.366,93.134,179.3,0.615951210084395,4409.61,1,0.21,0.61,0.89,64436.1,0
3408,20.42,16.459198,0,24.21161652,8.930054868,-76.80960083,-97.4767981,-294.1319885,-242.9255981,-271.6037343,4.000267521,3,16.2952074,5.6474365,252673.5,3138.3,406.643,1083.164,114.5,0.375421450491338,352841.37,0.72,0.44,51.21,0.32,26398.71,1
3409,85.04,0,0.28658545,21.81172943,12.22962118,84.73440552,77.85032553,-453.8471985,-433.7304077,-446.7425585,5.923062081,0,3.948708057,5.264944074,22585.8,882.5,117.22,378.098,96.8,0.31002544313908,30498.71,0.74,0.35,20.12,0.37,165.13,2
3410,3.05,1.219192505,0.286595136,4.467897892,2.099205593,-145.6944122,-147.1377599,-223.418396,-219.4560089,-221.7634747,25.40840204,1,41.20281412,1.373427137,43290.7,907.9,188.85,343.281,172.6,0.550132398821956,48792.98,0.89,0.43,3.96,0.66,45002.43,0
3411,0.91,0.609603882,0,4.93533802,1.302200497,-151.1808167,-151.6395825,-217.9320068,-215.188797,-217.2187072,38.74696665,0,25.8313111,2.066504889,28771.6,681.4,164.705,261.416,156.9,0.630049423141659,30427.63,0.95,0.27,2.74,0.78,46932.71,0
3412,91.14,0.30480957,1.281576633,11.98191357,4.370590489,90.52560425,89.62071991,-459.9432068,-456.5903931,-458.8573589,72.01156274,0,9.392812541,3.130937513,4747.5,249.5,69.438,82.61,93.5,0.840551991284348,4752.4,1,0.33,3.35,0.96,606.18,2
3413,2.44,0.914398193,0,3.458830833,1.526482993,-165.5064087,-166.5090024,-203.6063995,-201.1679993,-202.3794664,34.01331817,0,60.29633676,2.576766529,28842.6,695.8,150.369,268.041,172.1,0.560992534724165,30742.74,0.94,0.52,2.44,0.75,53596.42,0
3414,0.91,0.304794312,0,5.065464497,2.209046562,-181.3560181,-182.5587365,-187.4519959,-184.0991974,-186.35225,23.67277677,0,43.9637283,14.20366606,21976.5,555.9,135.338,206.277,19.2,0.65609835318528,22258.57,0.99,0.34,3.35,0.9,61285.33,0
3415,89.31,0,0.573215485,8.855099678,3.06525903,88.69677734,87.34905932,-458.1144104,-454.4568176,-456.3370148,0,0,31.17502774,43.16542303,12396.7,505.7,88.293,198.03,79.7,0.445856688380548,14430.06,0.86,0.5,3.66,0.61,499.48,2
3416,95.4,1.524017334,0,18.04137802,4.348400089,95.09759521,90.81223562,-464.2104187,-445.3128052,-459.7183586,7.415496757,1,46.11512045,9.153503809,128286.1,2464.2,234.725,1009.664,86.5,0.232478329424442,174111.83,0.74,0.24,18.9,0.27,666.27,2
3417,1.52,0,0,2.005446196,1.003456791,-141.4272156,-141.842847,-227.3807983,-226.4664001,-227.0760031,0,0,102.0287592,0,4807.6,295.6,62.286,109.569,161.6,0.568463707800564,5208.17,0.92,0.37,0.91,0.69,42783.96,1
3418,3.35,0.914398193,0,2.561791182,1.429367069,-161.239212,-161.9579918,-207.8735962,-206.0447998,-206.945556,48.43167709,1,30.5492117,0.745102724,19949.1,535.2,135.646,193.897,161.7,0.699577610793359,20388.67,0.98,0.54,1.83,0.88,51509.93,0
3419,85.95,0.304779053,0.286587,18.58807182,4.676818329,85.64880371,84.0476736,-454.7615967,-445.9223938,-453.00258,0,0,61.92068183,20.21899815,11762.5,407.5,119.563,131.097,63.1,0.912019344454869,12093.86,0.97,0.2,8.84,0.89,362.81,2
3420,3.96,2.133605957,0.286614925,7.877213001,5.214943721,-101.1936035,-104.0082469,-268.8336182,-260.6040039,-265.1521916,27.76922133,1,12.25112706,13.06786886,18199.3,485.8,140.145,165.898,45.4,0.844766061073672,18208.03,1,0.45,8.23,0.97,28563.79,1
3421,0.61,0,0,4.852173805,2.241225975,-158.4960175,-163.0111675,-210.616806,-201.4728088,-205.8713314,0,0,11.41239643,60.97480378,45586,953.3,166.834,386.621,179.9,0.431518205167334,49837.58,0.91,0.52,9.14,0.63,51989.09,0
3422,1.22,0,0,3.540644169,1.747347611,-173.1264191,-174.7520112,-195.6815948,-191.1096039,-194.1485708,14.07503897,0,34.81720168,44.4474915,20065.2,704.3,133.92,251.909,9.2,0.531620545514452,24080.08,0.83,0.34,4.57,0.51,57481.03,0
3423,5.49,1.828796387,0.573188901,6.520000935,3.135439725,-177.69841,-179.4913523,-191.4143982,-186.5375977,-189.4545799,38.19615057,1,25.91881646,5.45659294,32688.8,695.1,158.613,256.623,82,0.618077880782315,33553.02,0.97,0.41,4.88,0.85,59776.02,0
3424,8.23,1.828811646,0,14.08545494,4.124851601,-150.8760071,-155.9118915,-217.9320068,-199.3392029,-212.97257,41.03937315,0,21.12918221,6.257488578,182907.1,2303.1,350.395,881.368,141.9,0.397558114204282,234959.05,0.78,0.27,18.59,0.43,48802.06,0
3425,1.22,0.914413452,0,11.12009716,3.249351467,-162.7632141,-165.0106333,-206.3496094,-189.8903961,-203.8734442,33.27141364,0,24.45898516,3.417064103,82649.5,1719.7,248.359,709.954,108.4,0.349824073108962,112529.67,0.73,0.15,16.46,0.35,52904.89,0
3426,13.41,7.924804688,1.742833853,18.21957397,9.66299676,-92.04962158,-103.7602604,-278.2824097,-246.2783966,-265.3636575,21.02960707,1,9.326173569,17.7380164,81284.3,1181.5,283.044,392.955,85.1,0.720296217124098,87831.86,0.93,0.4,32,0.73,28480.03,1
3427,2.13,0.609603882,0,5.152978897,2.24374446,-155.7528076,-157.2891679,-213.3600006,-207.5688019,-211.6273108,35.05597107,0,22.47177633,7.640403951,33072.9,709.9,197.913,234.056,113.8,0.845579690330519,35356.05,0.94,0.3,5.79,0.83,49412.47,0
3428,11.89,8.534423828,1.543098331,13.34539986,7.600466366,-89.30639648,-96.00794759,-281.3304138,-264.8712158,-273.1841139,26.57846208,0,26.57846208,6.976846297,44740.4,804.6,212.191,297.03,33.8,0.714375652291014,45819.5,0.98,0.5,16.46,0.87,25923.56,1
3429,1.52,1.524017334,0,13.87927341,3.332761656,-96.92642212,-105.6966498,-271.8815918,-255.4224091,-263.1979939,2.178125331,2,44.36921972,8.4704874,184255.6,3362.9,471.25,1142.68,1.5,0.412407673189344,428176.73,0.43,0.53,16.46,0.21,29137.35,1
3430,4.27,3.962402344,0.906269252,15.923913,9.096772311,-123.7488098,-128.0544802,-248.1072083,-234.6959991,-241.3512969,0,0,29.08365894,15.51128477,15332.5,465.9,129.254,154.077,90,0.838892242190593,15807.7,0.97,0.51,13.41,0.89,37270.03,1
3431,64.01,0,3.81825757,15.97954655,10.49065669,63.09359741,56.56874475,-431.9016113,-417.2712097,-425.5504243,0,0,0,10.38698953,12879.3,462.5,89.751,174.365,108.2,0.514730593869183,13790.91,0.93,0.44,14.63,0.76,71.09,2
3432,12.8,9.753601074,2.577770948,16.38968086,10.58454934,-92.96401978,-100.8272015,-277.6727905,-259.9944153,-268.6179738,20.62141883,1,8.14003375,9.768040498,27390.8,601,166.785,191.304,90,0.871832266967758,27561.63,0.99,0.52,17.68,0.96,27498.66,1
3433,0.61,0,0.640881777,2.561854839,1.425152746,-186.8424072,-187.3994598,-181.9656067,-180.7463989,-181.4821267,0,0,75.93786126,10.8482659,4110.6,231.2,68.842,80.408,0.7,0.856158591184957,4112.26,1,0.43,1.22,0.97,63705.49,0
3434,1.83,1.219192505,0.40531835,4.733521938,2.737768276,-180.4416046,-181.3002541,-188.9759979,-186.2328033,-187.7568036,51.13044977,0,33.23479235,5.113044975,11628.4,390.6,118.088,121.571,123.5,0.97135007526466,11702.24,0.99,0.46,2.74,0.96,60663.82,0
3435,46.33,0,4.165788174,24.28795815,12.63297982,45.41519165,36.02463274,-414.2232056,-392.5823975,-404.9219512,0,0,0,3.161547763,23507.7,658.7,122.268,273.455,101.5,0.447122926989816,24836.36,0.95,0.43,21.64,0.68,839.57,2
3436,16.15,7.010391235,0.286617517,24.73264885,6.380624059,-117.3480072,-131.5950794,-251.764801,-202.0823975,-237.313291,13.33956847,1,36.02298213,11.80275182,241800.9,3049.9,446.359,962.105,85.5,0.463940006548142,330291.11,0.73,0.29,49.68,0.33,38649.63,1
3437,3.35,0,0,2.181725502,0.818620774,-179.5272064,-180.0831889,-189.2808075,-188.0615997,-188.7869145,50.55985653,0,46.81468198,0,15875.5,589.6,101.62,213.187,106.6,0.476670716319475,18364.16,0.86,0.44,1.22,0.58,60065.77,0
3438,0.61,0.30480957,0,4.860773563,2.013347939,-135.6360168,-136.3744428,-233.4768066,-231.3432007,-232.5309804,0,0,63.01801908,13.43006964,14388.2,456.3,114.824,179.034,64.6,0.641353039087548,14559.73,0.99,0.47,2.13,0.87,40551.67,1
3439,1.83,0,0,2.640606403,0.974595982,-143.8656158,-144.2307013,-224.9423981,-223.7232056,-224.6576987,54.3245969,0,45.45527496,1.108665242,13407.2,462.5,103.26,173.798,134.4,0.594138022301753,14051.51,0.95,0.25,1.22,0.79,43777.49,1
3440,10.97,9.448791504,0,18.27843475,7.272589221,-85.95361328,-106.1471115,-283.7687988,-232.5624084,-262.8518348,3.475389248,4,39.30785081,5.752368411,248064.4,3432.8,579.29,1152.463,104.4,0.502653881295972,435583.07,0.57,0.41,51.21,0.27,29291.33,1
3441,5.18,3.352798462,0.64088124,6.305938244,3.753416119,-184.0992126,-186.6922875,-185.3184052,-179.8320007,-182.3431894,25.4003197,1,47.75260104,10.66813427,29259.8,639.1,180.412,207.128,46.2,0.871016955698892,30020.96,0.97,0.55,5.49,0.9,63349.01,0
3442,0.61,0,0,4.046633244,2.081333279,-185.6232147,-186.9235605,-183.4896088,-179.2223969,-181.9992486,9.098344341,1,53.94018431,25.99526954,22872.1,608.4,141.946,224.205,164.7,0.633108093039852,24699.12,0.93,0.36,4.27,0.78,63465.48,0
3443,2.13,0.609603882,0,8.092858315,3.654344971,-159.4104156,-165.2683308,-209.7024078,-195.0720062,-203.6646939,15.98937374,0,50.51715182,12.04996282,64144.2,1188.7,165.277,495.598,7.9,0.333490046368226,71019.1,0.9,0.42,14.63,0.57,53023.5,0
3444,2.44,1.828796387,0,7.978069782,3.705724414,-156.3624115,-162.1591373,-213.0552063,-200.2536011,-206.7483509,6.325478926,2,53.41515537,4.498118347,105744.8,1677.7,203.449,705.127,6.4,0.288528165848138,121567.48,0.87,0.5,12.8,0.47,51601.27,0
3445,1.52,0,0,3.201140404,1.207467718,-174.0408173,-174.5197828,-194.7671967,-193.5480042,-194.3796701,58.89524569,0,40.2211434,1.436469407,10347.7,378.5,93.628,130.416,0.3,0.717918046865415,10463.11,0.99,0.35,1.22,0.91,57369.73,0
3446,0.3,0.304794312,0,4.126514912,1.633361103,-136.8552094,-137.3873991,-231.9528046,-230.4288025,-231.5560816,0,0,86.52258334,3.265003145,9105.1,352,99.291,123.427,56.2,0.804451214077957,9234.49,0.99,0.28,1.52,0.93,40960.66,1
3447,0.61,0,0.640883565,13.46235371,6.043802448,-108.5088196,-112.7568418,-260.6040039,-249.3264008,-256.2639564,0,0,10.59764373,61.09229916,23844,632.3,137.274,224.883,150.9,0.610424087192006,26022.71,0.92,0.39,11.28,0.75,31597.49,1
3448,9.75,8.229598999,0.286610156,14.912076,6.272964411,-119.1768036,-127.0775481,-251.4600067,-237.1343994,-242.0713608,12.88383994,1,30.72300294,13.21419481,44994.5,970.9,168.261,388.836,92.8,0.432729994136345,50540.67,0.89,0.66,14.33,0.6,36893.78,1
3449,1.22,0.609588623,0,12.34154701,3.926275249,-99.6696167,-102.4138751,-269.4432068,-259.6896057,-266.4943176,1.729402828,1,46.3479958,15.91050602,42974.8,835.6,185.674,313.478,140,0.592303128130204,45573.91,0.94,0.31,9.75,0.78,28027.41,1
3450,6.71,5.181610107,1.461137533,9.378116608,5.976561144,-145.0848084,-149.3421792,-225.2472076,-215.188797,-219.8492926,21.9503933,1,31.58715134,24.62727053,27764,610.9,182.165,198.534,70.4,0.917550646236917,28264.83,0.98,0.54,10.06,0.94,45942.57,0
3451,20.73,15.5447998,0.640850306,14.41979027,7.355362374,-146.6088104,-157.9334571,-223.1136017,-200.2536011,-211.0416409,16.12348905,1,28.49732949,17.15464242,158565.7,1587.8,417.665,525.553,161.6,0.794715280856545,167947.02,0.94,0.53,22.86,0.79,49699.33,0
3452,0.3,0,0.286611438,3.0972054,1.696138055,-154.5336151,-155.405969,-214.2743988,-212.4456024,-213.5596997,0,0,85.31201626,3.412480652,4355.8,255,66.609,89.901,161.7,0.740915006507158,4552.35,0.96,0.41,1.83,0.84,48578.79,0
3453,1.52,0,0,6.070731163,1.790974073,-179.2224121,-180.1066052,-189.5856018,-185.6231995,-188.7412248,0,0,66.84158468,5.871220277,32912,731.7,153.454,287.887,141.1,0.533035531302212,34610.37,0.95,0.22,3.96,0.77,60077.25,0
3454,0.91,0.914413452,0,4.733617306,2.09104933,-188.3664093,-189.1005838,-181.0512085,-178.0032043,-179.8373014,10.31039352,1,73.89115358,6.01439622,17300,493.7,120.227,184.643,115.9,0.651132184810689,17544.65,0.99,0.41,3.05,0.89,64567.11,0
3455,2.74,1.524002075,0.286610931,5.113578796,3.559136333,-129.5400085,-131.1157707,-239.8776093,-235.9152069,-237.9740396,0,0,49.26876762,9.295993889,15989.8,471.8,131.776,154.841,72.2,0.851040745022313,16448.24,0.97,0.49,3.96,0.9,38461.4,1
3456,0.3,0,0.286610663,4.357235432,2.124340687,-168.5544128,-169.0708788,-200.5583954,-198.729599,-199.9318678,0,0,101.3527638,2.895793251,5133,262.5,77.192,86.766,135.1,0.889657239010672,5236.44,0.98,0.36,1.83,0.94,54789.18,0
3457,8.23,0.914413452,0,5.547613144,1.832985834,-151.7904053,-154.5806163,-217.0176086,-207.8735962,-214.2741103,26.51737736,0,43.78228852,2.956973734,155831.1,2411,216.586,1074.825,135.1,0.20150815248994,182555.8,0.85,0.3,9.14,0.34,48215.65,0
3458,5.79,4.267196655,0.810613036,7.043293953,4.144307225,-128.320816,-131.2926115,-241.7064056,-235.6103973,-237.8202021,14.89976829,1,16.09174976,5.959907316,24940.2,591,166.097,202.782,59.6,0.819091438096083,25705.42,0.97,0.65,6.1,0.9,38530.79,1
3459,0.61,0,0.286611974,4.126567364,1.469531526,-182.5752106,-183.0097124,-186.5375977,-185.0135956,-185.9215182,0,0,92.2243384,6.288023078,7091.6,353.3,68.398,141.417,90.2,0.483661794550867,7551.43,0.94,0.43,1.52,0.72,61508.82,0
3460,4.88,0.914398193,0,8.297821045,3.461963024,-145.6944122,-148.7234974,-223.1136017,-212.4456024,-220.1739923,36.46132614,0,26.45233465,14.77517791,62373.3,960.6,240.107,337.254,72.4,0.711947078463117,63968.7,0.98,0.28,10.67,0.85,45677.73,0
3461,0.3,0.30480957,0.286612242,3.447182894,1.49219713,-189.5856171,-190.1180953,-179.5272064,-177.3936005,-178.7743815,0,0,88.89478169,4.938598982,12039.2,405.3,105.905,141.773,0.7,0.747004013458134,12171.32,0.99,0.37,2.13,0.92,65085.24,0
3462,2.44,1.219207764,0.640894532,5.113629341,2.852269831,-168.5544128,-169.8453293,-200.863205,-197.2055969,-199.1499471,34.90559671,1,29.7343972,17.45279836,22995.3,561.7,154.692,191.64,89.3,0.807201001878522,23335.48,0.99,0.48,3.66,0.92,55152.33,0
3463,0.61,0.304794312,0,4.357218266,2.138143862,-168.5544128,-169.5030581,-200.5583954,-197.5104065,-199.3905732,3.957659769,1,74.06477567,3.392279802,26290.5,644.2,150.142,239.956,56.2,0.625706379502909,28192.45,0.93,0.4,3.05,0.8,54991.68,0
3464,1.83,0.914398193,0,3.7317729,2.076971661,-170.6880188,-172.0393957,-198.1199951,-194.7671967,-196.8665893,32.08496981,1,45.83567116,6.11142282,29186.3,646.3,178.678,218.348,153.8,0.818317548134171,30064.04,0.97,0.39,3.35,0.88,56187.68,0
3465,0.61,0,0,2.362200022,1.470438526,-194.157608,-194.5894114,-174.6504059,-173.7360077,-174.3710028,0,0,103.9058689,0,3433.3,214.8,57.665,69.215,90.8,0.833128657083002,3434.3,1,0.34,0.91,0.94,67386.66,0
3466,1.52,0.304794312,0,2.863816261,1.069597272,-148.7424164,-149.2588066,-220.0655975,-218.846405,-219.6398908,51.07864765,0,23.44593663,0,17751.3,523.2,136.339,185.908,134.5,0.733368117563526,18764.62,0.95,0.38,1.22,0.82,45906.84,0
3467,3.35,0,0.286612749,9.276237488,3.439798124,-153.6192169,-155.9826201,-215.188797,-207.5688019,-212.8689366,0,0,27.64669495,55.29338991,18817.6,592.1,120.64,231.381,174.7,0.52139112545974,20733.05,0.91,0.31,7.62,0.68,48833.32,0
3468,0.3,0,0,2.447410584,0.936007991,-146.6088104,-147.0870303,-222.1992035,-220.9799957,-221.7682799,0,0,98.28071987,0,17241.6,537.8,102.137,220.755,140.5,0.462671287173563,17997.9,0.96,0.39,1.22,0.75,44980.91,0
3469,0.91,0.30480957,0,3.043981552,1.708642286,-191.1096191,-191.7900973,-178.0032043,-175.8695984,-177.127786,19.49276917,1,74.53117622,2.293266961,12963.3,436.2,105.281,162.913,161.2,0.646240631502704,13312.51,0.97,0.43,2.13,0.86,65941.15,0
3470,1.83,0,0,0.90628922,0.601149792,-178.9176178,-179.1148376,-189.8903961,-189.5856018,-189.7648926,0,0,51.99522016,46.2179735,2572.9,183.6,49.68,65.522,27.5,0.758218613595434,2572.88,1,0.61,0.3,0.96,59592.05,0
3471,1.52,0.304794312,0,3.892501831,1.816574739,-191.1096191,-192.2867014,-177.6983948,-174.040802,-176.6075383,38.21320367,0,25.69508523,23.71854021,22560.8,564.9,161.628,193.588,166.1,0.834907122342294,23255.7,0.97,0.31,3.66,0.89,66196.45,0
3472,0.61,0.609603882,0.40535,7.713092804,4.825982733,-115.5192108,-118.0073742,-253.898407,-245.9736023,-251.0059128,0,0,9.423267799,34.55198192,14196.5,432.3,117.999,143.105,179.1,0.824562384263303,14220.48,1,0.37,7.92,0.96,33491.7,1
3473,1.52,0,0,5.057706833,2.349264315,-171.602417,-172.3967403,-197.5104065,-194.4624023,-196.5452023,39.81153663,0,47.46760137,6.124851786,9707.4,371.5,101.151,136.333,43.5,0.741940689341539,10003.6,0.97,0.33,3.05,0.89,56357.21,0
3474,6.71,2.438400269,0.286613524,6.470563412,3.102403837,-126.796814,-129.8002585,-242.3160095,-234.3912048,-239.1138342,30.34203133,1,37.9854438,22.00376318,64175.1,961.8,234.343,355.835,61.2,0.658572090997232,65747.02,0.98,0.41,7.92,0.87,37947.14,1
3475,4.57,2.743209839,0.640888095,4.919155121,2.913343154,-149.0472107,-150.8838672,-220.3704071,-216.4080048,-218.0985428,26.0006508,1,53.04132764,4.680117143,28584.2,634.7,173.18,234.451,153.3,0.738661809930433,29367.29,0.97,0.59,3.96,0.89,46605.84,0
3476,87.48,4.267211914,0,24.45500565,8.476074032,86.86798096,3.652461992,-456.285614,-263.3471985,-372.6060818,2.394308224,1,10.36801359,34.88221523,676684.6,9458.1,822.412,3505.373,71.5,0.234614690077204,1900000,0.36,0.43,192.94,0.1,3763.52,2
3477,3.96,0.609603882,0,8.989351273,2.079411664,-146.6088104,-147.6469094,-222.1992035,-218.5415955,-221.2055714,63.81113452,0,16.21866336,1.86115809,55905.5,1060.4,162.114,451.17,111,0.359319103663807,58772.02,0.95,0.28,3.66,0.63,45218.71,0
3478,4.88,3.352813721,0.573244512,12.39482403,6.473225193,-103.632019,-111.2249539,-265.785614,-244.7544098,-257.8528442,12.8142739,1,24.58248462,9.153052781,56838.4,1044.2,279.614,314.72,15.2,0.888453228266395,65263.09,0.87,0.38,21.03,0.66,31055.23,1
3479,7.62,4.267196655,0,8.827771187,3.176973003,-133.1976166,-137.3289547,-235.9152069,-226.7712097,-231.5497449,7.657084529,3,38.61594428,2.203477562,269830.6,4116.2,254.943,1736.053,168.9,0.146852083432937,399315.99,0.68,0.48,9.14,0.2,40937.01,1
3480,2.13,0,0,3.338795424,1.435844037,-131.0640106,-132.2639901,-237.7440033,-235.0008087,-236.6044346,0,0,78.86611115,9.971577273,16397.2,556.4,102.383,224.151,165.8,0.456759059740978,17890.31,0.92,0.43,2.74,0.67,38913.08,1
3481,1.22,1.219192505,0,17.91464233,8.250396209,-132.2832184,-141.7062994,-237.1343994,-212.7503967,-227.2704762,1.426288101,1,25.3879282,19.68277579,52107.8,931.6,193.197,347.714,86.4,0.555620423681531,55151.9,0.94,0.41,24.38,0.76,42727.49,1
3482,36.27,0,0.906282544,15.72782898,8.92744528,35.96640015,27.00926154,-405.0791931,-380.3904114,-396.0041473,0,0,0,33.05202211,25184.3,693,133.884,265.995,172.4,0.503332769412959,27680.45,0.91,0.37,24.69,0.66,1443.3,2
3483,1.83,0.304794312,0,3.540875196,1.456975007,-148.7424164,-149.3380282,-220.0655975,-218.5415955,-219.5510784,67.64038643,0,13.71088914,0.914059276,16261.7,499.5,118.956,197.041,118.4,0.603711917824209,16670.32,0.98,0.36,1.52,0.82,45940.79,0
3484,20.42,12.19200134,0,23.83094215,8.465420931,-107.8992004,-121.4838646,-261.8232117,-232.8672028,-247.5621173,13.46756176,1,16.51682103,12.0699846,116992.2,1480.5,273.275,570.943,112,0.478637972617231,128594.97,0.91,0.49,28.96,0.67,34776.23,1
3485,1.52,0,0,2.640668392,1.116468082,-195.9864044,-197.0244108,-172.8216095,-169.1640015,-171.8340035,44.13311315,0,36.10891076,6.820572033,37048.3,991.3,191.646,366.992,33.4,0.522207568557353,48027.72,0.77,0.28,3.66,0.47,68656.79,0
3486,7.92,4.876800537,0.405335933,7.749424934,4.54421625,-144.780014,-148.833548,-224.6376038,-216.4080048,-220.1901554,20.0258116,1,43.72302199,11.01419638,44535,783.6,234.117,242.322,174.3,0.966140094584891,45839.93,0.97,0.55,8.23,0.91,45724.79,0
3487,3.96,2.133590698,0.859799504,5.634923935,3.079626846,-192.633606,-194.5184656,-176.7839966,-172.8216095,-174.5032582,27.71783784,1,53.12585586,4.61963964,25740.8,585.6,166.837,191.471,0,0.871343441043291,26065.18,0.99,0.59,3.96,0.95,67349.83,0
3488,3.05,0.304794312,0,3.239328861,1.345891532,-158.8008118,-160.0209259,-210.0072021,-207.2640076,-208.8539058,27.56622911,1,57.55586298,2.423404757,49068.6,1356.8,221.042,511.059,24.7,0.432517576248535,74786.88,0.66,0.44,2.74,0.34,50634.42,0
3489,1.52,0,0.810637891,6.514186382,3.544317789,-182.8800049,-184.6364225,-186.2328033,-181.3560028,-184.3278019,23.87992676,0,18.85257376,37.70514751,11826.6,397.4,113.317,133.748,128.1,0.847242575589915,12002.07,0.99,0.4,4.88,0.94,62318.34,0
3490,11.89,2.743209839,0,16.33849525,4.827395992,-156.0576172,-163.7299799,-213.0552063,-181.6607971,-205.1582231,16.18832998,2,41.10895414,2.686859748,221286.5,3397.4,365.89,1159.526,139.5,0.315551354605244,344957.55,0.64,0.25,31.39,0.24,52317.4,0
3491,7.62,0.609603882,0,3.351075649,1.379018714,-152.7048187,-153.2998217,-216.4080048,-214.5792084,-215.560073,52.95961542,0,34.23651905,0,27786.3,649.1,149.353,238.108,166.4,0.627248979454701,28798.15,0.96,0.49,1.83,0.83,47654.81,0
3492,12.8,12.80160522,0.640865982,21.75110435,9.182773865,-93.87841797,-110.5930912,-275.8439941,-236.5247955,-258.4520071,3.789677205,3,12.1996458,6.073866205,286325.8,3663.5,349.326,1524.72,44.3,0.229108295293562,391099.89,0.73,0.44,39.32,0.27,30832.93,1
3493,2.44,2.133605957,0,7.496797085,2.80615241,-137.4648132,-143.0211653,-231.6480103,-218.846405,-225.8585517,9.11245236,2,28.07620457,3.940519939,181062.1,2845.2,228.215,1268.888,10.5,0.179854329144889,242659.1,0.75,0.46,12.8,0.28,43272.81,1
3494,1.83,0,0,3.044084311,1.133034962,-174.9552155,-175.2118848,-193.8527985,-192.9384003,-193.6843591,0,0,12.97874457,77.87246739,5726.3,298.5,74.568,112.062,162.3,0.665417358248113,5947.15,0.96,0.21,0.91,0.81,57701.75,0
3495,2.74,0.609603882,0.573232412,6.781290054,4.23842851,-117.9576111,-118.9316429,-251.764801,-248.4120026,-250.406456,0,0,68.67798592,4.4308378,6709.4,297.3,81.745,94.276,89.5,0.867081759938903,6717.54,1,0.42,3.35,0.96,33830.85,1
3496,19.51,16.15438843,0,27.12380028,11.305724,-99.6696167,-118.6259768,-270.9671936,-223.1136017,-250.5663675,7.933335438,3,25.97527571,11.90000316,116165.1,1615.5,343.205,525.618,114.6,0.652955187988235,133307.27,0.87,0.43,47.85,0.56,33718.5,1
3497,6.71,3.352813721,0,19.05623055,8.071696079,5.48638916,-17.44259948,-375.5136108,-316.0776062,-351.5386663,1.312552824,1,8.239914954,28.43864453,203842.9,3205.1,271.237,1294.275,126.4,0.209566745861583,294858.16,0.69,0.4,59.44,0.25,6796.78,2
3498,2.13,0,0.810646713,2.878167391,1.528297431,-195.3768158,-197.1022437,-173.7360077,-170.0783997,-171.8117872,0,0,89.25142295,1.700027104,17486.9,566,91.896,234.313,116.3,0.392193348213714,18357.47,0.95,0.54,3.66,0.69,68697.59,0
3499,0.91,0,0,2.309642076,1.250351053,-183.1848145,-183.6250786,-185.6231995,-184.7088013,-185.3296899,3.898399277,0,97.45998185,0,3812.9,237.7,56.201,92.385,0,0.608334686366834,3849.35,0.99,0.36,0.91,0.85,61814.43,0
3500,15.24,11.27760315,0.286621541,21.17184639,8.260266156,-115.2144165,-124.9431158,-256.6416016,-235.305603,-244.2410202,10.02404883,1,26.50804023,9.133022266,66728.2,1319.2,201.133,537.501,111.8,0.374200234046076,78159.39,0.85,0.58,21.34,0.48,36078.39,1
3501,2.13,0.609603882,0.405341089,4.44080925,1.72548922,-176.4792175,-177.3531127,-192.633606,-189.8903961,-191.5529485,24.37525385,0,50.83981518,5.571486596,21343.2,559.7,141.522,202.849,180,0.69767166710213,21996.55,0.97,0.41,2.74,0.86,58735.03,0
3502,28.96,26.82241821,0,33.66695404,9.634879942,-100.8888245,-127.3551773,-269.7480164,-213.6648102,-241.6483649,2.595145168,8,24.99880346,2.168095963,452486.2,5390.9,475.473,2263.41,80.1,0.210069320185031,740297.07,0.61,0.5,56.08,0.2,37000.51,1
3503,4.88,2.133605957,0.405344009,5.270321846,2.661031,-195.0720062,-197.3305794,-174.040802,-168.8592072,-171.6054505,18.97056206,1,45.26309544,2.329718147,44661.6,914.6,188.415,354.405,102.1,0.531637533330512,49353.35,0.9,0.48,5.18,0.67,68817.33,0
3504,7.92,3.962402344,0,9.525035858,3.681744504,-189.5856171,-193.1240208,-179.5272064,-170.6880035,-175.8050032,21.34435565,1,32.7680953,10.07092837,98888.4,1546.1,337.618,543.074,45.1,0.621679550116559,125353.04,0.79,0.43,8.84,0.52,66628.01,0
3505,3.35,1.828811646,0.859854996,5.113808632,2.577423314,-195.6816101,-197.2478603,-173.7360077,-170.0783997,-171.7216068,28.69054483,1,33.6371905,6.43063936,30048.9,659.7,164.401,241.863,173.9,0.679727779776154,30845.17,0.97,0.57,3.66,0.87,68773.94,0
3506,2.74,0.914398193,0,6.33820343,2.594636915,-183.7944183,-186.6929209,-185.3184052,-177.0888062,-182.2069985,23.83939031,0,53.63862819,6.344353872,77315.5,1426.9,271.053,485.593,12,0.558189677363553,99755.99,0.78,0.38,8.23,0.48,63349.33,0
3507,1.52,0.914398193,0.640892029,3.731937647,2.185040359,-198.7296143,-199.5186746,-170.6880035,-168.2496033,-169.4488622,24.85296086,1,49.70592172,7.647064876,15550.2,460.5,120.173,158.848,76.2,0.756528253424657,15785.08,0.99,0.53,2.44,0.92,69970.13,0
3508,4.88,0,0.405346572,5.153437614,3.57455738,-163.0680084,-164.3397632,-206.0447998,-202.9967957,-204.6469269,7.007275317,0,49.05092721,42.04365189,4242.5,238.5,69.521,80.52,177.2,0.863400397416791,4264.93,0.99,0.47,3.05,0.94,52596.73,0
3509,46.33,0,0,8.900716782,5.168737644,46.32958984,42.57627049,-415.1376038,-405.3840027,-411.4674118,0,0,0,29.78413437,17467.2,549,93.644,227.348,0.1,0.411897179654099,17875.97,0.98,0.38,9.75,0.73,502.82,2
3510,0.91,0,0,1.812242508,0.853549669,-166.7256165,-167.1021292,-202.0823975,-201.1679993,-201.7716256,0,0,100.4434178,0,7547.2,363.8,75.625,140.148,115.2,0.539608128549819,8156.76,0.93,0.38,0.91,0.72,53871.4,0
3511,0.61,0.304794312,0.286623895,4.096981049,1.765177709,-174.3456116,-175.6673734,-194.7671967,-190.5,-193.2172013,0,0,73.4130778,18.5916236,31180.8,686.2,160.922,262.3,159.9,0.613503621807091,32282.73,0.97,0.37,4.27,0.83,57920.78,0
3512,5.18,3.04800415,0.28662622,5.888307095,3.545587651,-176.174408,-178.5506319,-193.2432098,-187.7568054,-190.4244124,24.53114505,1,25.33544489,5.630098862,36961.7,716.4,183.243,265.982,59.6,0.688930077975201,37450.89,0.99,0.52,5.49,0.91,59316.91,0
3513,20.73,18.5927887,0.640920639,22.57214928,7.980690863,-115.8240051,-133.4907279,-254.5079956,-217.9320068,-235.4822407,9.948452296,2,20.23995467,5.71750132,259976.2,2972.7,261.014,1321.3,52.1,0.197543328540074,289911.86,0.9,0.52,36.58,0.37,39398.57,1
3514,7.62,0.914398193,0,4.066956043,1.837397807,-152.4000092,-153.403663,-216.4080048,-214.2743988,-215.5037059,44.36363294,1,47.13636,1.109090824,26804.2,613.4,154.593,215.918,0,0.715980140608935,27337.28,0.98,0.44,2.13,0.9,47700.16,0
3515,1.52,0,0,3.338947296,1.529762735,-200.863205,-201.1680113,-168.2496033,-167.0303955,-167.9287607,55.8381612,0,35.53337533,0,2928.2,212.4,56.356,69.019,180,0.816528781929614,3096.3,0.95,0.29,1.22,0.82,70845.41,0
3516,1.52,0,0,3.985956907,1.584365675,-198.1200104,-198.88201,-170.6880035,-168.2496033,-170.0022039,5.893028908,0,82.5024047,1.309561979,22700.9,623.7,116.385,259.138,139.9,0.449123632967762,23661.49,0.96,0.29,2.44,0.74,69633.72,0
3517,0.61,0.304794312,0.286629587,3.239515781,1.759843242,-168.5544128,-168.9637135,-200.5583954,-199.3392029,-199.9923442,21.10999605,1,71.77398658,1.407333069,10561.9,378.8,104.025,123.762,112.3,0.840524555194648,10744.18,0.98,0.51,1.22,0.93,54739.02,0
3518,3.35,1.219192505,0,4.440925121,2.868943841,-199.3392181,-200.3164577,-170.0783997,-167.0303955,-168.711515,49.11410274,0,32.74273515,1.023210473,14527,437.1,125.629,143.594,103.8,0.874890315751355,14689.41,0.99,0.46,3.05,0.96,70392.82,0
3519,0.91,0,0,2.44758296,1.076038009,-200.863205,-201.1033543,-167.944809,-167.3352051,-167.8062605,21.19861876,0,57.53910803,0,4908.3,277.6,61.104,108.667,165.7,0.562305023604222,5064.87,0.97,0.27,0.61,0.8,70811,0
3520,2.44,0,0,0.906373441,0.701132332,-148.4376068,-148.4376068,-220.6752014,-220.3704071,-220.5024846,103.0824441,0,0,0,4325.9,237.6,68.749,80.976,90.6,0.849004643351116,4339.22,1,0.84,0.3,0.97,45555.61,0
3521,1.52,0,0,2.237585545,1.008720198,-192.3288116,-192.4868543,-176.7839966,-175.8695984,-176.4001804,89.38682019,0,7.448901684,0,3991,243.6,66.475,86.474,160.5,0.768728172629923,4162.85,0.96,0.47,0.91,0.85,66299.48,0
3522,6.4,0.304794312,0,4.366891861,1.390925146,-153.9240112,-154.7866518,-215.188797,-212.7503967,-214.0874977,25.85146002,0,69.56392877,1.410079638,31624.1,734.5,171.697,270.294,21.8,0.635223127409414,33962.31,0.93,0.47,2.44,0.74,48306.17,0
3523,1.22,0.914413452,0,4.655805111,1.972774487,-190.8048096,-192.0924368,-178.6128082,-174.6504059,-176.8140668,16.89674014,0,55.86269188,5.862134333,43105.5,854.5,184.747,332.651,11.4,0.555377858476301,45620.35,0.94,0.47,3.96,0.74,66096.52,0
3524,1.22,1.219192505,0,10.05353737,3.189069195,-127.1016083,-134.7199585,-241.7064056,-221.8944092,-234.181077,3.450997068,3,61.50443664,3.987818835,193824.1,3233.8,598.303,1086.001,9.2,0.550923065448374,407228.65,0.48,0.38,19.81,0.23,39888.06,1
3525,1.83,0.304794312,0.286632687,2.820817947,1.520479013,-201.4728088,-202.1642998,-167.6399994,-165.5064087,-166.8029387,60.71480014,0,19.73231005,18.21444004,9792.8,398.6,93.691,140.958,177.9,0.664673165056258,10525.41,0.93,0.41,2.13,0.78,71376.76,0
3526,3.96,2.133605957,0.640937388,6.508261204,3.214114384,-154.5336151,-157.0082962,-214.5792084,-208.1784058,-211.9593749,23.14403581,1,16.75947421,31.92280802,37250.2,745.1,166.595,290.509,161.4,0.57345899782795,37917.88,0.98,0.42,6.4,0.85,49287.68,0
3527,6.1,0,2.82079792,11.0721159,7.51453975,5.79119873,-6.110185632,-374.9039917,-346.8623962,-362.8126601,0,0,0,64.96420647,32032.7,801.8,165.969,264.717,90,0.626967667357971,35394.05,0.91,0.43,28.04,0.63,5056.66,2
3528,3.35,3.04800415,0.405358285,5.943250656,3.149727855,-177.3936157,-179.7328015,-191.7192078,-187.1472015,-189.2186477,21.18735309,1,39.23583906,9.808959766,37884.1,741.6,178.571,279.825,103.7,0.638152416689002,38678.05,0.98,0.56,4.57,0.87,59894.14,0
3529,0.61,0.609603882,0.286634505,3.494593859,1.793445209,-138.6840057,-139.360417,-230.4288025,-228.9048004,-229.5770337,0,0,86.48573028,2.745578738,10827.7,387.2,106.467,143.387,34.8,0.742515011821155,11019.87,0.98,0.6,1.52,0.91,41763.18,1
3530,7.62,5.486404419,0,18.20346832,5.971364472,-121.6152039,-130.4846801,-248.1072083,-231.6480103,-238.6042005,11.05336554,1,45.59513286,7.36891036,64548.6,1316.5,220.39,502.204,161.1,0.438845568733025,78029.61,0.83,0.58,16.46,0.47,38214.26,1
3531,24.38,18.89758301,0.286617309,45.21886826,7.789156186,-77.41921997,-98.41882931,-294.4367981,-248.1072083,-270.5880655,3.580668727,2,32.92077516,35.59291601,278131.7,2622.7,559.691,853.777,57.3,0.655547057369782,333611.86,0.83,0.52,46.33,0.51,26705.71,1
3532,4.57,3.352798462,0.405360758,8.09851265,3.318070181,-145.6944122,-149.3341105,-223.418396,-214.5792084,-219.5600214,23.61927915,1,42.48299875,6.499264734,93769,1428.9,288.736,545.159,180,0.529636307939519,110254.05,0.85,0.44,8.84,0.58,45939.11,0
3533,1.83,0.30480957,0,2.447566509,1.094753608,-169.1640167,-169.36584,-199.9488068,-199.0344086,-199.5410278,83.36507775,0,5.466562473,0,10876.4,382.5,104.851,139.755,162.2,0.750248649422203,10922.42,1,0.5,0.91,0.94,54927.35,0
3534,3.05,1.524002075,0,4.576483727,2.764846244,-173.1264191,-174.4679763,-195.9864044,-193.2432098,-194.5113486,38.14373121,1,27.87426512,2.93413317,20263.8,521,142.488,179.203,0.2,0.795120617400378,20367.36,0.99,0.56,2.74,0.94,57344.91,0
3535,2.13,1.219207764,0,26.57931137,6.700857857,-133.8072052,-139.3947002,-235.305603,-208.1784058,-229.5909859,4.294036258,1,44.96108551,5.556988097,58846.8,1350.8,231.719,459.592,124.7,0.504184145938136,83285.24,0.71,0.21,27.13,0.41,41777.19,1
3536,3.35,0,0,2.181967258,0.909839737,-156.6672058,-157.3749661,-212.1408081,-210.3119965,-211.4588784,0.570877357,0,99.90353747,0,26037.4,602.7,173.568,204.561,122.8,0.848490181412879,26812.28,0.97,0.39,1.83,0.9,49450.63,0
3537,0.61,0,0.286636055,2.447588682,0.976242269,-158.8008118,-158.9532098,-210.3119965,-209.7024078,-209.9394701,2.883327285,0,100.916455,0,5155.2,277,73.499,90.738,123.7,0.810013445304062,5465.62,0.94,0.73,0.61,0.85,50155.04,0
3538,3.66,1.219207764,0.640936732,8.600790024,4.939153689,-164.2872162,-165.0581759,-206.3496094,-202.387207,-204.4759791,78.42767008,0,6.032897699,3.016448848,4927.7,261.2,78.269,85.698,161,0.913311862587225,5019.05,0.98,0.49,3.96,0.91,52926.76,0
3539,9.14,0.609588623,0,5.548123837,1.715619301,-148.1328125,-151.649465,-220.9799957,-210.9216003,-217.2081361,24.91578527,0,62.64287857,0.795184636,168234.2,2833.6,330.768,1163.03,151.6,0.284401950078674,262372.28,0.64,0.38,10.06,0.26,46936.99,0
3540,1.52,0.609588623,0,5.270555496,2.365677365,-156.3624115,-158.4159733,-212.7503967,-206.6544037,-210.4742707,1.083175799,0,57.4083173,29.60680515,41168.2,812.5,203.645,293.963,105.8,0.692757251762977,42616.44,0.97,0.38,6.1,0.79,49914.7,0
3541,0.61,0.609603882,0,7.672010899,2.792161928,-136.2456055,-138.6364738,-232.8672028,-227.076004,-230.318348,1.262997753,0,23.99695731,10.10398203,35306.8,910.2,163.084,353.566,111.6,0.461254758658921,44255.59,0.8,0.45,5.79,0.54,41467.81,1
3542,1.22,0,0,1.621091604,0.67953618,-152.4000092,-152.5662689,-216.4080048,-216.1031952,-216.2860809,78.7929081,0,5.497179635,0,8111.9,338.2,81.658,129.773,179.8,0.629237206506746,8194.93,0.99,0.6,0.3,0.89,47335.08,0
3543,1.52,0.609603882,0.286651701,5.153650761,2.705726062,-201.1680145,-202.929684,-167.944809,-163.0680084,-166.0343587,33.39202241,0,37.56602521,10.73315006,24927.9,584.9,154.876,208.327,133.3,0.743427400192966,25380.01,0.98,0.4,4.88,0.92,71786.32,0
3544,10.67,8.229598999,0,18.09085274,6.089906708,-159.1056061,-170.0034037,-210.0072021,-179.5272064,-198.9148545,8.992676464,2,13.69948159,8.265609005,388435.4,4726.7,600.085,1574.24,164.9,0.38119028864722,678192.29,0.57,0.37,30.48,0.22,55226.6,0
3545,1.22,0.30480957,0.859891176,2.820878983,1.858846275,-175.2600098,-175.4886079,-194.157608,-192.9384003,-193.5575294,48.67463373,0,42.18468256,0,4580.7,243.3,69.349,81.96,177,0.846132259638848,4593.2,1,0.54,1.22,0.97,57834.77,0
3546,5.79,2.133605957,0,6.458439827,3.006365096,-174.9552155,-177.607093,-194.157608,-185.0135956,-191.3011681,9.230472257,3,30.90201582,8.160272575,111113,2014.3,441.598,532.052,87.6,0.829990301699834,161233.77,0.69,0.32,9.14,0.34,58858.2,0
3547,7.32,3.657608032,0.286639184,7.394988537,3.760030441,-172.5168152,-175.7895629,-196.5960083,-189.5856018,-193.1593057,26.5735698,1,12.14791763,7.08628528,58732.6,920.8,230.763,317.655,22.3,0.72645794966237,60668.35,0.97,0.5,7.01,0.87,57979.61,0
3548,2.13,0,0.286639422,7.043950081,2.64057978,-165.2016144,-167.4664459,-203.9112091,-198.4248047,-201.5278351,20.20451683,0,52.94976824,5.573659817,21334.8,755,97.411,313.253,52.1,0.310965896575611,24675.8,0.86,0.44,5.49,0.47,54040.65,0
3549,27.13,21.33599854,0,24.28962708,9.28594707,-65.22720337,-82.28461445,-305.4096069,-273.7103882,-286.8095103,2.809567344,4,13.79698249,5.36828046,296270.5,3601.4,361.443,1539.345,12.6,0.234803114311607,424111.15,0.7,0.59,31.7,0.29,21692.76,1
3550,6.1,0.30480957,0.286656111,2.835361004,1.394133957,-141.4272156,-141.8516162,-227.6856079,-225.8567963,-227.087577,74.18190025,0,20.11712549,0,11822.1,405.9,113.167,134.89,116.1,0.838957669211951,12140.74,0.97,0.35,1.83,0.9,42787.59,1
3551,3.96,1.524002075,0.405368179,4.067177773,2.812519426,-167.0304108,-168.438297,-202.0823975,-199.0344086,-200.5777543,38.38605777,1,43.98402453,2.399128612,18586.9,499.9,142.48,166.002,179.9,0.858302912013108,18906.8,0.98,0.51,3.05,0.94,54493.44,0
3552,3.35,1.219207764,0.405370027,4.44107151,2.43810281,-151.7904053,-152.8811608,-217.322403,-214.5792084,-216.0661904,41.32933122,1,46.31735396,4.988022734,20859.8,531.3,142.34,179.18,180,0.794396696059828,21054.96,0.99,0.48,2.74,0.93,47472.2,0
3553,0.91,0.609603882,0,4.759838581,2.044253964,-153.009613,-154.2722162,-215.7984009,-210.9216003,-214.6100689,5.42487722,1,71.79984555,3.510214671,46579.9,955.6,199.581,339.379,167.4,0.588077046605712,54963.19,0.85,0.25,4.88,0.64,48080.3,0
3554,0.91,0,0,2.562161207,1.087291162,-168.2496185,-168.7021941,-200.5583954,-199.3392029,-200.1581583,40.60861624,0,50.7607703,1.015215404,14641.4,475.4,101.688,189.122,128.5,0.53768466915536,15224.77,0.96,0.36,1.22,0.82,54616.72,0
3555,10.67,8.839202881,2.026081324,11.44322586,6.671724799,-109.4232178,-116.0002941,-260.9088135,-248.7167969,-253.1887194,16.23546114,1,47.9512457,8.684083867,39368,732.9,212.907,247.05,10.8,0.861797207043109,40330.15,0.98,0.64,12.19,0.92,32761.11,1
3556,9.14,7.010391235,0.640930831,25.04120827,5.86023799,-131.3688049,-136.7882607,-238.0487976,-223.7232056,-232.2655312,20.51764538,1,59.24108878,1.733885526,51436.4,880.6,215.312,328.783,158.3,0.65487570829392,53041.62,0.97,0.41,14.33,0.84,40718.5,1
3557,1.22,0,0,2.182011127,1.060882134,-200.2536163,-200.4549983,-168.8592072,-167.944809,-168.4673173,38.94707437,0,60.1909331,0,8396.3,344.9,92.768,118.368,1,0.783725331170587,8614.61,0.97,0.48,0.91,0.89,70466.36,0
3558,0.3,0,0,2.309812546,1.340178496,-165.2016144,-166.9809314,-203.6063995,-199.9488068,-201.9082306,1.321975587,0,96.50421783,0.660987793,22487.8,725,102.708,310.059,14.1,0.331253084090447,24678.12,0.91,0.48,3.66,0.54,53815.15,0
3559,1.83,0,0.4053936,8.489048004,3.312039308,-88.69680786,-89.36182658,-280.4160156,-277.6727905,-279.7694619,0,0,30.56830165,42.79562229,4862.6,260.8,66.332,93.424,17.2,0.710010275732146,4907.39,0.99,0.24,2.74,0.9,23827.57,1
3560,5.49,0,0,3.044266462,1.258772568,-141.7320099,-142.191483,-227.076004,-225.8567963,-226.7120648,64.17775272,0,28.35761166,1.492505877,9959.2,371.1,96.796,135.627,103.8,0.713692701305787,10153.14,0.98,0.33,1.22,0.91,42928.31,1
3561,5.49,3.657592773,0.286656886,8.856560707,3.797311565,-199.9488068,-202.8914489,-169.4687958,-162.153595,-166.0783721,26.39557968,1,15.83734781,7.763405787,47866.1,921.2,214.53,302.024,150.3,0.710307790109395,53949.98,0.89,0.47,7.32,0.71,71765.83,0
3562,1.22,0.914398193,0,14.58277702,3.222210677,-170.9928131,-172.0206251,-198.1199951,-193.8527985,-196.8954858,1.751859334,0,77.08181072,2.919765558,25454.3,683.7,113.578,292.131,104.5,0.388791329917058,26177.29,0.97,0.29,4.27,0.69,56178.78,0
3563,2.74,1.219207764,0.405395448,5.153800011,2.653383846,-206.0448151,-207.4954772,-163.0680084,-158.8007965,-161.4752494,44.060298,0,13.44212482,11.94855539,19904.2,521.5,147.479,178.492,114.9,0.82624991596262,20145.26,0.99,0.38,4.27,0.92,74253.79,0
3564,3.05,3.04800415,0.640942991,26.74325943,10.00924988,-119.7864075,-123.9266107,-250.5456085,-235.9152069,-245.4430254,16.13356579,1,19.92969892,10.4393661,15662.4,474.9,119.314,168.382,26.6,0.708591179579765,16028.12,0.98,0.35,14.63,0.87,35693.26,1
3565,4.57,0,0,4.047176361,1.329725353,-142.6464081,-143.0113706,-226.1616058,-224.6376038,-225.8768547,77.00394563,0,6.525758107,9.136061346,11388.8,394,100.376,147.793,54.3,0.679166131007558,11454.82,0.99,0.2,1.52,0.92,43268.73,1
3566,1.83,0.304794312,0,4.376466274,2.093963369,-209.3976135,-210.1637307,-159.7151947,-157.581604,-158.8213961,55.14214896,0,36.31312248,4.034791388,11052,398.3,95.346,150.779,48.9,0.632355964690043,11197.94,0.99,0.44,2.13,0.88,75715.08,0
3567,1.52,0,0,2.430901051,1.293744897,-147.2184143,-147.8668596,-221.5895996,-220.0655975,-221.0278129,52.23845163,0,36.46835303,4.928155813,15080.8,455.6,130.352,142.771,90,0.913014547772307,15334.8,0.98,0.39,1.52,0.92,45312.3,0
3568,11.89,7.924804688,0.405386388,25.28788757,10.27977813,-130.7592163,-142.9665177,-240.7920074,-198.1199951,-226.2028638,16.13260899,1,19.66852329,6.187850023,67260.2,1285.9,272.303,391.68,41.9,0.695218035130719,83738,0.8,0.34,42.67,0.51,43250.07,1
3569,28.35,24.99360657,0.405376613,27.56681633,10.84777054,-115.2144165,-130.8116046,-256.9464111,-225.2472076,-238.3789684,15.42913599,1,6.144346191,17.61379241,108862.1,1284.9,347.592,421.374,165.9,0.824901394011021,114499,0.95,0.59,31.7,0.83,38342.18,1
3570,2.44,0,0,2.309848547,0.73442888,-165.5064087,-165.7916758,-203.3016052,-202.387207,-203.049554,11.91966694,0,75.28210702,0.627350892,23693.5,660.5,117.751,270.164,143.9,0.435850076249982,25089.83,0.94,0.31,0.91,0.68,53264.8,0
3571,2.13,0,0,2.292016506,0.856396924,-153.3144073,-153.4947164,-215.4936066,-214.8840027,-215.356228,87.19519651,0,5.813013101,0,10228.2,382.6,91.961,145.992,129,0.6299043783221,10449.56,0.98,0.27,0.61,0.88,47739.94,0
3572,47.55,0.30480957,0.573313415,5.714149475,2.892083458,46.93917847,46.42337349,-416.3568115,-414.2232056,-415.5205579,0,0,44.86328487,36.9462346,5632.5,294.7,66.33,115.822,25.2,0.572689126418124,5773.14,0.98,0.41,2.13,0.82,345.09,2
3573,1.52,0.304794312,0,5.777616501,2.176443728,-155.4480133,-156.5789043,-213.3600006,-210.3119965,-212.3359319,44.79381871,0,30.32914808,4.199420504,31856.1,722.6,172.371,283.116,39.5,0.608835247742975,33328.15,0.96,0.35,3.05,0.77,49097.21,0
3574,34.75,6.705612183,0,28.86758423,7.5207225,-124.3584137,-146.7901861,-244.4496002,-157.8863983,-222.0998002,5.483385346,4,14.36479387,2.89530194,1596637.8,16987.3,1105.816,5069.762,156.4,0.218119903853475,4500000,0.35,0.26,86.56,0.07,44855.08,0
3575,1.83,0.30480957,0.286664128,1.812354803,1.125174747,-169.1640167,-169.4025514,-199.9488068,-199.0344086,-199.4893927,61.34479457,0,37.40536255,0,9934.5,374.5,93.695,130.107,179.6,0.720138040228427,10085.17,0.99,0.56,0.91,0.89,54944.56,0
3576,5.18,4.876800537,0,20.43322945,6.465633695,-160.3248138,-168.7793107,-209.3975983,-179.5272064,-200.159332,11.3358627,3,15.13839893,1.865395128,207177.4,3553.2,255.962,1509.944,89,0.169517545021537,310313.09,0.67,0.31,29.87,0.21,54652.77,0
3577,0.3,0,0,5.519197941,2.979384421,-206.0448151,-207.2117615,-162.7631989,-160.0200043,-161.813967,0,0,65.42416921,40.50067618,4771.1,246.7,69.78,81.872,0.2,0.852306038694548,4771.13,1,0.36,2.74,0.99,74099.24,0
3578,1.83,0,0.286647975,7.898844719,4.287040961,-169.468811,-176.1098354,-199.6439972,-177.3936005,-192.8751173,11.72839435,0,7.958553308,50.2645472,35486.2,894.6,144.183,362.118,133,0.398165791261412,39386.4,0.9,0.31,22.25,0.56,58133.95,0
3579,8.84,7.924789429,1.181761742,18.23625565,9.161330886,-114.3000183,-121.8833338,-256.336792,-238.0487976,-247.404013,20.35495778,1,12.87762635,4.154073016,35782.1,717.5,191.309,252.39,90,0.757989619240065,36788.24,0.97,0.49,18.29,0.88,34925.38,1
3580,14.02,7.619995117,0,16.57269287,5.789484293,-154.2288055,-181.3293362,-215.188797,-114.604805,-187.5708192,4.055501146,1,21.85076049,21.92068292,425160.9,5242.5,427.433,2066.594,134.3,0.206829691753678,747043.79,0.57,0.27,100.58,0.19,60678.14,0
3581,0.61,0,0,1.834891558,1.117603859,-200.2536163,-200.655946,-168.5543976,-167.6399994,-168.2739856,0,0,93.24072808,4.053944697,3666.6,227.8,60.48,76.161,134.6,0.794107220230827,3780.34,0.97,0.34,0.91,0.89,70573.08,0
3582,6.4,3.962402344,2.237738132,16.92656326,9.742354996,-93.26879883,-97.39240206,-277.3680115,-264.8712158,-272.165888,0.974834456,0,23.39602695,16.57218576,15247.9,446.3,130.257,142.379,1,0.914861039900547,15324.03,1,0.42,12.5,0.96,26371.29,1
3583,1.83,0.30480957,0,2.864230394,1.513472785,-211.5312195,-212.1383152,-157.581604,-155.7528076,-156.7871218,58.21943318,0,20.25023763,6.750079208,17616.6,594.8,130.18,213.413,106.9,0.609990956502181,20249.3,0.87,0.46,1.83,0.63,76805.65,0
3584,1.83,0.30480957,0,2.57819438,1.022140195,-152.7048187,-152.8747041,-216.4080048,-215.4936066,-216.0082605,92.94800807,0,3.319571717,0,8955.5,361.9,81.867,142.027,128.8,0.576418568300394,9059.32,0.99,0.49,0.91,0.86,47469.39,0
3585,3.05,1.219192505,0,4.127139568,2.280482052,-202.0824127,-202.9285361,-167.0303955,-164.5919952,-166.0306583,43.9584474,1,51.95089237,1.598488996,18597.7,499.7,147.636,152.458,17.5,0.968371617101103,18750.73,0.99,0.43,2.44,0.94,71785.7,0
3586,5.18,1.219207764,0,6.051640034,2.224594452,-142.0368042,-143.5731681,-226.7712097,-223.1136017,-225.3419382,41.90254098,0,32.89124185,6.307909397,32990,693.8,184.84,253.597,24.2,0.728872975626683,33857.24,0.97,0.4,3.66,0.86,43502.77,1
3587,9.14,7.010406494,0.640977263,10.78655434,6.218897715,-116.7384033,-120.8915235,-253.898407,-244.7544098,-248.3524057,21.83170542,1,55.97873184,7.837022457,26553.2,602.3,165.754,202.437,90,0.81879300720718,26965.02,0.98,0.61,9.14,0.92,34555.66,1
3588,1.52,0.30480957,0.640958607,8.094199181,3.962551659,-130.1496124,-131.6919725,-239.2680054,-234.6959991,-237.3767735,0,0,47.62894512,25.64635506,12171.2,423.1,120.751,146.271,132.8,0.82552932570366,12646.46,0.96,0.42,4.57,0.86,38687.73,1
3589,1.22,0,0.286642432,10.61059284,4.557964986,-103.9367981,-105.2745438,-265.4808044,-260.2991943,-263.8890678,5.747595761,0,45.98076611,5.747595762,5172.3,316.2,69.51,82.122,0.8,0.846423613647987,5405.94,0.96,0.31,5.18,0.65,28993.42,1
3590,3.05,1.828796387,0.286670357,16.122509,5.744564482,-77.41921997,-88.75315851,-291.6936035,-267.3096008,-280.1770676,7.121484258,1,47.07421798,8.207812365,123146.3,1602.2,283.554,631.902,32,0.448730974106744,140794.01,0.87,0.47,24.38,0.6,23640.03,1
3591,1.52,0,0,2.30990696,1.164704837,-170.0784149,-170.6596593,-198.729599,-196.9008026,-198.2546797,53.55779079,0,46.571992,0,12766.6,509,94.443,212.878,133.1,0.443648474713216,13821.58,0.92,0.27,1.83,0.62,55535.48,0
3592,0.61,0,0.573272586,8.153349876,2.963490284,-104.8511963,-105.896239,-264.2615967,-259.9944153,-263.0672863,0,0,42.95938604,30.68527575,7266.1,328.6,85.998,107.462,21.7,0.80026427946623,7653.01,0.95,0.29,4.27,0.85,29205.52,1
3593,1.22,0,0,5.114416599,2.240954261,-204.2160187,-205.2892985,-164.8968048,-160.3247986,-163.6192353,16.12321723,0,22.57250412,26.87202873,13828.6,457.4,112.57,153.552,168.8,0.73310670001042,14409.42,0.96,0.29,4.57,0.83,73056.3,0
3594,2.74,0.304794312,0,3.45955348,1.783160066,-201.4728088,-201.8507638,-167.6399994,-166.4208069,-167.1157452,66.71263684,0,10.46472736,1.308090918,11363.2,406.4,102.549,147.089,76.2,0.697190136583973,11618.47,0.98,0.47,1.22,0.87,71209.33,0
3595,2.44,0,0,1.621196985,0.705985153,-165.5064087,-165.6696995,-203.3016052,-202.9967957,-203.1927447,90.99907167,0,7.279925731,0,8167.2,336.7,92.211,125.379,117.1,0.735458091067882,8198.85,1,0.53,0.3,0.91,53208.51,0
3596,5.18,2.74319458,0,5.784731865,2.754196637,-207.8736115,-211.0948285,-161.2391968,-155.1432037,-157.8328752,14.31164669,1,47.54377545,8.489959902,61277.7,1174.7,248.9,437.157,123.5,0.569360664475234,72694.29,0.84,0.57,6.1,0.56,76228.35,0
3597,0.3,0,0.286658347,2.237797737,0.922622409,-173.4312134,-173.4627438,-195.6815948,-195.0720062,-195.4608817,0,0,101.6846561,0,4239.2,239,69.452,70.696,177.5,0.982403530609935,4255.11,1,0.43,0.61,0.93,56864.48,0
3598,0.3,0,0.906437993,10.71010494,6.638919522,-191.7192078,-196.8911859,-177.0888062,-165.5064087,-172.0547903,0,0,5.397508375,6.477010053,13769.4,441.6,125.693,148.747,140.5,0.845012000242022,14204.43,0.97,0.44,11.58,0.89,68586.99,0
3599,1.52,0,0.286659122,0.906429291,0.633074333,-165.5064087,-165.5064087,-203.6063995,-203.3016052,-203.4032033,106.5413656,0,0,0,2511.3,179.4,52.494,60.196,45.2,0.872051299089641,2512.84,1,0.99,0.3,0.98,53133.2,0
3600,11.89,8.229598999,0,13.10498142,6.927259812,-127.4064178,-134.2056583,-242.0112,-227.076004,-234.8337888,24.4548709,1,15.65111738,6.456085917,75977.4,1077.3,257.614,395.285,141.7,0.651717115498944,79871.28,0.95,0.48,14.94,0.82,39682.89,1
3601,10.36,6.096008301,0.810762942,13.54936409,8.314452318,-135.3312073,-141.7856648,-234.3912048,-218.5415955,-227.4173328,24.2159165,1,26.45123187,3.725525615,39898.1,718.6,215.572,240.117,180,0.897778999404457,40151.31,0.99,0.44,15.85,0.97,42760.31,1
3602,0.91,0.304794312,0,3.732388496,1.716640402,-204.520813,-205.5864988,-164.5919952,-161.5440063,-163.3149571,6.588915896,1,76.87068547,2.928407066,20303.4,569,119.16,221.123,24,0.538885597608571,20826.75,0.97,0.43,3.05,0.79,73217.05,0
3603,5.18,3.047988892,0.286658347,6.339024067,3.813490659,-200.863205,-203.2871738,-168.5543976,-163.3728027,-165.7582635,25.59182589,1,31.33692966,5.222821612,28460,625.2,165.059,223.466,46.5,0.738631380165215,28874.4,0.99,0.55,5.18,0.92,71978.01,0
3604,1.83,1.219192505,0,6.262074471,2.566694708,-156.9720154,-159.3255193,-211.8359985,-204.8256073,-209.5673854,30.30486218,0,35.83879354,12.38546541,56406,995.5,254.288,317.757,86.5,0.800259317654686,63514.83,0.89,0.33,7.01,0.72,50321.94,0
3605,3.05,1.219207764,0.64100343,7.433434486,3.115920118,-206.9592133,-208.1266537,-162.4584045,-158.8007965,-160.9200242,47.84995449,0,18.18298271,5.741994538,15532,482.6,117.006,172.386,122.1,0.678744213567227,16099.24,0.96,0.43,3.66,0.84,74598.17,0
3606,6.71,0,0,7.776460171,4.213473133,-124.663208,-127.412447,-244.1448059,-238.3536072,-241.5253334,0,0,0,65.57222157,14961.1,509.4,120.769,187.286,133.4,0.644837307647128,16347.95,0.92,0.46,5.79,0.73,37022.55,1
3607,1.52,0,0.286674768,13.0495472,6.407121231,-227.9904175,-231.568114,-141.122406,-129.235199,-137.4204131,0,0,33.97077796,6.993983695,14876.9,453.1,130.445,142.602,90,0.914748741251876,15271.91,0.97,0.31,11.89,0.91,87952.65,0
3608,9.14,7.010406494,0,9.637765884,4.217310759,-141.4272156,-147.7027633,-227.9904022,-216.4080048,-221.2532714,9.635362722,2,17.83261161,8.772494419,103358.6,1551.4,261.583,587.956,62.4,0.444902339630857,126586.34,0.82,0.59,11.58,0.54,45242.47,0
3609,45.42,22.86001587,4.05908E-05,33.44167328,10.61167054,-83.51519775,-111.6089913,-285.9024048,-238.3536072,-257.4728494,5.406852181,6,15.83204022,6.378142991,459104.8,5155.9,647.312,1708.192,60.9,0.378945692287518,790683.48,0.58,0.6,47.55,0.22,31190.74,1
3610,1.22,0.30480957,0,9.9959898,3.599919962,-214.2744141,-217.4535761,-154.8384094,-146.3040009,-151.4818547,10.28029087,1,37.8314704,25.49512135,36147.2,780.3,148.463,311.962,6.3,0.475900911008392,37685.56,0.96,0.4,8.53,0.75,79780.02,0
3611,6.4,6.400787354,0,17.19583511,7.282093474,-74.37121582,-97.9344203,-296.5704041,-248.1072083,-271.0971472,1.74600315,1,25.85747521,6.900869591,178778,2905.4,444.312,912.318,129.1,0.487014396296028,274882.55,0.65,0.53,48.46,0.27,26547.63,1
3612,3.05,1.219192505,0,5.271019459,2.516607963,-212.1408081,-213.2600375,-156.9720001,-153.923996,-155.7089111,28.82147302,1,55.24115661,3.202385894,18566.3,513.7,125.991,197.878,57.8,0.636710498387896,18896.14,0.98,0.43,3.05,0.89,77428.65,0
3613,0.61,0,0,10.66988373,3.906596121,-130.4544067,-132.4461217,-238.3536072,-232.2575989,-236.585237,0,0,30.9270887,51.54514785,17302.3,509.3,113.513,188.373,104,0.602596975150367,17823.25,0.97,0.29,6.1,0.84,38984.97,1
3614,0.3,0,0.286678374,3.483198881,1.766548526,-74.37121582,-74.82429793,-294.7416077,-292.6080017,-294.057858,0,0,71.79056514,24.85058024,5383.3,302,68.469,115.831,122.4,0.591111187851266,5800.02,0.93,0.34,2.13,0.74,19550.83,1
3615,35.36,26.51759338,0.906443238,25.76324272,10.53232774,-94.18319702,-117.9212953,-275.8439941,-227.3807983,-251.1763095,9.732606398,1,27.04640094,16.49420663,145088.9,1702.7,424.11,477.109,65.5,0.88891636921542,167279.09,0.87,0.51,48.46,0.63,33460.2,1
3616,0.3,0,0,3.265032291,1.978181978,-174.0408173,-175.5717393,-195.0720062,-190.8048096,-193.3494205,0,0,61.23021757,21.92192975,19663.4,534.4,128.723,207.103,134.5,0.621540972366407,19948.77,0.99,0.41,4.27,0.87,57874.76,0
3617,4.57,3.04800415,0.573339343,19.27454567,7.913349779,-95.70721436,-105.2274328,-274.6248169,-246.2783966,-263.8773335,5.314284563,1,2.989285067,3.321427853,44752.3,1221.5,141.433,483.219,147.4,0.292689236143446,57840.71,0.77,0.38,28.35,0.38,28977.38,1
3618,18.29,15.24000549,1.671069503,21.35855103,10.00548508,-105.1560059,-118.9712108,-265.785614,-240.4871979,-250.3408033,11.84542868,1,20.53207638,18.68945414,56467.9,887.4,226.6,313.225,90.3,0.723441615452151,57479.48,0.98,0.61,25.3,0.9,33845.41,1
3619,0.61,0,0,4.477992535,1.930779974,-230.7336121,-232.5675494,-138.0744019,-133.8072052,-136.3243702,2.802379456,0,42.59616774,45.95902309,26520.6,736.2,135.976,290.011,93.2,0.46886497408719,30586.09,0.87,0.42,4.27,0.62,88546.45,0
3620,1.22,0.30480957,0,2.309962511,1.14408356,-155.4480133,-155.6419759,-213.6648102,-212.7503967,-213.2553242,52.53871644,0,35.02581096,0,14428.8,470.8,107.387,178.161,115.9,0.602752566498841,15017.37,0.96,0.5,0.91,0.82,48682.88,0
3621,1.22,0.304794312,0,3.265030146,1.147098489,-170.9928131,-171.6440309,-197.8152008,-195.9864044,-197.2104988,46.04783252,0,48.47140266,0,36799,825.3,158.217,333.254,154.5,0.474763993830532,39046.73,0.94,0.35,1.83,0.68,56000.4,0
3622,0.61,0,0.286665589,3.621352196,1.885697174,-163.0680084,-163.9594064,-206.0447998,-203.3016052,-205.0383885,24.96958027,0,13.4451586,34.57326498,7738.8,438.7,68.369,177.758,90.8,0.384618413798535,9289.92,0.83,0.38,2.74,0.51,52422.41,0
3623,1.83,0.609588623,0,5.114526272,1.646324407,-70.40881348,-71.32706938,-299.0087891,-296.2655945,-297.5709699,23.02685317,0,58.84640253,1.27926962,34857.7,792.8,187.438,263.734,67.5,0.71070851691477,39459.98,0.88,0.54,2.74,0.7,18585.07,1
3624,1.22,0,0,2.864344358,1.424882733,-181.3560181,-182.0994263,-187.4519959,-185.6231995,-186.7829285,6.079782161,0,49.85421373,21.88721579,12224.2,422.7,100.944,158.378,108.4,0.637361249668515,12416.57,0.98,0.39,1.83,0.86,61058.13,0
3625,3.96,0.609603882,0,7.481932163,2.019825522,-124.3584137,-128.3928897,-244.4496002,-230.7335968,-240.4796646,5.420087278,1,69.06739789,6.658964371,95984.6,1726,226.984,653.837,90,0.347156860196043,131551.95,0.73,0.29,13.72,0.41,37400.81,1
3626,3.35,0.914398193,0.286661714,3.976148129,1.873549569,-200.863205,-202.3420943,-168.2496033,-164.2872009,-166.5491381,23.03687168,1,59.89586638,1.645490834,45166.3,944.9,181.83,352.604,33.6,0.515677644042609,50758.09,0.89,0.44,3.96,0.64,71471.8,0
3627,1.22,0.914398193,0,8.534423828,3.520259944,-96.62161255,-101.9194994,-272.4912109,-258.4703979,-266.9656198,1.487275711,5,10.06505191,0.899282988,429751,8212.7,179.734,3837.308,1,4.68385649523051E-02,598664.17,0.72,0.4,14.02,0.08,27862.12,1
3628,5.18,2.438400269,0,6.262130737,3.811067836,-119.4816132,-121.2727966,-250.5456085,-245.0592041,-247.7725727,11.95946561,2,11.10521807,10.25097052,34800.6,814.2,134.888,328.688,129.1,0.410383098865794,37497.59,0.93,0.51,5.49,0.66,34697.55,1
3629,2.13,1.219207764,0,4.067582607,2.592348553,-207.8736115,-209.8673957,-160.9344025,-156.6672058,-159.0762402,27.29407911,1,29.60713667,17.5792374,32130.9,675.1,191.142,203.303,89.9,0.940182879741076,33152.24,0.97,0.45,4.27,0.89,75552.09,0
3630,1.83,1.524002075,0,4.585956573,1.967515611,-202.6920166,-204.4951745,-166.4208069,-162.153595,-164.4039946,19.82811382,1,55.45675584,6.506099848,47977.6,956.5,183.576,384.206,99.4,0.477806176894687,52597.13,0.91,0.48,4.27,0.66,72627.65,0
3631,1.52,1.219207764,0.286666632,5.114575863,2.798532746,-207.8736115,-209.4302692,-161.5440063,-156.9720001,-159.5693328,8.64650786,1,43.2325393,11.52867715,20629.1,543.2,138.063,197.388,44.9,0.699449814578394,21427.34,0.96,0.44,4.57,0.88,75311.97,0
3632,2.44,0,0,1.621264338,0.937844181,-165.5064087,-165.7615967,-203.3016052,-202.9967957,-203.1527447,97.75380649,0,4.768478366,0,6234.3,286.4,81.576,94.428,177.8,0.863896301944339,6253.01,1,0.73,0.3,0.96,53250.91,0
3633,0.61,0,0,4.047494888,1.562128468,-176.174408,-177.0837313,-192.9384003,-190.1952057,-191.8055631,1.674332797,0,58.60164787,36.83532152,8877.7,368.8,97.707,122.656,112.8,0.796593725541351,9424.92,0.94,0.43,2.74,0.82,58604.53,0
3634,0.91,0,0,1.81249249,0.670895692,-155.7528076,-155.8971911,-213.0552063,-212.7503967,-212.9589506,74.43437799,0,7.700108072,0,5791.1,286.5,75.937,91.107,13.9,0.833492486856114,6005.95,0.96,0.47,0.3,0.89,48795.57,0
3635,1.52,0,0,2.005892038,0.829511275,-165.2016144,-165.7572858,-203.6063995,-202.387207,-203.1046537,45.11585503,0,48.17455706,0,19438.5,620.4,125.161,240.483,152.8,0.520456747462399,21298.07,0.91,0.45,1.22,0.64,53248.92,0
3636,2.74,0.914398193,1.033499002,4.734556675,3.304596919,-126.796814,-127.6807322,-242.9255981,-239.8776093,-241.4879623,0,0,56.15461368,8.02208767,9264.5,354.2,101.053,122.097,138.5,0.827645232888605,9382.57,0.99,0.49,3.05,0.93,37125.86,1
3637,5.18,0,0,3.893197298,1.526632027,-142.0368042,-143.2141754,-226.7712097,-224.0279999,-225.6416505,25.90362036,0,33.72358122,16.12866928,30412.7,762.3,157.454,277.521,116.5,0.567358866536226,33719.39,0.9,0.43,2.74,0.66,43353.14,1
3638,0.3,0,0.810779274,2.562413216,1.502028809,-149.9616089,-150.7288682,-218.846405,-217.322403,-218.1842488,0,0,65.87373744,34.67038813,4287.3,252.2,67.569,92.845,137.9,0.727761322634498,4370.59,0.98,0.46,1.52,0.85,46538.94,0
3639,6.1,4.876800537,1.281854391,22.20088959,9.84776396,-49.98721313,-57.55532804,-319.4303894,-295.6560059,-311.5077653,24.20312332,1,18.50827078,9.610063672,41761.6,769.3,191,264.025,0,0.723416343149323,42736.96,0.98,0.33,23.77,0.89,15019.81,1
3640,22.56,15.5447998,0.286670774,21.87971878,9.652613458,-125.5776062,-140.9972258,-243.8399963,-212.7503967,-228.0595589,14.2532393,1,20.96064603,11.21394562,141829.1,1706.7,309.822,662.901,114.3,0.467372956142772,154921.95,0.92,0.51,31.09,0.61,42434.86,1
3641,0.61,0.304794312,0,8.376093864,2.978423673,-230.4288177,-234.6269244,-138.3791962,-126.1872025,-134.2816735,7.702566389,1,49.89923443,35.16389003,44384.6,1035,166.636,363.309,55.9,0.458661910384824,53139.24,0.84,0.34,12.19,0.52,89776.29,0
3642,21.64,11.27758789,0,26.90865326,6.672334679,-110.6424255,-123.7778093,-259.3847961,-211.8359985,-245.1565873,7.118600971,3,22.12698469,3.499978811,501137,6188.9,606.968,2057.082,117,0.295062617824666,986645.08,0.51,0.3,47.55,0.16,35637.06,1
3643,1.52,0,0,1.812527299,0.782751269,-163.6776123,-163.857718,-205.1304016,-204.8256073,-205.0334216,90.43022394,0,4.521511202,0,3287.4,218.4,48.587,87.314,117,0.556462881095815,3301.78,1,0.47,0.3,0.87,52375.86,0
3644,4.57,2.438415527,0,16.9983902,5.960225536,-81.68640137,-85.75388888,-288.0360107,-269.4432068,-283.1915912,38.429489,0,5.218819494,4.388552756,125320,2607.8,279.144,1046.775,106.7,0.266670487927205,215742.83,0.58,0.26,18.59,0.23,22726.74,1
3645,0.91,0.30480957,0,6.111935616,2.240343314,-235.9152069,-237.5749631,-132.892807,-127.7112045,-131.3188562,17.69687148,0,47.19165727,6.741665325,35277.1,876.2,141.164,370.055,112.5,0.381467619678156,40096.51,0.88,0.31,5.18,0.58,91551.61,0
3646,0.3,0.304794312,0,2.702543974,1.141990315,-164.8968048,-165.1756696,-204.2160034,-202.9967957,-203.7036815,19.67629134,0,78.70516538,0,6798.9,326.6,84.05,115.158,149.1,0.729866791712256,7266.11,0.94,0.46,1.22,0.8,52980.84,0
3647,0.91,0.30480957,0,15.6906395,4.246331758,-75.89520264,-77.49813162,-292.9128113,-286.816803,-291.4840546,3.629751381,0,63.52064919,6.352064918,16380.3,499.6,133.242,180.34,130,0.738837750914938,16913.52,0.97,0.24,6.1,0.83,20305.72,1
3648,0.3,0,0.573328257,5.002133369,3.142655354,-280.4160156,-283.9105808,-88.39199829,-80.46720123,-84.95945687,0,0,0,65.66526478,25805.3,663.5,153.235,226.991,21.6,0.675070817785727,27291.88,0.95,0.44,7.92,0.74,121738.59,0
3649,0.3,0,0,2.026293516,1.070700508,-156.3624115,-156.780624,-212.4456024,-211.5312042,-212.1478921,0,0,101.4002026,0,6303.3,300.9,85.202,99.886,165.7,0.852992411348938,6555.97,0.96,0.37,0.91,0.88,49186.65,0
3650,1.22,0,0.286674649,2.431120396,1.428964584,-209.3976135,-209.6198622,-159.7151947,-158.4960022,-159.3151499,66.55657613,0,36.49876754,0,6923.3,303.8,80.875,105.84,179.2,0.764125094482237,6984.7,0.99,0.36,1.22,0.94,75416.07,0
3651,1.83,0,0,1.812538981,0.803431727,-307.2384033,-307.5686119,-61.56959915,-60.65520096,-61.29745715,0,0,92.71754389,2.377372923,12504.7,435.4,117.509,142.452,89.2,0.8249024232724,13225.94,0.95,0.33,0.91,0.83,138807.37,0
3652,2.44,0.304794312,0,2.31005621,1.090030247,-166.1160126,-166.5480903,-202.6920013,-201.7776031,-202.3269125,69.23095707,0,6.699770039,0,13311.6,431.7,104.957,165.01,133.1,0.636064480940549,13343.78,1,0.45,0.91,0.9,53614.52,0
3653,1.22,0,0,2.562448263,1.192268883,-311.2008057,-312.5461849,-57.60720062,-53.94960022,-56.31428224,0,0,35.00814572,26.60619075,31844.3,763.1,133.889,309.32,160.3,0.432849476270529,34043.46,0.94,0.36,3.66,0.69,142541.12,0
3654,1.22,0.304794312,0.405416161,4.09771204,2.175033103,-185.3184052,-186.1725604,-183.7944031,-181.0512085,-182.805575,1.146521368,0,74.52388893,14.90477778,12964.6,422.4,116.656,141.715,145.5,0.823173270296017,13236.89,0.98,0.37,2.74,0.92,63087.66,0
3655,0.61,0,0.810817182,14.63826466,5.753908992,-81.38162231,-82.61064493,-288.0360107,-283.1592102,-286.5120003,6.686908091,0,20.06072428,10.03036213,4445.7,246.6,66.676,82.146,71.6,0.811676770627906,4521.47,0.98,0.32,4.88,0.92,21788.9,1
3656,0.61,0.304779053,0,15.2208662,6.671725592,-55.47360229,-58.85005872,-313.6391907,-303.276001,-310.257501,0,0,49.30440243,28.54465404,17184.2,488.2,128.735,173.672,14.3,0.741253627527754,17539.54,0.98,0.33,10.36,0.91,15338.84,1
3657,1.83,0,0,2.447936535,1.028886087,-160.0200043,-160.2299823,-208.7880096,-207.8735962,-208.6186729,76.69142167,0,10.65158634,0,13954.9,480.7,94.164,198.431,146.6,0.474542788173219,14408.74,0.97,0.21,0.91,0.76,50728.54,0
3658,0.3,0,0.405398428,15.08015633,5.944828649,-81.38162231,-84.10211052,-287.7312012,-279.1968079,-285.007459,0,0,12.9714449,20.5381211,13751,534.8,107.442,196.143,83.8,0.547773818081706,16590.44,0.83,0.32,8.53,0.61,22231.44,1
3659,1.83,0,0,1.62131846,0.736005474,-163.0680084,-163.1652881,-206.0447998,-205.4351959,-205.694607,88.11874041,0,2.049273035,0,7253.4,316.3,80.609,117.689,179.9,0.68493232162734,7332.66,0.99,0.69,0.61,0.91,52059.4,0
3660,7.62,0.914413452,0,5.15421629,2.107627519,-139.9032135,-142.4798537,-229.20961,-222.1992035,-226.4264291,25.25592203,0,41.17813374,15.37316993,54145.8,1335.7,212.749,501.634,26.5,0.424112001977537,78502.15,0.69,0.4,7.01,0.38,43047.89,1
3661,3.05,1.524017334,0.286692888,5.497610092,2.682518313,-83.2104187,-84.36382354,-286.2072144,-282.8544006,-284.6196142,50.57302434,1,23.11909685,1.444943554,20574,557.2,142.344,203.592,0.3,0.699163031946245,21118.47,0.97,0.49,3.35,0.83,22309.55,1
3662,0.61,0,0,3.587496758,1.760425649,-180.7464142,-181.8743942,-188.0615997,-185.3184052,-187.0537594,0,0,87.04358015,10.50525967,19808.9,557.4,105.878,215.957,0,0.490273526674292,20063.99,0.99,0.38,2.74,0.8,60946.97,0
3663,0.3,0,0,3.240030527,1.478624119,-168.2496185,-168.9954751,-200.5583954,-198.729599,-199.9165283,0,0,97.54311104,1.175218205,12648,429.5,103.659,162.952,116.9,0.636132112523933,12990.14,0.97,0.37,1.83,0.86,54753.88,0
3664,12.19,7.924804688,0,29.66836166,8.616067321,-70.71362305,-80.92832454,-300.2279968,-256.9464111,-288.0447796,21.40696474,1,18.76028546,12.14358727,190949,3171.7,220.224,1369.623,107.8,0.16079169231241,251890.83,0.76,0.28,43.28,0.24,21295.08,1
3665,14.33,10.97280884,0.286688745,17.86375427,6.671466227,-130.4544067,-143.3823139,-239.2680054,-215.7984009,-225.6798992,7.465038483,2,36.27746771,6.941176133,113496.6,1709.2,382.961,525.852,136.5,0.728267649452698,147263.39,0.77,0.58,23.47,0.49,43423.19,1
3666,1.22,0,0.286679566,6.415597916,3.097892345,-230.4288177,-233.3100348,-138.3791962,-132.2832031,-135.6053303,0,0,21.03268169,63.71665334,24028.4,629.7,127.491,247.333,108.6,0.515462958844958,25099.17,0.96,0.46,6.1,0.76,88988.88,0
3667,4.27,0.609619141,0,14.89276123,5.754161974,-70.40881348,-73.93597279,-298.70401,-285.5975952,-295.0290992,20.99437348,0,33.24109135,13.12148343,33984.3,771,154.812,310.216,151.5,0.499045826134049,35557.16,0.96,0.28,13.11,0.72,19303.2,1
3668,2.13,0.30480957,0.286680877,4.870378494,1.829940347,-229.5144196,-230.0200237,-139.5984039,-137.464798,-138.9027381,56.73170826,0,26.00203296,3.545731765,12576.4,426.7,102.904,164.33,114.3,0.626203371265137,12819.63,0.98,0.34,2.13,0.87,87036.81,0
3669,2.13,1.219192505,0.286678016,6.415538311,2.521122051,-207.2640076,-208.8923472,-161.8488007,-157.2767944,-160.015313,29.44153626,0,37.08868855,5.735364206,38875,842.4,175.02,313.375,168.7,0.558500199441564,44151.45,0.88,0.41,4.57,0.69,75017.02,0
3670,2.44,0.304794312,0,2.431168556,1.130985113,-153.6192169,-154.2127686,-215.188797,-213.3600006,-214.6594135,39.55969993,0,51.95900886,0.590443282,25174.5,633.7,134.954,245.359,124.7,0.550026695576686,26242.01,0.96,0.31,1.83,0.79,48054.24,0
3671,1.83,0.914398193,0,13.13775444,3.878828136,-145.3896179,-156.5491977,-223.418396,-195.6815948,-212.3425481,1.704152126,2,67.07542769,1.158823446,218057.8,3544.1,321.264,1495.305,35.9,0.214848475729032,354865.63,0.61,0.4,27.74,0.22,49084.05,0
3672,0.3,0,0,4.853640556,1.927382999,-231.3432159,-231.9886728,-137.7696075,-135.0263977,-136.9089892,0,0,82.62810737,6.699576273,19968,566.1,118.052,227.548,89.9,0.518800428920491,20390.22,0.98,0.33,2.74,0.78,88202.27,0
3673,2.44,0.304794312,0,2.562505722,1.12729615,-159.71521,-160.1650348,-209.092804,-207.8735962,-208.7068891,70.02045754,0,9.770296405,0,18256.3,512.7,117.995,202.06,90,0.583960209838662,18415.46,0.99,0.34,1.22,0.87,50699.29,0
3674,32,0,0.810844064,5.31737566,2.759001576,31.69918823,30.35230317,-400.8120117,-397.459198,-399.353907,0,0,84.55217719,8.316607595,10723.7,468.3,68.327,203.146,179.6,0.336344304096561,11221.16,0.96,0.45,3.35,0.62,1200.46,2
3675,3.96,0,0,9.768977165,2.459315083,-186.5376129,-187.7126374,-182.270401,-175.8695984,-181.1483851,2.244713966,0,74.07556089,11.22356983,19865.5,552.2,153.734,166.597,89.8,0.922789726105512,21220.01,0.94,0.18,6.4,0.82,63863.68,0
3676,0.91,0.30480957,0,3.89342165,2.079840934,-188.3664093,-189.3406338,-180.4416046,-178.0032043,-179.5898704,29.56988763,0,57.23204058,8.584806085,15583,475.2,114.906,172.923,78.8,0.664492288475217,15935.16,0.98,0.36,2.44,0.87,64689.16,0
3677,0.3,0,0,1.81260097,0.950369059,-157.2768097,-157.6417664,-211.5312042,-210.616806,-211.2384366,15.84939926,0,77.92621304,0,11254,411.8,107.4,137.492,99,0.781136357024409,11908.57,0.95,0.36,0.91,0.84,49569.36,0
3678,66.14,0,0.573378146,4.127594948,1.972236867,65.83679199,65.15946113,-434.9496155,-433.1208191,-434.1593854,0,0,75.89261248,21.68360356,4113,245.4,65.44,85.714,27.4,0.763469211564039,4249.49,0.97,0.46,1.83,0.86,0.03,2
3679,1.83,0.609603882,0,3.893382072,1.844638143,-210.616806,-211.3254074,-158.4960022,-156.3623962,-157.6232836,40.49220725,0,25.30762953,5.061525906,17620.2,494.9,128.187,172.854,158.1,0.741591169426221,18049.69,0.98,0.43,2.13,0.91,76355.73,0
3680,0.3,0,0,5.09089613,2.797201854,-146.9136047,-150.1651637,-221.8944092,-213.9696045,-218.730388,0,0,35.23768257,43.95988123,42604.3,799.5,228.028,239.603,90.7,0.951690922066919,44567.93,0.96,0.4,7.92,0.84,46296.05,0
3681,2.13,0,0,2.431181908,1.100702365,-165.2016144,-165.3662054,-203.9112091,-202.9967957,-203.5698267,66.91303598,0,20.91032374,2.091032373,7108.5,315.4,86.64,103.583,135.7,0.83643068843343,7300.23,0.97,0.42,0.91,0.9,53068.59,0
3682,1.83,1.219192505,0.641019404,6.509432316,3.767839618,-187.1472168,-189.2961482,-182.270401,-176.174408,-179.7265677,13.16266504,1,44.50234369,20.68418792,23714.6,566.5,163.61,188.256,170.4,0.869082525922149,24174.84,0.98,0.42,6.1,0.93,64666.53,0
3683,1.22,0.30480957,1.433182478,8.409830093,4.083007141,-82.90560913,-83.75584412,-286.816803,-283.1592102,-285.4933287,15.82614364,1,13.18845305,50.11612156,5635.3,287.7,79.593,102.351,52.5,0.777647507107893,5776.74,0.98,0.37,3.66,0.86,22128.3,1
3684,2.13,0,0,2.464697123,0.917773778,-160.0200043,-160.3934962,-208.7880096,-207.2640076,-208.4617406,60.27891874,0,24.65955767,2.739950852,10849.9,431.5,104.528,157.408,121.1,0.664057735312055,11683.82,0.93,0.23,1.52,0.73,50802.23,0
3685,1.22,0.609588623,0,6.164913654,2.752315982,-189.8904114,-192.2659663,-179.2223969,-172.8216095,-176.6661671,13.81788513,1,19.95916741,47.08316415,29044.4,695.8,141.364,274.96,163.6,0.514125691009601,30443.87,0.95,0.41,6.4,0.76,66185.78,0
3686,5.79,3.047988892,0,8.025482178,3.012430617,-168.5544128,-172.9282633,-200.5583954,-190.5,-195.9399818,14.00781352,2,22.39988198,2.334635587,235571.4,3497.4,450.526,1359.875,124.3,0.331299567974998,476093.91,0.49,0.46,10.06,0.24,56609.86,0
3687,10.97,2.438400269,0,9.8732481,3.237942961,-280.4160156,-288.3988403,-88.69680023,-63.70320129,-80.47350815,16.39553383,1,34.9702209,12.14099657,286484.7,3595.5,670.641,764.678,6.5,0.877024054569374,437632.51,0.65,0.33,24.99,0.28,124890.74,0
3688,0.91,0,0,2.431232691,1.111528474,-208.1784058,-208.3169546,-160.9344025,-160.0200043,-160.6388406,0,0,97.74316719,0,5018.4,275,75.742,96.861,152,0.781965909912142,5203.37,0.96,0.36,0.91,0.84,74702.16,0
3689,2.74,1.828796387,0.405450016,7.93524456,3.482265521,-188.6712189,-191.2851022,-180.4416046,-173.4311981,-177.6730021,34.7916551,0,15.50497673,12.85778558,39305.4,791.8,179.494,310,48.7,0.579012903225806,40368.81,0.97,0.4,7.01,0.79,65682.05,0
3690,2.13,0.609603882,0,2.431223392,1.329078304,-168.8592072,-169.4229277,-200.2536011,-198.4248047,-199.4899638,60.80345076,0,27.73490737,2.133454412,13934.3,439,125.986,134.147,149.2,0.939163753196121,14264.53,0.98,0.44,1.83,0.91,54954.11,0
3691,1.83,0,0,1.812617421,0.994013348,-167.3352051,-167.4658368,-201.7776031,-200.863205,-201.4417033,84.91011707,0,10.35489233,0,7177.4,320.1,78.039,118.283,132.8,0.659765139538226,7326.77,0.98,0.41,0.91,0.88,54040.37,0
3692,1.83,0.609588623,0,10.10284615,4.368187991,-46.63439941,-50.1144664,-322.7832031,-312.1152039,-318.8413297,0,0,28.90042283,43.86064171,43717.4,779.2,231.453,242.788,43.3,0.953313178575547,44881.28,0.97,0.37,10.67,0.91,13251.34,1
3693,0.91,0.914398193,0,7.777119637,2.539411666,-165.5064087,-167.3940848,-203.6063995,-195.0720062,-201.4884522,13.04487816,1,56.11758908,11.5680995,60391.5,1279,245.184,469.006,4,0.522773695858902,80846.14,0.75,0.25,8.53,0.47,54007.01,0
3694,62.48,0,0.405411988,3.81929636,2.044912238,62.17919922,61.42110032,-431.2919922,-429.1584167,-430.4088667,0,0,77.04239525,4.97047711,5981,284.4,78.071,93.981,18.4,0.83071046275311,6084.61,0.98,0.43,2.13,0.93,12.81,2
3695,0.3,0,0,2.464768171,1.357237824,-168.2496185,-169.2907603,-200.5583954,-198.1199951,-199.5896809,0.976353671,0,78.1082937,8.787183042,15224.1,490,110.233,189.527,134.1,0.581621615917521,15980.05,0.95,0.41,2.44,0.8,54892.16,0
3696,2.74,1.524002075,0,6.90632534,2.375473888,-247.4976196,-250.2945569,-121.3104019,-113.6903992,-118.6091663,14.19402044,1,49.07763,17.32151647,61785.5,1294.6,227.257,470.562,0.2,0.482948049353751,83376.14,0.74,0.36,7.62,0.46,99410.66,0
3697,0.3,0,0.573369622,3.3396492,1.708927889,-240.7920074,-241.6541613,-128.0160065,-126.1872025,-127.2496486,0,0,2.746664549,57.67995556,5411.7,279.8,69.645,104.509,90,0.66640193667531,5539.01,0.98,0.44,1.83,0.87,94036.77,0
3698,7.32,2.743209839,0,7.879572868,2.757750962,-192.9384155,-195.8790383,-176.174408,-170.6880035,-173.0553982,15.25941134,2,58.15851115,4.030787902,51627.1,1078.8,157.892,444.841,82.8,0.354940304513298,58064.46,0.89,0.58,5.49,0.56,68057.87,0
3699,0.61,0.304794312,0,11.44495106,4.564901698,-168.5544128,-172.4541427,-200.5583954,-185.0135956,-196.4573699,0,0,35.2664466,7.490218748,47627.4,921.1,211.769,327.192,26.5,0.647231594904521,51807.92,0.92,0.27,15.54,0.71,56384.47,0
3700,2.44,1.219207764,0,13.88316345,4.769277854,-234.3912048,-240.9136509,-134.7216034,-115.2144012,-127.9976857,7.381218699,2,39.98160128,13.37845889,96661.4,1288.9,271.584,512.215,7,0.530214851185537,101642.1,0.95,0.35,19.51,0.73,93583.16,0
3701,15.54,11.58239746,0,17.96904755,8.075924311,-146.6088104,-157.4686388,-223.1136017,-202.0823975,-211.6206857,11.66869528,1,30.00521644,8.51999973,80252.4,1159.2,238.606,423.052,90.1,0.564011043559657,84931.23,0.94,0.55,21.03,0.75,49492.3,0
3702,2.44,1.219207764,0,11.12300491,4.570429164,-173.1264191,-181.2248124,-195.9864044,-174.3455963,-187.6723062,11.9925247,0,47.26465618,15.62051537,147494.6,2056.5,339.807,748.168,13,0.454185423594701,178741.09,0.83,0.39,21.64,0.44,60626.66,0
3703,4.57,1.523986816,0,7.823356628,2.058556938,-76.80960083,-77.81492953,-292.6080017,-288.6455994,-291.0866023,41.59602429,0,40.74131146,0.569808552,52172.4,1080.9,162.832,454.044,106.3,0.358626036243183,58044.13,0.9,0.39,3.96,0.56,20396.1,1
3704,1.52,0,0,4.870466232,1.633432508,-188.9760132,-190.7988644,-179.8320007,-175.5648041,-178.065649,0,0,92.38153964,4.422520514,30249.1,684.7,160.417,257.055,142.5,0.624057108400926,31682.74,0.95,0.42,4.27,0.81,65433.06,0
3705,2.44,0.914398193,0,4.862145424,1.952044491,-194.7672119,-195.468251,-174.3455963,-171.907196,-173.4586346,0,0,33.85874915,38.98886266,14487.1,434,130.41,130.444,180,0.999739351752476,14502.24,1,0.38,2.44,0.97,67843.71,0
3706,0.3,0,0,7.525454998,3.644881473,-281.0256042,-285.4513356,-87.78240204,-76.50479889,-83.42403279,0,0,25.56922436,28.93359598,66271.6,1054.4,246.568,390.348,169,0.63166200416039,70762.05,0.94,0.39,11.28,0.75,122816.14,0
3707,2.74,0,0,2.921210051,1.390629254,-78.02880859,-78.45335388,-290.7792053,-289.8648071,-290.4852883,54.12283715,0,515.9710475,0,4119.6,245.6,62.54,89.987,33.9,0.694989276228789,4235.96,0.97,0.36,0.91,0.86,20578.86,1
3708,1.22,0,0,1.433202028,0.768433997,-155.1432037,-155.32874,-213.6648102,-213.3600006,-213.5455369,68.28458857,0,9.104611811,0,3265.2,208.2,56.489,69.828,179.9,0.808973477688033,3266.19,1,0.58,0.3,0.95,48544.75,0
3709,1.52,0,0,2.46475935,1.153954146,-165.8112183,-166.0509908,-203.3016052,-201.7776031,-202.8504964,48.82889757,0,47.47253929,0,10958.9,417,105.88,142.302,146.2,0.744051383676969,11703.79,0.94,0.32,1.52,0.79,53384.56,0
3710,64.92,0,0.286705077,3.732801676,2.07843601,64.9223938,63.44193202,-433.7304077,-430.6824036,-432.3500955,0,0,7.367784256,88.41341105,10087.3,386.2,104.791,127.121,68.3,0.824340588887753,10520.15,0.96,0.47,3.05,0.85,2.43,2
3711,6.71,0,0,2.18238616,1.060554459,-277.0632019,-277.5847568,-91.74480438,-90.22080231,-91.31130897,57.46841781,0,35.3651802,2.210323762,6724.9,361.6,91.879,108.054,80.7,0.850306328317323,7675.87,0.88,0.3,1.52,0.65,117364.32,0
3712,0.3,0,0,4.523720264,2.12504208,-149.6568146,-151.9650208,-219.1511993,-213.6648102,-216.9364241,0,0,58.58970554,14.52223471,29682.8,656.9,161.278,247.272,76.1,0.652229124203306,30513.1,0.97,0.41,5.49,0.87,47073.82,0
3713,8.23,3.657608032,0.641073525,8.4903965,4.508098366,-192.3288116,-195.1281949,-177.0888062,-170.0783997,-173.905961,31.72626014,1,22.53024271,5.97741133,32327.3,678.4,181.638,238.582,114.1,0.761323150950197,33247.95,0.97,0.46,7.01,0.88,67666.68,0
3714,0.3,0.304794312,0,5.882723808,1.850986452,-168.2496185,-169.6998878,-200.5583954,-197.2055969,-199.1664449,15.03979034,1,74.84086147,6.803714679,41509.5,816.2,164.534,317.594,28.9,0.518063943273487,43139.03,0.96,0.43,3.35,0.78,55084.04,0
3715,4.27,2.438400269,0.286693305,8.154356956,3.387717851,-156.0576172,-157.3552394,-213.6648102,-209.7024078,-211.6595396,41.92005153,1,11.06223582,6.404452319,25530,624.7,163.071,208.134,78.7,0.783490443656491,26905.62,0.95,0.52,3.96,0.82,49441.85,0
3716,0.91,0,0,5.154605389,1.903300622,-186.8424072,-188.075192,-181.9656067,-177.3936005,-180.8067588,21.35490128,0,55.92950335,14.23660085,29234.2,671.1,153.668,237.423,11.2,0.647232997645552,30581.81,0.96,0.26,4.57,0.82,64047.05,0
3717,3.05,1.219192505,0.573372245,6.07253933,3.306108064,-191.7192078,-192.9671663,-177.6983948,-174.040802,-176.0766361,47.3851258,0,26.53567045,7.58162013,15684.4,455,130.454,152.075,115.8,0.857826730231794,15800.69,0.99,0.46,3.66,0.95,66547.06,0
3718,0.3,0.304801941,0.286695808,5.423521519,2.56026361,-247.8024139,-251.5694581,-121.3104019,-112.1664047,-117.3644767,0,0,18.82793101,9.606087252,38684.2,858.9,167.735,325.369,16.7,0.515522376132944,44251.93,0.87,0.44,9.14,0.66,100216.22,0
3719,1.83,0,0,2.182398558,0.836553591,-165.2016144,-165.369252,-203.6063995,-202.9967957,-203.4946411,78.73370659,0,3.28057111,0,9061.9,372.6,79.247,153.756,135.3,0.515407528811884,9187.65,0.99,0.22,0.61,0.82,53069.99,0
3720,4.57,2.74319458,0,6.565131187,3.667533111,-189.2808075,-193.080199,-179.8320007,-170.6880035,-175.8925261,18.40597137,0,38.48521286,8.366350623,53299.7,996.8,220.775,362.758,3.8,0.608601326504171,60307.17,0.88,0.44,9.14,0.68,66605.39,0
3721,6.1,4.876800537,1.146650314,8.159312248,4.832669079,-164.5920105,-168.3053531,-205.1304016,-196.5960083,-200.745789,19.44553556,1,49.39166033,6.222571381,38219.9,726.4,211.606,229.814,14.1,0.920770710226531,39033.94,0.98,0.52,8.53,0.91,54431.39,0
3722,2.13,0,0,2.292407513,0.994745536,-167.6400146,-167.8970008,-201.1679993,-200.5583954,-201.012613,79.68471487,0,6.129593449,0,7274.9,324.3,87.439,113.769,114.6,0.768566129613515,7506.04,0.97,0.3,0.61,0.87,54241.01,0
3723,7.62,1.828796387,0,30.65829277,7.773548776,-67.36080933,-74.8952167,-302.0567932,-263.0423889,-294.0415119,12.35630924,0,13.21587858,11.71163224,138340.4,2681.8,256.082,1054.868,126.8,0.242762127583736,218409.21,0.63,0.21,39.01,0.24,19570.67,1
3724,2.13,0.914398193,0,11.31831265,2.545569308,-235.6104126,-240.3920128,-133.1976013,-121.3104019,-128.4952653,12.09652421,1,56.45044633,8.333161126,110591.5,1727.4,300.131,593.661,180,0.505559570192416,143245.96,0.77,0.4,11.89,0.47,93264.28,0
3725,1.22,0,0,2.182432175,1.129330704,-151.7904053,-151.8361267,-217.322403,-217.0176086,-217.1547661,95.97981396,0,5.051569152,0,2942.5,198.8,55.086,70.942,116.6,0.776493473541767,2956.8,1,0.82,0.3,0.94,47017.91,0
3726,5.18,0,0,10.90012741,3.266386673,-73.45681763,-74.62911846,-295.6560059,-291.0840149,-294.3336402,0,0,60.66652771,17.11107192,9555.5,371.3,96.589,137.505,56.4,0.702439911275954,9845.54,0.97,0.3,4.57,0.87,19496.29,1
3727,1.83,0.609603882,0.286697716,4.047903061,2.337653844,-160.9344177,-162.2005038,-208.4832001,-204.2160034,-206.7579563,1.944314936,0,51.20029331,22.68367425,22934.8,591.7,135.13,212.655,26.1,0.63544238320284,23972.58,0.96,0.41,4.27,0.83,51620.07,0
3728,4.88,0,0.641024411,9.071146965,3.154056941,-73.76159668,-74.34943826,-295.3511963,-293.5223999,-294.7089462,15.14469012,0,79.50962315,3.786172532,3925.9,232.6,57.481,81.119,90.1,0.70860094429172,3951.89,0.99,0.37,1.83,0.91,19418.27,1
3729,0.91,0.304794312,0.286695391,4.586411953,2.149959826,-209.3976135,-210.7550874,-159.7151947,-154.8384094,-158.1465964,0,0,62.02108683,13.6739404,30437.2,705.3,135.095,282.471,18.6,0.478261485249813,31128.53,0.98,0.33,4.88,0.77,76040.87,0
3730,1.22,0.304794312,0.28669849,3.893632412,1.840996053,-209.7024078,-210.1021496,-159.4104004,-157.581604,-158.8757527,39.33768071,0,40.97675075,1.639070029,9068.6,361.6,100.915,124.986,19.1,0.807410429968156,9449.93,0.96,0.31,1.83,0.87,75681.19,0
3731,1.52,0,0,1.62142837,0.713252874,-157.581604,-157.8164545,-211.2264099,-210.3119965,-211.0215402,63.09291698,0,34.86713833,1.660339921,8952.5,353.3,97.796,113.954,116.4,0.858205942748829,9162.45,0.98,0.25,0.91,0.9,49647.17,0
3732,1.83,1.523994446,0,4.577470303,1.773048744,-245.9736023,-247.5481765,-123.1391983,-118.8720016,-121.306128,13.07145312,1,51.81897488,3.267863281,63680.1,1426.4,245.166,558.104,120,0.439283717730029,92889.95,0.69,0.44,4.27,0.39,97686.36,0
3733,7.01,3.047988892,0.286696166,7.546918869,2.93243834,-193.5480042,-197.806419,-175.8695984,-163.9824066,-171.1053442,11.73984298,1,26.17407617,17.51353626,77233.8,1450.5,281.533,486.013,85.1,0.579270513340178,100608.36,0.77,0.4,11.89,0.46,69067.21,0
3734,1.22,0.30480957,0,4.127811909,1.862143086,-160.3248138,-160.8397171,-208.7880096,-206.6544037,-208.0689115,17.89220646,1,49.70057351,2.98203441,14953.7,455.6,114.095,171.409,134.7,0.665630159443203,15138.35,0.99,0.35,2.13,0.91,51003.58,0
3735,6.4,0,0.286703587,4.377222061,2.075544742,-277.3680115,-279.9336757,-91.44000244,-85.95359802,-88.9466115,0,0,58.95712711,39.65258107,28489.3,749.2,163.799,282.433,159.7,0.579957016354321,32845.69,0.87,0.46,5.49,0.64,118979.24,0
3736,1.83,0,0.641048312,23.3600769,12.05678128,-76.80960083,-87.48239695,-292.3031921,-266.0903931,-281.512327,0,0,6.367609069,34.49121579,28012,711.8,167.678,240.795,73.1,0.696351668431654,31234.02,0.9,0.41,26.21,0.7,23250.88,1
3737,1.52,0.914398193,0,4.657012463,1.77295658,-246.2784119,-248.553087,-122.5296021,-115.5192032,-120.3053848,28.49958698,0,44.44578445,8.99094113,87621.5,1301.2,294.338,455.936,91.9,0.645568676305446,99520.07,0.88,0.32,7.01,0.65,98315.54,0
3738,0.91,0.609603882,0,11.67759323,3.283841655,-182.8800049,-188.2428608,-185.928009,-172.8216095,-180.6549036,0,0,68.15607061,12.94584581,78076.1,1285.1,241.368,498.574,119.5,0.484116700830769,86621.52,0.9,0.41,13.11,0.6,64131.95,0
3739,3.35,0.914398193,0.641055346,4.920567036,2.659164656,-193.8528137,-195.9878425,-175.5648041,-168.8592072,-172.9661326,29.96343016,0,28.55889437,20.13167964,31748.9,727.2,138.822,293.954,133.1,0.47225756410867,32670.36,0.97,0.39,6.71,0.76,68114.65,0
3740,0.3,0,0,3.24027276,1.439223803,-247.4976196,-247.9520438,-121.6152039,-119.7863998,-120.9612667,0,0,87.02662758,8.880268123,8369.2,344.6,98.571,110.542,144.4,0.891706319769861,8686.55,0.96,0.38,1.83,0.89,97938.98,0
3741,2.13,2.133590698,0,7.94572401,3.560363619,-169.468811,-172.0611009,-199.6439972,-190.8048096,-196.8610887,30.29661865,0,24.10698688,9.121562605,45627.7,833,231.193,293.274,114.1,0.788317409657863,47266.26,0.97,0.32,8.84,0.83,56197.97,0
3742,4.57,1.524017334,0.28671518,27.64552879,8.60898971,-74.98080444,-78.31757042,-295.0464172,-275.2344055,-290.7118254,3.101329486,0,57.89148375,2.067552993,14378.5,515.2,133.787,167.997,147.7,0.796365411287106,16069.22,0.89,0.22,19.81,0.68,20539.93,1
3743,14.94,0,0.405452818,5.317778111,3.223294609,14.63040161,13.77615397,-383.7431946,-381.3048096,-382.7927118,0,0,89.52273644,2.55779247,11622.6,451.2,81.152,190.314,0.9,0.42641108904232,12044.33,0.96,0.41,2.44,0.72,2623.88,2
3744,0.61,0.304794312,0,2.821466684,1.253081924,-208.7880096,-210.6160563,-160.3247986,-154.2288055,-158.2547326,8.528757663,0,78.76558548,6.020299528,59256.1,1266.6,164.058,504.232,171.2,0.325362134890289,74217.4,0.8,0.35,6.1,0.47,75964.21,0
3745,1.52,0.304779053,0.81082952,4.862373829,2.627320364,-71.0184021,-72.23343481,-298.0943909,-294.7416077,-296.8334505,0,0,45.21444966,34.25337095,10848.7,399.2,95.747,150.582,22.5,0.635846249883784,11135.69,0.97,0.39,3.35,0.86,18833.02,1
3746,11.58,0.30480957,0.286716729,5.317782879,3.099531768,11.27758789,9.909096854,-380.3904114,-376.7328186,-378.9223845,0,0,2.110513724,88.6415763,7042.9,312.3,93.078,105.19,134.7,0.884855974902557,7185.63,0.98,0.41,3.66,0.91,3035.01,2
3747,0.3,0.304794312,0,10.78104973,3.063219234,-153.3144073,-154.4986326,-215.7984009,-208.7880096,-214.3918264,0,0,66.70424812,17.73150899,17604.1,518.4,143.447,156.807,83.1,0.914799721951189,18672.88,0.94,0.2,7.01,0.83,48179.65,0
3748,5.49,3.047988892,0.860046625,5.490615368,3.275424908,-164.5920105,-166.9072963,-204.5207977,-199.3392029,-202.0596914,25.81076846,1,44.07685076,18.2660823,37432.8,721.1,191.229,240.075,0.1,0.796538581693221,37821.01,0.99,0.48,5.18,0.91,53780.99,0
3749,0.91,0,0.641095519,11.92457581,6.167086809,-78.33361816,-82.96704244,-290.7792053,-276.7583923,-286.03472,2.37062903,0,33.18880643,22.12587096,18810.4,531.7,137.329,182.818,7,0.751178767955015,19844.31,0.95,0.34,14.02,0.84,21894.25,1
3750,6.4,2.743209839,0,16.41456032,3.874651973,-142.9512177,-149.5953564,-226.1616058,-204.5207977,-219.3040151,7.632981336,3,35.26032086,6.822399247,220051.4,3320.4,308.364,1328.369,136,0.232137305221667,340508.56,0.65,0.32,21.64,0.25,46051.17,0
3751,2.44,0.30480957,0.810918033,1.812743425,1.433782384,-162.7632141,-163.0603924,-206.3496094,-205.4351959,-205.9381233,95.85478948,0,5.044988921,0,5892.6,281,81.62,81.916,90,0.996386542311636,5919.09,1,0.51,0.91,0.94,52011.54,0
3752,0.91,0.30480957,0.286719054,2.310330153,1.384964518,-215.7984161,-216.199464,-153.3144073,-151.7904053,-152.7315398,19.786293,0,70.15140244,3.59750782,8263.6,346.4,92.138,118.671,89.2,0.776415467974484,8461.24,0.98,0.41,1.52,0.87,79073.14,0
3753,1.83,0.304794312,0.810908616,3.044939995,1.844600214,-206.6544189,-206.8966925,-162.7631989,-161.2391968,-162.1614149,86.1737698,0,13.46465154,2.692930306,5519.7,281.7,70.477,95.913,41.3,0.734801330372317,5674.17,0.97,0.42,1.52,0.88,73927.81,0
3754,6.71,0,0.405478239,6.509850979,3.476861667,6.400787354,4.383841809,-375.5136108,-370.3320007,-373.3423737,0,0,14.90458799,60.86040095,11967.4,426,100.198,162.712,172,0.615799695166921,12418.64,0.96,0.43,5.18,0.83,3674.32,2
3755,1.52,0,0,4.254475117,1.64055523,-251.460022,-251.9582464,-117.3479996,-116.1287994,-117.0021692,87.08643342,0,5.937711369,1.979237124,7510,320.1,84.221,116.38,33.2,0.723672452311394,7552.46,0.99,0.31,1.22,0.92,100462.53,0
3756,2.13,0,0,0.906624556,0.523598731,-165.5064087,-165.6857084,-203.3016052,-202.9967957,-203.1850604,81.89493254,0,11.29585277,0,5263.6,282,61.376,105.171,120.5,0.583582926852459,5355.7,0.98,0.57,0.3,0.83,53215.9,0
3757,2.74,0,0,2.464907646,1.127918317,-248.1072083,-248.3531302,-121.0056,-119.7863998,-120.5587915,76.8660344,0,16.06155943,0,12956.3,465.7,93.43,182.123,170.8,0.513004947206009,13893.9,0.93,0.4,1.22,0.75,98190.18,0
3758,0.91,0.304801941,0,4.523896694,1.935749546,-252.3744202,-255.7602626,-116.7384033,-108.2040024,-113.1005403,7.530882703,1,63.86188532,3.614823697,98687.9,1620.6,256.106,624.699,114.7,0.409967040126525,129965.13,0.76,0.43,8.53,0.47,102887.15,0
3759,0.61,0,0,2.182516813,1.032971599,-321.2592163,-321.5917247,-47.85359955,-46.32960129,-47.29387713,0,0,1.885201952,0,7884.6,331.9,81.588,117.528,0.1,0.694200530937308,7981.29,0.99,0.39,1.52,0.9,149453.16,0
3760,1.52,0.304779053,0.28669399,18.62725639,7.109720072,-88.39199829,-92.45922783,-280.7207947,-262.7376099,-276.5004963,15.58236029,0,5.499656574,25.20675931,32432.9,1087.2,154.139,360.942,84.3,0.427046450676286,41509.77,0.78,0.24,17.98,0.35,24793.41,1
3761,0.61,0,0,4.994630337,2.866235469,-187.1472168,-189.2547441,-181.9656067,-174.9552002,-179.7016598,0,0,48.11319509,43.43552335,22243.8,569.9,145.78,216.481,144.3,0.673407827938711,22914.93,0.97,0.33,7.01,0.86,64645.47,0
3762,0.3,0,1.033666372,2.238201857,1.578630362,-278.8920288,-279.7332581,-89.91600037,-88.39199829,-89.17228882,0,0,45.01996814,45.01996817,3962,235.4,59.584,82.238,153.9,0.724531238600161,4022.61,0.98,0.52,1.52,0.9,118841.02,0
3763,2.74,2.438415527,0,10.10357952,3.934509199,-113.0808105,-116.776511,-256.9464111,-245.668808,-252.2294375,4.275074355,3,37.55958183,22.29145914,48677,976.8,185.106,386.728,14.1,0.47864649055667,53263.17,0.91,0.42,11.28,0.64,33042.7,1
3764,9.75,6.400802612,0,9.244896889,4.762849805,-166.1160126,-171.5482258,-203.6063995,-194.157608,-197.5188679,13.27435842,2,30.97350298,6.913728343,53748.7,1052.5,209.905,382.587,82.8,0.548646451656747,61784.66,0.87,0.65,9.45,0.61,55955.06,0
3765,1.83,0,1.146700144,3.045005798,2.222880845,-167.3352051,-168.1792726,-201.7776031,-199.3392029,-200.7811414,0,0,10.76639072,75.36473503,4141.8,251.8,59.919,93.118,43,0.643473871861509,4347.27,0.95,0.43,2.44,0.82,54372.57,0
3766,0.3,0,0,2.006217718,1.022920685,-245.0592041,-245.8200129,-123.7488022,-122.2248001,-123.0456013,0,0,90.54385491,7.024954261,19043.2,507.8,151.811,163.843,154.1,0.926563844656165,19425.51,0.98,0.49,1.52,0.93,96609.08,0
3767,2.13,0.304794312,0,2.921425104,1.228715524,-162.4584045,-162.7919651,-206.6544037,-205.4351959,-206.1138159,83.03157057,0,9.435405746,0,7876.8,344,86.487,135.266,136.1,0.639384619934056,8160.37,0.97,0.48,1.22,0.84,51889.18,0
3768,1.83,0.304794312,0.40546599,2.464918375,1.396535895,-161.239212,-161.5783552,-207.8735962,-206.6544037,-207.3412755,71.07251729,0,19.90030484,0,10457,376.5,105.945,118.267,90.2,0.895812018568155,10613.56,0.99,0.48,1.22,0.93,51337.75,0
3769,2.13,0.609603882,0.286722958,4.4421525,2.728345009,-206.0448151,-208.0378764,-163.0680084,-157.2767944,-160.8960736,22.95881257,1,30.81314319,25.37552969,24602.2,575.3,154.587,203.579,179.8,0.759346494481258,24730.85,0.99,0.38,5.79,0.94,74549.68,0
3770,25.91,0,1.621465325,4.068234444,3.004660637,25.60317993,24.60927947,-394.7160034,-391.9728088,-393.6160743,0,0,18.07538999,58.74501746,3289.4,209,62.725,67.17,130.7,0.933824624088135,3307.07,0.99,0.42,2.74,0.95,1631.41,2
3771,4.27,0,0.286711693,4.127929688,2.026134841,-164.8968048,-165.9094017,-204.2160034,-201.1679993,-202.9783919,21.51671704,0,67.91213816,1.344794816,22106.2,606.2,130.352,209.262,160.2,0.622912903441619,23916.19,0.92,0.42,3.05,0.76,53319.15,0
3772,2.44,0.30480957,0,2.026564598,0.802500717,-165.2016144,-165.312775,-203.9112091,-202.9967957,-203.5526141,72.77777539,0,11.93078285,0,12458.6,408.4,114.374,143.659,14.4,0.79614921445924,12647.8,0.99,0.44,0.91,0.94,53043.97,0
3773,3.96,0.914398193,0,6.308168411,1.995365042,-246.5832214,-249.2862664,-122.2248001,-115.8240051,-119.5835532,19.62679464,0,62.87521823,1.563196034,85579.3,1471,199.138,586.005,107.9,0.339823039052568,102581.45,0.83,0.42,6.4,0.5,98775.86,0
3774,7.62,6.400802612,0,15.77015209,6.077260803,-153.009613,-157.9486853,-217.0176086,-202.9967957,-211.0513419,9.192298858,5,25.08022281,2.269703422,130978.7,2142.4,221.963,898.606,178.6,0.247008143724836,168915.62,0.78,0.43,14.02,0.36,49706.12,0
3775,0.91,0.304794312,0,5.778876781,2.54570094,-217.3224182,-218.9902352,-151.4855957,-147.218399,-149.9272954,17.18839706,0,67.89416838,1.718839705,34591.1,794.1,158.08,312.803,33.9,0.505365997129184,38031.39,0.91,0.37,4.27,0.69,80650.45,0
3776,1.83,0.609603882,0.286726832,4.937316418,2.706469526,-179.5272064,-181.0328184,-189.5856018,-185.6231995,-187.97752,24.72420878,0,44.33306401,5.967912463,17434.7,498.9,130.302,179.305,179,0.726705892194863,17832.53,0.98,0.42,3.96,0.88,60532.15,0
3777,7.92,0,1.18201983,3.24044776,2.013953427,-139.2936096,-140.0429096,-229.5144043,-227.9904022,-228.8032049,0,0,45.52991665,53.80808329,3591.2,229.5,57.315,81.509,1.5,0.703173882638727,3682.04,0.98,0.5,1.52,0.86,42042.59,1
3778,3.05,2.438400269,0.286712468,8.930229187,4.014518445,-158.4960175,-161.2178627,-211.2264099,-203.3016052,-207.7621199,34.70674815,1,10.52901348,7.409305787,38116.8,715.9,201.981,251.362,115.7,0.803546279867283,38548.88,0.99,0.44,7.92,0.94,51174.52,0
3779,1.52,0.304794312,0,2.864838362,1.368693468,-166.4208069,-166.8984111,-202.6920013,-200.863205,-201.993603,25.04047703,0,74.31367376,0.807757324,18401.7,523.2,130.415,197.403,153.4,0.660653586824922,19063.05,0.97,0.4,1.83,0.85,53776.87,0
3780,12.8,3.04800415,0.286718875,7.839414597,3.097223705,-266.7000122,-272.1409501,-102.4128037,-87.17279816,-96.74810689,17.14530112,1,27.92605865,23.12017879,114437.6,1522.5,251.275,626.505,39.3,0.401074213294387,121606.86,0.94,0.37,15.24,0.62,113664.02,0
3781,9.45,0,0.286729157,2.431458235,1.252326184,-137.7696075,-138.2703547,-231.0384064,-230.1240082,-230.5920884,0,0,91.25039693,3.509630651,4235.2,246.3,65.608,91.19,154.9,0.719464853602369,4345.38,0.97,0.55,0.91,0.88,41318.84,1
3782,26.21,19.81199646,0.286707044,28.93266678,10.24850805,-130.1496124,-150.161472,-242.0112,-195.9864044,-218.9789315,5.657412595,4,8.890219792,3.448327677,275874.4,3448.9,491.438,1248.314,75.5,0.393681397468906,415722.3,0.66,0.5,46.02,0.29,46294.46,0
3783,0.3,0,0.286715329,1.033664227,0.65347521,-161.8488159,-162.0858782,-206.959198,-206.6544037,-206.8068008,0,0,104.6507631,0,2556.6,183.6,54.711,60.081,155.3,0.910620662106157,2557.66,1,0.74,0.3,0.96,51568,0
3784,9.45,7.010391235,0.405481994,15.2302475,7.479682629,-153.9240112,-160.6705931,-215.7984009,-198.729599,-208.465273,21.78848177,1,18.43640765,10.05622236,53211.7,891,246.617,292.449,78.8,0.843282076533002,56319.25,0.94,0.43,17.07,0.84,50927.22,0
3785,0.91,0,0,1.743552446,0.931479675,-220.980011,-221.1593018,-148.1327972,-147.5232086,-147.7383575,55.29866716,0,38.70906703,0,2688,193.7,54.077,69.619,118.9,0.776756345250578,2729.78,0.98,0.77,0.61,0.9,81887.15,0
3786,2.74,0.914398193,0.405475885,5.71546793,2.866652222,-199.0344086,-200.7998549,-170.0783997,-164.5919952,-168.1605592,31.57071306,0,34.95328946,10.71149193,26366,656.6,136.326,251.174,64,0.54275522147993,27707.19,0.95,0.36,5.49,0.77,70649.56,0
3787,3.66,1.219192505,0,3.893862247,2.227239727,-161.239212,-162.4506748,-207.5688019,-205.1304016,-206.4594548,35.96617271,1,48.12375222,8.105053009,29343,664.5,142.287,252.419,90.1,0.563693699761111,29576.04,0.99,0.47,2.44,0.84,51733.81,0
3788,1.22,0.304801941,0.286724329,2.464990139,1.238607626,-262.1280212,-262.4948058,-106.9848022,-105.4608002,-106.4268617,0,0,0,12.11594212,8587.8,340.9,93.741,117.616,90,0.797008910352333,8706.76,0.99,0.39,1.52,0.93,107252.85,0
3789,6.4,0,0,6.005941868,2.134737136,-162.4584045,-164.2379058,-206.3496094,-201.1679993,-204.632861,0.494974933,0,58.90201694,25.24372155,30030.1,656.8,163.308,240.377,63.4,0.679382802847194,30811.64,0.97,0.34,5.18,0.88,52550.02,0
3790,1.52,0,0.286733836,0.90666306,0.617971818,-158.4960175,-158.4960175,-210.616806,-210.3119965,-210.4186798,28.53772058,1,9.512573523,0,3125.2,211.7,49.089,80.15,114.9,0.612464129756706,3144.06,0.99,0.97,0.3,0.88,49950.47,0
3791,0.91,0,0.286718965,4.098318577,1.98676046,-215.1888123,-215.5825119,-153.923996,-152.7048035,-153.4794998,8.136203577,0,77.29393398,0,3653.8,222.8,56.516,81.277,90.4,0.695350468152122,3656.76,1,0.4,1.22,0.93,78726.55,0
3792,0.91,0.304794312,0,5.549831867,2.929866971,-127.7112122,-129.7848239,-241.4015961,-235.0008087,-239.1447858,0,0,53.05330597,18.22032731,27737.2,623.6,174.473,203.266,11.1,0.858348174313461,28407.99,0.98,0.36,6.4,0.9,37941.13,1
3793,1.22,0,0,3.893922806,1.304822001,-250.8504028,-251.9490843,-117.9576035,-114.604805,-116.9029703,1.894363711,0,65.92385716,17.80701889,39232.5,776.9,176.596,263.457,147.3,0.670302933685573,41197.45,0.95,0.32,3.35,0.82,100456.72,0
3794,0.3,0,0,1.812810779,0.956419147,-253.2888184,-253.6593532,-115.5192032,-114.604805,-115.2502604,0,0,101.109217,0,7497.5,314.7,92.819,109.74,155,0.845808274102424,7539.94,0.99,0.33,0.91,0.95,101543.78,0
3795,3.66,0.609603882,0,3.976880312,1.675922777,-248.4120178,-249.8770022,-120.3960037,-115.8240051,-118.9900209,30.47411222,2,32.66286061,3.70403574,88285.1,1660.9,265.571,631.088,73,0.420814529827853,127232.45,0.69,0.31,4.57,0.4,99147.53,0
3796,1.52,0,0.641140103,13.40775108,8.668792213,-229.5144196,-237.2879757,-139.5984039,-121.3104019,-131.6084534,0,0,10.03265374,30.86970382,19260.5,588.5,148.494,175.221,36.8,0.847466913212457,21212.87,0.91,0.44,18.29,0.7,91378.02,0
3797,7.32,3.657600403,0.286726654,4.524184227,2.819239097,-272.1864014,-275.5736888,-96.92639923,-88.69680023,-93.31876891,21.48976969,1,31.66050039,13.28756752,90610.7,1145.5,262.843,413.56,168.8,0.635561949898443,92444.28,0.98,0.44,8.23,0.87,115990.44,0
3798,3.35,3.352798462,0.641104579,18.00276947,7.399476344,-162.1536102,-171.6898689,-207.2640076,-188.9759979,-197.4861567,9.398743674,2,7.405070775,17.94305611,52189.6,1187.7,203.073,431.489,4.5,0.470633086822607,68050.96,0.77,0.54,18.29,0.47,56022.09,0
3799,23.47,10.97279358,0,30.78665733,5.278268161,-145.3896179,-168.973435,-224.0279999,-161.5440063,-199.9319032,5.081026225,3,45.39495798,5.170167036,666996.1,7978.3,910.137,2280.762,50.7,0.399049528184002,1500000,0.44,0.39,62.48,0.13,54743.57,0
3800,1.52,0.914398193,0.405482113,5.498448849,2.841215539,-218.2368164,-219.764931,-151.1808014,-145.694397,-149.2181374,19.54265705,0,30.99869739,31.67258212,22057.4,549.8,157.044,180.593,155.5,0.869601811808874,22435.37,0.98,0.36,5.49,0.92,81091.07,0
3801,0.91,0,0,2.578824997,1.076964842,-163.372818,-163.6706852,-205.4351959,-204.8256073,-205.2620173,84.09571567,0,4.671984202,0,6363.1,313.7,69.595,119.813,133.8,0.580863512306678,6678.47,0.95,0.34,0.61,0.81,52290.28,0
3802,1.83,0.30480957,0,4.442361832,2.221632948,-214.5792084,-215.3335926,-154.2288055,-152.0951996,-153.6306316,53.71558469,0,23.73479323,1.249199644,11898.9,405.4,103.814,155.069,45.3,0.669469719931127,11945.4,1,0.29,2.13,0.91,78586.92,0
3803,7.01,6.400802612,0.57345432,16.23557091,6.379256584,-163.9824066,-168.7262969,-206.6544037,-194.157608,-200.40809,17.97792081,1,12.58454457,5.842824264,33072,698.1,179.049,227.881,0.1,0.785712718480259,34190.43,0.97,0.5,12.5,0.85,54627.98,0
3804,2.13,0.304794312,0.286723346,3.352277517,1.91946087,-223.7232056,-224.0902159,-145.694397,-143.8656006,-144.9355126,70.26930526,0,26.86767554,2.066744272,7192.1,316.3,81.252,106.88,4.6,0.760217065868263,7299.49,0.99,0.44,1.83,0.91,83573.15,0
3805,0.61,0,0.860135734,6.590507984,4.211939576,-278.5872192,-282.8151837,-90.22080231,-80.16239929,-86.06224249,0,0,10.5857419,62.55211123,15445.8,510.1,118.719,174.529,116.4,0.680225062883532,17000.96,0.91,0.42,10.06,0.75,120975.4,0
3806,3.35,0,0,3.448552132,1.205941384,-227.3808136,-227.7465715,-141.4272003,-140.5128021,-141.1334856,72.54809288,0,21.76442788,5.441106965,8195.5,353.9,78.618,132.574,103.6,0.593012204504654,8427.3,0.97,0.36,0.91,0.82,85700.56,0
3807,1.52,0.304801941,0,3.265728474,1.278611328,-249.6312103,-250.3260624,-119.1768036,-116.7384033,-118.5438449,45.32712004,0,31.88263529,8.066690856,38695.8,930.5,210.178,334.503,148.9,0.628329192862246,48481.97,0.8,0.27,2.44,0.56,99430.53,0
3808,5.18,0,0.810953438,3.542186499,2.082054684,-274.3200073,-276.9155008,-94.48799896,-89.00160217,-91.95581677,0,0,25.90817439,71.62848212,19506.6,594.6,129.75,214.399,0.7,0.605180061474167,21915.25,0.89,0.47,5.49,0.7,116906.21,0
3809,6.1,3.962402344,0.641117692,10.4901104,5.330421539,-254.5080109,-262.1529643,-114.604805,-98.45040131,-106.7925277,2.883146373,1,49.81436233,2.402621977,92799.5,1365.8,214.637,582.673,133.5,0.368366133320061,97853.75,0.95,0.49,16.15,0.63,107029.06,0
3810,9.45,1.524002075,0,5.549756527,1.857050939,-159.4104156,-162.1219037,-209.3975983,-200.5583954,-206.7515704,34.13249849,0,39.70859972,17.7421403,87967.7,1567.9,314.054,499.505,164.9,0.628730443138707,108162.27,0.81,0.3,8.84,0.45,51584.36,0
3811,0.3,0,0,1.433381796,0.669898398,-162.7632141,-162.9183821,-206.0447998,-205.7400055,-205.9228821,3.637051765,0,89.10776827,0,8173.7,346.8,79.851,136.299,126.9,0.585851693702815,8357.46,0.98,0.6,0.3,0.86,51946.79,0
3812,1.22,0,0,2.431543827,1.155573224,-252.9840088,-253.4162761,-115.8240051,-114.9095993,-115.5081195,74.99209793,0,14.63260448,0,8126.6,330.7,93.223,113.182,25.5,0.823655704970755,8245.73,0.99,0.39,0.91,0.94,101388.92,0
3813,3.05,0,0.28672725,9.309624672,3.38968869,-227.6856079,-230.5970467,-141.122406,-133.8072052,-138.3376373,7.281163399,0,65.53047056,9.266935229,22456,729.6,116.304,313.685,71.6,0.370766852096849,25622.52,0.88,0.39,7.32,0.53,87377.61,0
3814,3.66,1.524002075,0,4.920974255,2.06480867,-221.2848053,-223.1042174,-147.5232086,-143.5608063,-145.8029611,18.95522089,1,65.48167217,2.412482659,43129.4,967.6,141.228,410.234,0,0.344262055314772,47296.8,0.91,0.45,3.96,0.58,83004.04,0
3815,6.1,3.047988892,0,22.46754074,6.203700262,-179.2224121,-207.8198804,-189.8903961,-105.1559982,-161.0895108,5.733454116,2,36.01097138,15.41933192,609244.2,7129,1137.41,2153.239,35.8,0.528232119147015,1500000,0.41,0.34,84.73,0.15,74430.69,0
3816,1.22,0,0,3.265786648,1.416667481,-185.6232147,-186.3572204,-183.1847992,-181.3560028,-182.5347684,0,0,90.20032471,2.973637079,14995.9,483.6,118.096,171.965,139.6,0.686744395661908,15699.61,0.96,0.38,1.83,0.81,63180.45,0
3817,3.05,0.914413452,0,3.352305174,1.687332716,-157.581604,-158.4674359,-211.2264099,-209.092804,-210.4247158,46.38027813,1,23.45070243,4.690140485,28523.1,631.5,163.974,217.533,153.7,0.753789080277475,29244.65,0.98,0.39,2.13,0.9,49937.69,0
3818,2.44,0.304801941,0,3.2657125,1.229655684,-253.2888184,-254.0486653,-115.8240051,-113.6903992,-114.8208811,27.14099728,1,51.00635696,0.935896458,31764.5,773.8,136.661,294.426,161.7,0.464160773844701,34538.92,0.92,0.49,2.13,0.67,101792.05,0
3819,5.49,3.962402344,0,13.15186405,6.409451983,-164.8968048,-169.8822285,-204.5207977,-190.5,-199.1421766,26.92331217,1,14.71067572,8.04923766,53552.9,979.9,199.738,396.741,135.3,0.503446833072458,56906.76,0.94,0.39,14.02,0.7,55169.66,0
3820,0.3,0,0,4.578034401,1.897080574,-278.8920288,-280.9969937,-89.91600037,-83.21040344,-87.85824327,0,0,63.71556191,24.83032928,31727.3,805.1,186.763,275.427,11.2,0.678085300279203,37198.3,0.85,0.31,6.71,0.62,119713.92,0
3821,0.61,0,0,2.465105772,0.980729137,-255.4224091,-255.8001874,-113.3856049,-112.471199,-113.0722169,25.20285111,0,65.80744457,0,10616,403,89.294,152.391,9.1,0.585953238708323,10997.86,0.97,0.38,0.91,0.82,102912.76,0
3822,0.91,0,0,1.461802006,0.798363811,-239.5728149,-239.88253,-129.235199,-128.6255951,-128.9795616,1.629017759,0,99.37008326,0,9124.6,353.7,102.6,120.808,165.6,0.849281504536123,9351.84,0.98,0.5,0.61,0.92,92953.36,0
3823,3.35,1.219192505,0.641134083,4.613581181,2.729753374,-217.6272125,-219.263606,-151.4855957,-147.218399,-149.7101427,33.15910755,0,26.40447453,11.05303585,24206.4,570.2,152.283,207.932,65.3,0.732369236096416,24347.29,0.99,0.43,4.27,0.94,80805.8,0
3824,9.14,0,0,4.524404526,1.955562484,-138.3792114,-140.785453,-230.7335968,-224.6376038,-228.0952652,4.158665518,0,79.01464483,5.544887358,32168.3,780.7,136.616,305.013,154,0.447902220561091,34162.97,0.94,0.44,6.1,0.66,42347.65,1
3825,2.13,0.609603882,0,3.085318804,1.534668718,-196.5960083,-197.0673228,-172.5167999,-170.9927979,-171.8564022,39.10015018,1,56.26606977,1.907324399,15586.4,454.7,130.206,141.565,90.2,0.919761240419595,15747.38,0.99,0.46,1.52,0.95,68679.28,0
3826,0.3,0,0.286737084,1.719967842,1.089675906,-154.5336151,-155.0517685,-214.2743988,-213.0552063,-213.8375244,0,0,97.51793925,6.965567087,4267.9,235.5,65.671,82.471,155,0.796292029925671,4269.05,1,0.39,1.22,0.97,48422.78,0
3827,12.19,3.047996521,0,13.51868248,4.094312106,-256.6416016,-262.5313217,-112.471199,-95.09760284,-106.3721882,19.9199412,1,9.275697813,20.22406244,195502.9,2655.8,392.875,805.59,57.7,0.487686043769163,248172.34,0.79,0.35,17.37,0.35,107276.77,0
3828,0.91,0,0,1.81294477,0.806162168,-162.4584045,-162.7133348,-206.3496094,-205.7400055,-206.1722665,50.8835955,0,39.9799679,0,8179.4,356.5,99.978,118.113,9.1,0.846460592822128,8775.61,0.93,0.35,0.61,0.81,51853.36,0
3829,0.61,0,0,1.812934399,0.858857311,-163.0680084,-163.2874713,-205.7400055,-205.4351959,-205.6180817,99.52476157,0,0,0,3733.8,225.4,62.691,74.76,161.5,0.838563402889246,3809.79,0.98,0.6,0.3,0.93,52115.17,0
3830,18.59,5.79119873,0,18.01926804,4.423273358,-163.6776123,-175.4865275,-205.7400055,-179.2223969,-193.4170945,11.92258285,0,31.02435536,10.76878451,347835.4,4515.3,776.252,1268.407,102.1,0.611989684698997,684233.65,0.51,0.47,26.52,0.21,57833.77,0
3831,12.19,10.97279358,0,22.36104393,7.293263009,-206.0448151,-220.0987552,-163.3728027,-115.8240051,-148.791794,16.01709479,3,15.53044594,3.639287059,702509.2,7970.5,478.128,3275.451,102,0.145973180487206,1300000,0.54,0.31,47.55,0.14,81281.3,0
3832,1.52,0.304794312,0,2.921739578,1.452549701,-163.9824066,-164.4250326,-205.1304016,-202.9967957,-204.4624943,17.61485888,1,72.22092139,2.642228831,16876.8,520.2,113.281,212.682,135.3,0.532630876143726,17531.38,0.96,0.33,2.13,0.79,52635.85,0
3833,1.22,0.304794312,0,12.25850391,2.494428253,-233.1720123,-236.6829135,-135.9407959,-121.9199982,-132.208039,6.827555775,0,68.95831333,4.608600148,87083.2,2213.1,240.882,851.452,49.5,0.282907315973185,154284.23,0.56,0.27,14.02,0.22,91012.58,0
3834,1.22,0.304794312,0,3.894193649,1.438093995,-198.1200104,-198.4621331,-170.9927979,-169.4687958,-170.4205252,31.54098606,1,55.95981398,10.17451163,14609.2,448.8,118.009,154.874,90.6,0.761967793173806,14824.95,0.99,0.4,1.52,0.91,69412.3,0
3835,8.84,5.79119873,0,9.693533897,3.420167747,-161.239212,-167.1410067,-207.8735962,-194.4624023,-201.7705242,13.19991315,1,22.99105752,3.191187794,204946.4,3621.1,489.552,889.939,113.5,0.550096130184204,340994.64,0.6,0.46,13.41,0.2,53889.45,0
3836,1.83,0,0.573466003,2.066882372,1.218603532,-177.0888062,-177.3823214,-192.0240021,-190.8048096,-191.5611595,81.94725421,0,18.62437595,0,3990.5,244.2,66.798,80.435,56.3,0.830459377136818,4195.93,0.95,0.41,1.22,0.84,58749.19,0
3837,3.35,0.304794312,0,9.855503082,2.140302061,-227.6856079,-232.6960315,-141.4272003,-129.5400085,-136.1747898,10.79126725,0,74.72443549,6.719090928,73003.4,1453.7,249.538,566.963,62.2,0.440131013840409,103688.58,0.7,0.45,11.89,0.44,88622.93,0
3838,0.91,0,0,2.949655771,0.898194969,-163.9824066,-164.0790536,-205.1304016,-204.5207977,-204.8553411,75.88550158,0,16.59995347,0,6268,351.6,74.336,116.157,69,0.6399614315108,7354.39,0.85,0.54,0.61,0.64,52477.21,0
3839,0.3,0,0,1.621688962,0.781378786,-252.9840088,-253.2017288,-115.8240051,-115.5192032,-115.7042615,0,0,98.74516016,0,4064.3,230.3,68.859,69.976,1,0.984037384246027,4064.68,1,0.58,0.3,0.97,101252.34,0
3840,0.91,0.30480957,0.286757916,3.622324228,1.843649761,-150.2664185,-150.8674269,-218.846405,-216.4080048,-218.0736688,35.20647528,0,49.28906539,2.816518022,10555,380.9,99.743,142.991,122.7,0.697547398087991,10687.78,0.99,0.33,2.44,0.92,46598.75,0
3841,0.3,0,0.286741763,8.258138657,3.605120706,-199.9488068,-203.478075,-168.8592072,-158.1912079,-165.3897321,0,0,17.29349856,50.91974576,30942.8,723.9,154.997,273.372,119.5,0.566981987913905,33209.34,0.93,0.33,10.67,0.74,72080.48,0
3842,0.61,0,0,4.578270912,2.437863369,-173.1264191,-174.9254755,-195.6815948,-191.7192078,-194.0200695,0,0,69.09511019,9.870730029,24094.1,637.7,118.234,256.476,138.6,0.460994401035574,25117.56,0.96,0.43,3.96,0.75,57564.23,0
3843,1.52,0,0,5.341448784,1.80233424,-163.0680084,-163.4875619,-206.0447998,-204.2160034,-205.4818178,37.53645325,0,49.26659489,1.173014164,12671.8,482,87.369,189.935,134.3,0.459994208545029,13961.96,0.91,0.33,1.83,0.69,52206.57,0
3844,0.3,0.304794312,0,12.22088528,2.369335899,-206.3496094,-213.3490025,-162.7631989,-144.7799988,-155.5294709,2.317995183,1,71.35393866,3.93051357,147487.5,2850.3,278.156,1174.867,118.9,0.236755309324375,254815.5,0.58,0.4,17.98,0.23,77478.17,0
3845,4.57,2.74319458,0.286745131,7.397561073,3.856602477,-216.4080048,-220.5463069,-152.7048035,-142.0368042,-148.4052173,19.44940063,1,11.58687697,11.17305994,71839.2,1068.9,296.487,332.58,110,0.891475735161465,76811.34,0.94,0.41,10.67,0.79,81536.69,0
3846,3.96,0.914398193,0.286758423,12.43133163,2.512798789,-227.0760193,-230.4510322,-142.0368042,-133.1976013,-138.4395912,17.40952226,0,69.26369071,1.123194984,79402.8,1528.7,229.226,626.374,115.5,0.365957079955426,110080.08,0.72,0.41,8.84,0.43,87291.31,0
3847,7.62,4.876800537,0.57347846,9.103280067,5.195498444,-213.6648102,-217.1830487,-155.7528076,-147.5232086,-151.8155774,23.5319388,1,22.94364033,6.765432405,50532.7,906.4,168.01,357.858,112.6,0.469487897434178,52048.65,0.97,0.48,8.23,0.77,79627.27,0
3848,0.61,0.304794312,0,6.006621361,2.381618677,-226.4664154,-227.8772449,-142.3415985,-138.3791962,-141.0228126,0,0,67.62621314,11.60748435,29453,713.6,142.371,276.056,89.9,0.515732315182427,30796.6,0.96,0.34,3.96,0.73,85777.08,0
3849,0.61,0.30480957,0,5.89081192,1.449032247,-163.9824066,-164.5404309,-204.8256073,-202.0823975,-204.3308882,33.22525274,0,57.17834193,10.04484385,19237.1,542.4,143.45,178.623,161.5,0.803088068165914,20432.52,0.94,0.19,2.74,0.82,52688.81,0
3850,4.57,1.524002075,0,13.3832798,2.95048065,-226.4664154,-231.5666997,-142.6464081,-129.8448029,-137.3355978,18.36926428,0,59.07952565,5.79211036,89819.6,1709.3,292.516,634.338,70,0.461135861323143,144260.57,0.62,0.42,12.8,0.39,87951.81,0
3851,1.83,0,0.286765158,2.238540173,1.066967013,-162.7632141,-162.7737243,-206.3496094,-206.0447998,-206.1919493,94.46535377,0,7.266565672,0,4091.1,253.7,52.759,96.273,11.5,0.548014500431066,4281.92,0.96,0.77,0.3,0.8,51880.87,0
3852,1.22,0.914413452,0,11.60913372,3.187606643,-228.9048157,-236.5360673,-140.2080078,-105.1559982,-132.349812,4.691601556,2,60.53679427,10.74528098,196431.2,2792,306.456,1094.402,112.4,0.280021418089514,274666.01,0.72,0.22,35.05,0.32,90924,0
3853,1.83,0,0.573517561,4.128516674,1.63058571,-229.20961,-229.6394591,-139.9031982,-138.3791962,-139.3170467,35.53388979,0,63.45337462,0,5856.3,282.1,69.484,106.195,179.7,0.654305758274872,5860.43,1,0.41,1.52,0.93,86812.41,0
3854,1.22,0,0,5.318733215,2.700093892,-149.9616089,-151.7698814,-219.1511993,-213.9696045,-217.1107791,6.884048409,0,26.47710927,36.0088686,28069.8,755.3,146.381,294.96,114.9,0.496274071060483,30650.57,0.92,0.4,5.18,0.62,46989.18,0
3855,1.52,1.523986816,0,15.56493187,4.966701467,0.304779053,-64.3230583,-369.112793,-251.764801,-304.5967236,0.094696863,1,42.75563365,3.030299616,941793.2,12082.9,1293.459,3858.217,125.9,0.335247861900977,2900000,0.32,0.55,117.35,0.08,16724.45,1
3856,1.83,0,0,4.854810238,2.75995472,-222.5040131,-225.0928666,-146.3040009,-139.5984039,-143.7890773,14.29309242,0,28.15306083,29.88555688,34318.4,720.5,166.761,264.724,90.4,0.629942883909279,35171.48,0.98,0.38,6.71,0.83,84153.87,0
3857,2.74,0.609603882,0,3.733602524,1.390259119,-165.2016144,-166.0450319,-203.6063995,-201.1679993,-202.8242204,21.61966757,1,33.11949074,0.459992927,64627.7,1636.5,153.495,698.558,135.2,0.21973121773711,91084.93,0.71,0.33,2.44,0.3,53381.81,0
3858,3.66,1.219192505,0.573494494,3.766323805,2.350430235,-220.6752167,-221.6148028,-148.7424011,-145.9992065,-147.3695429,30.95842023,1,38.48884676,14.22413902,17764.9,481.2,141.734,161.706,56.8,0.876491905062274,17899.5,0.99,0.52,2.74,0.97,82148.05,0
3859,1.83,0,0,1.671616673,0.793417078,-245.3640137,-245.5730225,-123.4440002,-122.834404,-123.3307883,92.91105762,0,2.903470551,0,5119.4,263.5,69.646,82.231,89.3,0.846955527720689,5121.06,1,0.22,0.61,0.93,96455.6,0
3860,1.52,0.609603882,0,4.524717808,2.360555056,-223.1136169,-224.5425362,-145.9992065,-142.6464081,-144.4416459,3.72593762,1,87.55953407,1.86296881,15957.5,528.2,104.646,204.916,108.6,0.510677545921256,17152.68,0.93,0.48,3.35,0.72,83834.88,0
3861,1.83,0,0,1.621757746,0.776116402,-184.0992126,-184.317745,-184.7088013,-184.404007,-184.5707812,1.953709157,0,101.5928762,0,7608.2,322.5,84.194,108.983,166.1,0.772542506629474,7765.23,0.98,0.67,0.3,0.92,62159.34,0
3862,0.61,0,0,2.563169956,1.295282549,-212.4456177,-212.9931231,-156.6672058,-154.8384094,-155.9390685,0,0,101.1330094,0,7936.7,389.5,75.188,150.9,106.3,0.498263750828363,8792.8,0.9,0.42,1.83,0.66,77280.18,0
3863,1.22,0.609603882,0.286756247,8.146285057,2.269200484,-235.3056183,-236.1579225,-133.8072052,-131.0639954,-132.7686241,39.02834923,0,47.39156694,3.716985641,15995.9,483.8,117.99,178.697,89.8,0.660279691321063,16340.82,0.98,0.39,2.74,0.86,90696.09,0
3864,1.52,0,0,3.733642817,1.111752971,-250.8504028,-251.3093061,-117.9576035,-116.1287994,-117.5478148,32.03013696,0,42.52276803,6.074681147,26915.9,634.7,149.808,220.955,56.2,0.678002308162295,28155.08,0.96,0.24,1.83,0.84,100051.58,0
3865,0.91,0,0,1.543922901,0.627220153,-166.1160126,-166.2122634,-202.6920013,-202.387207,-202.6037714,0,0,103.4343942,0,10921.7,438.1,85.486,178.046,133.4,0.480134347303506,11501.66,0.95,0.43,0.3,0.72,53459.11,0
3866,1.52,0,0,2.448649168,1.241619958,-234.3912048,-234.805427,-134.4168091,-133.5023956,-134.1510812,74.06862367,0,10.21636188,0,5819.7,278.2,81.665,93.124,89.9,0.876949014217602,5898.1,0.99,0.33,0.91,0.95,89883.29,0
3867,0.91,0,0,1.62178266,0.819624283,-159.4104156,-159.9871852,-209.3975983,-208.1784058,-208.8864774,0,0,99.90199545,0,9671.2,431.4,84.502,167.256,127.5,0.505225522552255,10686.86,0.9,0.46,1.22,0.65,50619.23,0
3868,2.74,1.524002075,0,8.765044212,2.559131832,-229.20961,-231.633525,-139.9031982,-132.892807,-137.2519427,14.64174967,1,60.21419553,1.83021871,81215.1,1393.1,210.111,582.9,91.8,0.360458054554812,98248.08,0.83,0.38,7.01,0.53,87991.45,0
3869,2.74,0.914398193,0.286760151,3.240967751,2.032430213,-163.0680084,-163.7495307,-206.0447998,-204.2160034,-205.2365683,44.84828595,1,56.34784644,1.149956049,12925.8,411.2,118.237,130.547,89.9,0.9057044589305,12984.46,1,0.47,1.83,0.96,52326.35,0
3870,3.05,1.828796387,0.286774248,8.492400169,2.780750999,-183.7944183,-185.4367141,-185.3184052,-180.7463989,-183.4812506,37.76165942,0,35.48686066,4.094637767,32671.3,705.6,161.973,271.176,82.2,0.597298433489689,33830.39,0.97,0.41,4.57,0.83,62718.55,0
3871,3.05,2.743202209,0.405546486,11.86487007,5.615980059,-245.9736023,-250.4344023,-123.4440002,-110.6424026,-118.5332201,7.764306911,1,42.8724773,5.738835544,44031.7,801.6,188.664,315.927,33.9,0.597175929882536,44622.61,0.99,0.39,12.8,0.86,99498.86,0
3872,4.27,3.962402344,0.286760658,13.57940388,4.320400176,-182.8800049,-186.3474794,-186.5375977,-178.3079987,-182.6369462,19.34485136,1,54.48799798,5.481041215,46102.6,866.3,205.278,332.447,71.7,0.6174758683339,47761.96,0.97,0.48,8.23,0.77,63175.56,0
3873,1.52,0.609603882,0,3.733768463,1.529843725,-224.9424133,-225.7337989,-143.8656006,-141.4272003,-143.1548574,24.34722877,0,39.6769654,4.057871462,32967.4,867.4,143.302,322.522,14.9,0.444316976826387,38903.01,0.85,0.3,2.44,0.55,84526.14,0
3874,0.61,0,0,5.318943501,3.083646047,-240.1824188,-242.4932224,-128.6255951,-123.1391983,-126.4228896,0,0,36.83591466,33.95810882,25825.5,608.3,136.855,234.469,27.2,0.583680571845319,25930.05,1,0.41,5.49,0.88,94552.08,0
3875,1.83,0.609603882,0,5.659376144,1.67451537,-241.4016113,-242.2018759,-127.4064026,-125.5775986,-126.6489415,21.57390972,1,72.91981486,0.862956389,34449.3,910.4,117.932,398.959,0.1,0.295599297170887,36759.89,0.94,0.44,1.83,0.52,94372.99,0
3876,0.91,0,0,3.34053874,1.177854865,-189.5856171,-190.0442649,-179.2223969,-177.3936005,-178.7898747,11.55872893,1,89.5801492,0,15431.6,519.3,119.774,180.038,154.1,0.665270665081816,16794.93,0.92,0.25,1.83,0.72,65047.58,0
3877,3.35,1.828804016,0,8.492464066,4.249505508,-271.2720032,-280.7439343,-97.53600311,-71.93280029,-88.1393642,18.97764954,0,21.86150805,32.09455437,159781.9,1832.8,336.769,659.176,8.1,0.510893903904268,183059.69,0.87,0.37,25.6,0.6,119538.87,0
3878,1.22,0,0,1.671687722,0.907975593,-227.0760193,-227.3678436,-141.7319946,-141.122406,-141.5309601,56.66228249,0,45.7656897,0,6820.5,319.4,69.475,117.792,180,0.589810853029068,6894.75,0.99,0.39,0.61,0.84,85478.96,0
3879,1.52,0.609603882,0.286776125,2.879654884,1.50085677,-248.7168121,-249.2952637,-120.3960037,-118.5671997,-119.5972914,47.68011128,0,29.34160694,2.934160693,20263.6,528.6,154.87,177.988,89.7,0.870114839202643,20651.07,0.98,0.46,1.83,0.91,98781.51,0
3880,1.52,0,0,2.310829878,1.197700848,-226.7712097,-227.1532298,-142.0368042,-141.122406,-141.7360647,79.53252469,0,17.52411561,0,11026.7,392.8,110.532,135.339,33.3,0.816704719260524,11363.21,0.97,0.37,0.91,0.9,85353.51,0
3881,1.22,0,0,2.310829878,0.859173805,-247.4976196,-247.8810719,-121.3104019,-120.3960037,-120.9990457,46.58326276,0,31.41661907,0,13720.8,463.3,108.923,178.968,116.1,0.608617182960082,14017.24,0.98,0.38,0.91,0.81,97894.57,0
3882,0.3,0,0,3.085701942,1.334067509,-281.3304138,-282.0952916,-87.4776001,-85.34400177,-86.77023464,0,0,0,5.117813998,23235.1,575.7,151.111,210.571,115.9,0.717624934107736,23657.91,0.98,0.35,2.13,0.88,120475.14,0
3883,0.91,0,0,2.006623745,0.990450469,-250.5456238,-250.8808899,-118.2623978,-117.6528015,-118.0490406,0,0,89.182547,4.954585944,3000.1,204.3,55.74,70.934,17.1,0.785800885330025,3017.23,0.99,0.42,0.61,0.91,99780.74,0
3884,3.96,2.438400269,0,17.18092728,5.314377048,-186.5376129,-206.8891256,-182.270401,-129.8448029,-161.9836621,4.541550911,5,60.85678221,1.55368847,621855.2,6602.2,496.727,2509.557,99.6,0.197934137379625,1000000,0.62,0.39,52.43,0.18,73923.7,0
3885,0.61,0,0,2.006648779,0.993115961,-163.0680084,-163.593792,-206.0447998,-204.2160034,-205.275182,1.21774351,0,94.98399384,1.217743511,12206.3,458.4,99.621,179.31,142.2,0.555579722268697,13097.13,0.93,0.45,1.83,0.73,52255.12,0
3886,3.66,0.914398193,0,4.128815651,2.202939993,-195.6816101,-199.5356269,-173.1264038,-162.4584045,-169.3451524,25.5674291,0,58.98890504,6.18297305,88949.7,1579.6,307.243,467.443,96.4,0.65728441756535,110143.33,0.81,0.36,10.67,0.45,69979.1,0
3887,5.49,3.04800415,0.405574948,9.876624107,3.649337207,-228.6000061,-231.7961195,-141.122406,-132.2832031,-137.1406831,1.407953666,1,18.5380566,26.75111965,63343.6,1143.3,215.299,435.395,89.9,0.494491209131938,74783.35,0.85,0.46,8.84,0.61,88087.94,0
3888,0.3,0,0,2.183011293,0.776596121,-168.2496185,-168.6400575,-200.5583954,-199.6439972,-200.2132976,13.55044829,1,49.96727806,0.846903019,17551.2,660.9,78.299,293.453,132.6,0.266819558839065,18797.72,0.93,0.42,0.91,0.51,54587.68,0
3889,2.13,0.609603882,0.28677386,2.92205739,1.513143619,-232.867218,-233.6366713,-136.2456055,-134.1119995,-135.2736528,40.96684072,0,55.09333752,1.412649679,21044.3,543.8,141.776,191.889,1.2,0.738843810744753,21446.26,0.98,0.48,2.13,0.9,89183.86,0
3890,1.52,0.609603882,0.286785632,7.947741508,3.474691084,-239.2680054,-242.8819668,-129.8448029,-118.8720016,-126.0026047,0,0,12.02599425,63.90283221,63036.1,1039.9,292.798,324.672,93.7,0.901827074709245,70050.02,0.9,0.35,10.97,0.73,94791.31,0
3891,3.05,0.609603882,0,4.443099499,1.813851678,-196.291214,-197.4338435,-172.5167999,-170.0783997,-171.4610458,53.03773486,0,38.92677788,1.45975417,30547.9,703.9,179.052,240.262,90,0.745236450208522,31969.83,0.96,0.45,2.44,0.78,68871.52,0
3892,0.3,0,0,2.563369513,1.392859209,-184.404007,-184.8916906,-184.7088013,-183.1847992,-184.068723,3.566947186,0,82.03978528,21.40168312,4167.2,241.2,67.879,80.818,179.8,0.83989952733302,4255.74,0.98,0.45,1.52,0.9,62445.86,0
3893,1.52,1.219207764,0,12.91269493,4.179533379,-235.3056183,-238.2687208,-133.8072052,-121.9199982,-130.6209505,0,0,23.26758076,42.79095312,55578.6,1027.9,194.276,413.919,77.7,0.469357531304434,60818.79,0.91,0.27,11.89,0.66,91971.92,0
3894,0.91,0,1.621858954,5.24992609,3.77428124,-198.4248047,-200.2536133,-170.3832092,-166.7256012,-168.6397449,0,0,20.33791154,77.28406387,3654.3,224.2,66.812,70.48,107.3,0.947956867196368,3683.76,0.99,0.49,3.66,0.92,70359.48,0
3895,1.83,0,0,2.006692171,0.843963035,-172.2120056,-172.3263089,-196.9008026,-196.2911987,-196.5515553,48.47672508,0,48.47672505,0,6745.7,326.3,74.449,126.32,137.8,0.589368271057631,6998.65,0.96,0.69,0.61,0.8,56323.78,0
3896,2.74,1.524002075,0.286775947,7.261207581,2.663993167,-196.9008179,-198.3492418,-172.2120056,-168.2496033,-170.5494566,18.94268972,2,53.94548595,2.882583218,36095.7,767.1,159.313,309.168,83.8,0.515295890907209,36897.62,0.98,0.43,3.96,0.77,69352.82,0
3897,1.83,0.30480957,0,2.95004487,1.594848872,-165.5064087,-166.1556371,-203.3016052,-201.7776031,-202.7590573,56.28309858,0,23.11627263,4.020221326,14789.4,446.9,128.874,160.325,134.4,0.803829720879464,14972.33,0.99,0.38,1.52,0.93,53432.93,0
3898,13.11,9.753601074,0.286764532,22.6052475,5.043505896,-176.174408,-187.2620884,-193.5480042,-161.8488007,-181.6751316,12.26574208,1,45.77607011,18.27836075,185411.8,2314.2,526.595,723.3,31.7,0.728045071201438,252869.4,0.73,0.38,31.7,0.44,63636.16,0
3899,2.44,0.609603882,0,6.908642769,2.457953778,-240.7920074,-242.5055832,-128.0160065,-120.700798,-126.3795608,42.64633356,0,26.38550134,8.897436498,48447.7,1066.2,175.57,426.704,5.5,0.411456185083805,54748.9,0.88,0.23,7.32,0.54,94559.68,0
3900,1.52,0,0,1.74391377,0.906124166,-237.7440186,-237.7440186,-131.3688049,-131.0639954,-131.2036997,46.5574454,0,33.8599603,0,3511.9,215.5,57.648,69.794,179.7,0.825973579390779,3511.91,1,0.81,0.3,0.95,91653.94,0
3901,0.61,0.609603882,0,18.40682411,5.778279842,-147.5232086,-162.0501274,-221.5895996,-188.9759979,-206.8647348,1.295295841,1,53.49571824,2.892827379,344264.4,4535.6,421.911,1934.87,148.8,0.218056510256503,566389.84,0.61,0.45,32.61,0.21,51551.76,0
3902,0.3,0,0,2.006686926,0.802392261,-168.5544128,-168.7378813,-200.2536011,-199.9488068,-200.1263568,11.44080419,1,71.50502623,0,15590.7,621.5,84.394,263.613,129.3,0.320143543755429,18419.05,0.85,0.62,0.3,0.51,54633.4,0
3903,1.52,0.30480957,0,3.34073019,1.781283621,-165.5064087,-166.5913301,-203.3016052,-200.863205,-202.3253891,32.82569824,0,49.58775692,5.587352893,21282.6,539.2,162.298,179.459,64,0.904373700956765,21836.28,0.97,0.42,2.44,0.92,53634.54,0
3904,0.61,0.304794312,0,4.614310265,2.231863433,-228.2952118,-229.613266,-140.8175964,-137.1600037,-139.330672,0,0,0,12.44348402,10750.8,386.2,107.806,121.792,101.4,0.885164871255912,11058.73,0.97,0.42,3.66,0.91,86796.98,0
3905,2.13,0,0,8.407835007,1.996275106,-238.0488129,-239.0293323,-131.0639954,-127.4064026,-129.8657671,0.534361912,0,67.86396282,1.068723825,27816.6,701.9,178.619,217.67,45.4,0.820595396701429,31984.56,0.87,0.34,3.66,0.71,92433.83,0
3906,3.35,0,0,2.950065136,0.933052969,-160.9344177,-161.5880781,-207.8735962,-206.6544037,-207.2933809,12.29103428,0,82.34992966,0,12093.5,495.5,91.414,190.396,150.6,0.480125632891447,13494.94,0.9,0.52,1.22,0.62,51342.16,0
3907,2.13,0.304794312,0,2.183073044,0.879139422,-166.4208069,-166.5620597,-202.6920013,-201.7776031,-202.3054277,82.59143072,0,4.858319453,0,12238.1,406.7,105.882,142.54,90.1,0.742823067209205,12333.4,0.99,0.47,0.91,0.93,53620.99,0
3908,15.54,6.096008301,0.286794454,11.9958868,4.616347065,-229.5144196,-242.3437689,-139.5984039,-111.5568008,-126.5718829,6.553765632,2,47.24708164,9.552220496,347008.7,4796.3,646.271,1316.928,117,0.490741331340817,602037.11,0.58,0.47,28.04,0.19,94460.19,0
3909,3.05,0.30480957,0,8.3745327,3.237025342,-236.8296051,-239.5452082,-131.9784088,-125.2728043,-129.3502208,1.874839662,1,52.87047849,11.99897384,39641.1,804.9,211.869,282.064,107.2,0.751138039593851,41506.64,0.96,0.4,6.71,0.77,92747.78,0
3910,1.22,0.304794312,0,8.669683456,2.902872835,-193.8528137,-195.1077978,-174.9552002,-170.3832092,-173.7964687,48.65529637,0,22.51815369,6.835868085,36965.4,884.3,125.754,371.23,137.9,0.338749562265981,39808.53,0.93,0.26,4.57,0.6,67656.07,0
3911,7.01,3.047996521,0.286783189,7.1553092,2.904631944,-242.3160095,-246.7681216,-126.7967987,-115.2144012,-122.1348828,16.15446355,1,34.87552411,16.00348726,98453.5,1391.4,235.547,556.283,47.9,0.423430160547779,110254.44,0.89,0.41,11.58,0.64,97199.36,0
3912,11.58,2.438400269,0,13.19500732,3.630005741,-224.3328094,-229.7988674,-144.7799988,-128.9304047,-139.0808307,18.89048006,1,31.77603931,3.440319217,237631.4,2633.9,507.344,875.178,103.5,0.579703785972682,358156.65,0.66,0.36,15.85,0.43,86906.37,0
3913,0.3,0,0.28678295,23.7302475,10.43158015,-202.9968109,-211.2227832,-166.1159973,-133.8072052,-157.7110213,0,0,23.99189413,7.19756824,37172.9,765.5,212.539,260.58,63.2,0.815638191726149,39455.52,0.94,0.26,32.31,0.8,76299.03,0
3914,3.05,0.914398193,0.40556857,3.241236687,1.573430426,-236.2200165,-237.216054,-132.892807,-130.4544067,-131.6917455,34.64296511,1,40.11290697,1.823313953,24456.8,646.6,132.684,237.936,163.6,0.557645753479927,26661.46,0.92,0.51,2.44,0.74,91334.54,0
3915,5.79,1.524002075,0,4.099235535,2.030425289,-234.0864105,-235.5158611,-134.7216034,-131.6735992,-133.3966558,48.95740364,0,31.00635563,0.815956728,36433.7,750.1,161.413,293.377,120.6,0.550189687671494,37369.61,0.97,0.45,3.05,0.82,90309.78,0
3916,3.05,0.304794312,0.405574054,2.563478231,1.274944394,-161.5440063,-162.0184389,-207.5688019,-206.0447998,-206.8796902,48.51876496,0,31.19063462,2.599219552,17156.1,499.1,137.851,167.997,76.5,0.820556319458085,17939.91,0.96,0.48,1.52,0.87,51537.37,0
3917,0.3,0,0.28678295,17.02865601,7.270728533,-188.061615,-195.0380094,-180.7463989,-158.4960022,-173.8817238,0,0,19.12613727,19.90679593,38081,889.7,188.039,308.718,40.3,0.609096327392637,46005.62,0.83,0.31,22.25,0.61,67619.77,0
3918,1.83,0,0,1.743985415,0.757407377,-167.0304108,-167.2045789,-201.7776031,-201.4728088,-201.6556854,83.26512467,0,11.48484478,0,5177,268.7,69.609,92.562,90.6,0.75202566928113,5191.95,1,0.6,0.3,0.9,53918.97,0
3919,0.3,0.30480957,0,5.659818172,2.496635586,-239.2680054,-242.0863084,-129.5400085,-122.5296021,-126.8180053,0,0,58.09198506,24.68909365,51174.5,977.1,210.391,359.512,149.7,0.585212732815594,57257.1,0.89,0.39,7.01,0.68,94302,0
3920,2.13,0,0,1.621945262,0.784195183,-161.5440063,-161.732698,-207.2640076,-206.959198,-207.1478896,87.4988572,0,4.60520301,0,6455.4,289.2,81.837,93.914,0.8,0.871403624592712,6458.31,1,0.57,0.3,0.97,51407.72,0
3921,3.35,0,0,4.658433914,2.278325124,-236.5248108,-238.2969672,-132.2832031,-127.4064026,-130.6324275,9.787286051,0,86.3060679,0.889753278,16705.9,558.5,97.606,226.058,110.6,0.431774146457989,18061.87,0.92,0.35,4.88,0.67,91989.05,0
3922,0.61,0.609603882,0.286801189,15.73926544,5.932532521,-180.7464142,-186.6936235,-188.6712036,-170.9927979,-182.2321214,0,0,46.40953741,16.33805144,62775.3,1132.6,182.218,476.255,97.1,0.382605956892841,67011.11,0.94,0.37,17.68,0.62,63349.68,0
3923,0.3,0,0,1.433702946,0.840004413,-192.633606,-192.985304,-176.174408,-175.5648041,-175.9282185,0,0,93.5471893,4.067269099,3654.6,229.2,62.332,78.977,161.5,0.789242437671727,3798.15,0.96,0.48,0.61,0.88,66556.42,0
3924,3.66,0.609596252,0,5.440341949,1.575920837,-245.6688232,-246.2192088,-123.4440002,-120.3960037,-122.7006398,46.39206691,0,26.82041368,2.899504182,20505.8,541.6,130.094,191.309,90.1,0.680020281324977,20910.74,0.98,0.25,3.05,0.88,96857.4,0
3925,3.05,0.30480957,0,2.448945522,0.802455563,-166.7256165,-166.9905323,-202.387207,-201.1679993,-201.8488161,56.89525061,0,36.03365872,0.948254176,15675.3,484.2,112.648,180.91,123.8,0.622674257918302,16225.54,0.97,0.48,1.22,0.84,53819.61,0
3926,0.91,0.914398193,0,18.02299309,5.004144981,-216.1032104,-227.9681232,-153.0095978,-118.5671997,-140.9351755,3.671589201,2,55.4868918,11.33603166,323873.8,3738.9,624.596,1191.935,92.6,0.524018507720639,536162.55,0.6,0.35,34.44,0.29,85830.32,0
3927,2.74,0.914398193,0.405599505,5.319452763,2.183451259,-187.7568054,-188.8223744,-181.3560028,-178.6128082,-180.1268895,43.95920395,0,31.17107189,3.996291269,18597.4,576.7,113.259,235.167,155.1,0.481610940310503,19954.07,0.93,0.47,2.74,0.7,64425.8,0
3928,3.05,1.828796387,0.286791474,8.788801193,3.061181206,-236.8296051,-238.6391364,-132.2832031,-127.7112045,-130.2893521,32.88395434,1,47.72183618,4.411262166,37065.5,937.1,136.353,400.642,96.7,0.340336260302215,41405.35,0.9,0.45,4.57,0.53,92196.73,0
3929,2.44,0.30480957,0,6.659166813,1.723384914,-236.2200165,-237.5391252,-132.892807,-129.235199,-131.3409782,18.40958182,2,69.872731,1.673598346,35526.2,822.9,143.847,324.669,75.9,0.443057390757972,38781.9,0.92,0.44,3.66,0.66,91529.92,0
3930,0.91,0.914398193,0,23.05861473,5.500053303,-173.1264191,-187.8877913,-195.6815948,-116.7384033,-181.0101175,5.704735389,1,51.8612308,8.067302569,257952.4,3948.9,449.631,1402.854,119.7,0.320511614180806,474306.79,0.54,0.19,78.94,0.21,63952.23,0
3931,1.52,0,0,2.311003923,0.971065979,-160.3248138,-160.8827206,-208.4832001,-206.959198,-207.9752018,26.3066783,0,61.38224937,1.753778554,25426.5,663.5,131.367,268.25,11.5,0.489718546132339,26907.42,0.94,0.36,1.52,0.73,51023,0
3932,1.83,0,0,4.872288704,2.24016703,-251.460022,-253.2250991,-117.3479996,-112.1664047,-115.6276894,0,0,34.60343812,44.24701923,26203,607.2,170.116,193.943,14.1,0.877144315597882,26893.38,0.97,0.34,5.18,0.9,101267.21,0
3933,3.35,3.04800415,0,9.809160233,3.630619829,-194.157608,-204.4993601,-174.9552002,-135.3312073,-164.4081961,7.928660144,3,17.22958839,18.14443379,292458.8,4717.8,770.388,1284.468,86.7,0.599772045702968,737040.66,0.4,0.27,39.62,0.17,72629.91,0
3934,6.1,0.609603882,0,5.724084377,1.617544224,-232.5624084,-234.1954825,-136.5503998,-131.6735992,-134.6730431,21.95809313,0,69.82180176,0.493440295,60247,1029.6,190.692,417.798,144.3,0.456421524277282,64155.34,0.94,0.39,4.88,0.72,89517.94,0
3935,1.52,0,0,1.462080598,0.805566144,-170.9928131,-170.9928131,-198.1199951,-197.8152008,-197.9558751,84.61713036,0,12.08816148,0,3688.9,221.7,57.61,70.01,179.9,0.822882445364948,3688.93,1,0.8,0.3,0.95,55692.61,0
3936,2.44,0.304801941,0.286797196,6.007632256,1.907928196,-246.8880157,-247.933321,-122.2248001,-118.5671997,-120.9684776,24.38791748,0,57.7608572,14.11932065,23160.5,604.8,141.785,233.743,64,0.606585010032386,23957.8,0.97,0.35,3.66,0.8,97927.26,0
3937,6.4,0.914398193,0,4.855556488,1.676192848,-232.2576141,-233.5368175,-136.8551941,-133.1976013,-135.3243827,38.56966612,0,36.5396837,3.834411252,65900.7,1177.8,184.401,483.062,84.1,0.38173360769425,73118.67,0.9,0.43,3.66,0.6,89124.23,0
3938,0.61,0.304794312,0,3.340919495,1.318854048,-239.2680054,-239.6927857,-129.8448029,-128.3208008,-129.1898075,0,0,93.17644701,4.333788233,13719.3,445.4,111.467,163.986,68.2,0.679734855414487,14150.17,0.97,0.46,1.52,0.87,92837.69,0
3939,0.3,0,0,3.734184504,1.816903516,-238.9632111,-240.2437024,-129.8448029,-124.6632004,-128.6206332,0,0,0,83.12146938,27717.8,685.3,182.123,232.812,56,0.782274968644228,30685.12,0.9,0.24,5.18,0.74,93173.72,0
3940,2.13,0.609588623,0,5.060873032,2.238794337,-194.4624176,-195.9756023,-174.3455963,-168.2496033,-172.9026666,46.36874256,0,37.16578602,5.66335787,41993.9,832.9,229.823,287.665,148.9,0.798925833869258,44830.89,0.94,0.24,6.1,0.76,68108.26,0
3941,1.83,0,0,4.049346447,1.601180212,-168.2496185,-168.7111681,-200.5583954,-199.3392029,-200.201348,70.52854648,0,11.75475774,8.816068318,5058.1,258.7,69.648,82.111,90,0.848217656586815,5059.45,1,0.32,1.22,0.95,54620.91,0
3942,0.61,0,0.286817491,3.461316109,1.640522754,-170.3832092,-171.0871564,-198.4248047,-196.9008026,-197.8152008,2.446644696,0,80.73927491,9.786578773,6075.3,330.7,75.411,120.212,74.1,0.627316740425249,6838.4,0.89,0.43,1.52,0.7,55737.15,0
3943,0.3,0.30480957,0,11.06075954,5.198030228,-206.6544189,-211.567901,-162.4584045,-147.218399,-157.3896905,0,0,30.25514646,12.10205858,31934,707.9,162.198,263.086,167.4,0.61652083349171,33351.62,0.96,0.33,15.24,0.8,76489.8,0
3944,3.66,0.914398193,0,3.266609907,1.304106094,-250.5456238,-251.4278619,-118.2623978,-116.4336014,-117.4457424,45.85535464,0,28.87188996,1.273759851,35008.5,762.1,142.455,300.096,90.1,0.474698096609085,35925.35,0.97,0.47,1.83,0.76,100126.59,0
3945,3.96,2.438400269,0.286803395,7.399085999,4.67977008,-238.3536072,-240.9024465,-131.0639954,-124.3583984,-128.2214099,34.94856439,1,23.29904293,9.465236188,20415.1,521.5,154.802,166.913,89.4,0.927441241844554,20708.1,0.99,0.43,6.71,0.95,93576.31,0
3946,0.61,0,0,4.658629894,2.267947916,-246.8880157,-248.2031291,-121.9199982,-118.2623978,-120.7114584,5.493015176,1,83.76848141,6.179642072,21648.1,578.8,125.841,217.972,154,0.577326445598517,22403.39,0.97,0.34,3.66,0.81,98096.2,0
3947,1.83,0.609603882,0,3.852817297,1.32781824,-237.439209,-238.7528013,-131.3688049,-128.6255951,-130.117156,21.97383534,2,73.6769773,0.646289274,45998.4,1012.5,177.795,402.132,64.8,0.44213094207872,53239.01,0.86,0.47,2.74,0.57,92265.76,0
3948,2.44,0.609603882,0,2.922379971,1.216043134,-248.7168121,-249.371235,-120.3960037,-118.2623978,-119.4965418,52.42021418,0,22.53579301,0.489908543,30340.6,741.8,156.565,264.927,19.6,0.590974117398378,33375.47,0.91,0.44,2.13,0.69,98829.27,0
3949,3.66,1.219200134,0,7.528300285,2.65566808,-240.1824188,-241.9796808,-128.9304047,-122.834404,-126.9097879,36.17907609,0,35.52523736,8.935795902,68201,1193,201.154,477.903,157.2,0.420909682508794,76636.3,0.89,0.34,6.1,0.6,94236.52,0
3950,5.18,1.828796387,0,8.493585587,2.192460674,-160.0200043,-161.7836338,-209.092804,-201.7776031,-207.0908357,34.85855336,1,29.39877995,6.089747274,70784.6,1170.8,224.455,433.957,14.9,0.517228665512943,80267.58,0.88,0.28,7.32,0.65,51430.82,0
3951,2.44,0.304794312,0,1.622041821,0.950954446,-159.71521,-159.8623522,-209.3975983,-208.7880096,-209.0262397,60.45827799,0,22.97414564,0,12292.9,416.3,93.695,154.026,180,0.608306389830288,12314.36,1,0.73,0.61,0.89,50563.08,0
3952,0.91,0,0,2.432255268,1.426339582,-240.7920074,-241.3966137,-128.3208008,-125.8824005,-127.5363179,18.18035306,0,69.4158935,4.958278106,8993.5,401.8,105.026,142.726,19.5,0.73585751720079,10116.93,0.89,0.34,2.44,0.7,93878.88,0
3953,1.22,0.304794312,0.286807537,2.718917608,1.535502957,-262.7376099,-263.088985,-106.3751984,-105.1559982,-105.8545013,48.75887185,0,31.54985826,1.434084466,10364.9,388.3,92.648,141.894,0,0.652938108729051,10619.91,0.98,0.47,1.22,0.87,107642.38,0
3954,5.49,2.743202209,0.28681007,5.717304707,2.550387374,-254.8128052,-257.4063049,-114.3000031,-108.2040024,-111.4830252,18.117897,1,25.75583397,4.973540352,83682,1247.5,306.813,419.14,25.6,0.732006012310922,98348.15,0.85,0.47,6.1,0.68,103945.83,0
3955,3.66,1.219200134,0,6.462421894,2.581873026,-246.8880157,-248.469398,-122.2248001,-117.3479996,-120.4279857,48.10978959,0,19.42895349,3.083960872,48198.2,1130.4,180.001,443.007,54.5,0.406316378747966,61460.25,0.78,0.38,4.88,0.48,98263.06,0
3956,33.83,13.71600342,0.40561828,37.3223877,12.56846789,-171.9072113,-206.7958891,-197.5104065,-95.7071991,-162.185417,8.808574956,2,22.97641235,6.813104902,521426,4888.5,746.12,1560.105,156.4,0.478249861387535,781207.25,0.67,0.35,101.8,0.27,73873.01,0
3957,0.3,0.304801941,0,3.341058731,1.700331567,-255.7272034,-256.2039498,-113.3856049,-111.8616028,-112.736925,0,0,38.28417294,40.83645115,5823.9,299.1,78.628,101.593,143.3,0.773950961188271,6241.13,0.93,0.46,1.52,0.82,103171.98,0
3958,0.91,0,0,2.183289051,0.796869434,-162.1536102,-162.2890744,-206.6544037,-206.3496094,-206.5528056,68.34009255,0,10.79054093,0,4132.5,260.1,53.662,104.084,121.6,0.515564351869644,4260.93,0.97,0.5,0.3,0.77,51660.32,0
3959,2.44,0.304801941,0.641325653,3.046060562,1.355559012,-241.7064209,-242.0515568,-127.4064026,-126.1872025,-126.8819654,78.50991461,0,5.925276572,0,10034.4,363.1,106.073,117.436,89.7,0.903240914200075,10124.16,0.99,0.47,1.22,0.96,94280.66,0
3960,6.1,3.04800415,0.286810905,5.319831848,3.01381593,-158.1912079,-160.4363467,-211.2264099,-206.3496094,-208.4908949,20.11926985,1,25.46345091,4.71545387,47283.3,875,176.697,352.284,100.8,0.501575433457097,48754.43,0.97,0.57,4.88,0.78,50821.55,0
3961,0.61,0.30480957,0.405630648,15.92544556,5.833688761,-202.0824127,-206.2143702,-167.3352051,-156.0576019,-162.7833867,0.664060473,0,36.52332599,31.21084221,22383.7,595.7,147.033,222.479,116.9,0.660884847558646,23221.35,0.96,0.41,11.28,0.79,73557.23,0
3962,3.96,1.828796387,0.573610067,17.56772041,5.507931286,-205.4352112,-211.4864765,-163.677597,-138.0744019,-157.4694637,14.56235448,1,14.56235449,22.63068603,75533.6,1478.4,290.026,386.85,98.2,0.749711774589634,98389.61,0.77,0.24,25.6,0.44,76444.77,0
3963,0.3,0.304801941,0,4.922506332,1.724073777,-251.1552124,-251.614504,-117.9576035,-116.1287994,-117.2937208,0,0,90.28776703,2.73599294,10865.6,384.7,98.906,142.207,64.1,0.695507253510727,10904.43,1,0.38,1.83,0.92,100244.74,0
3964,0.91,0,0.641327977,2.311162949,1.310111366,-259.6896057,-259.9141958,-109.4232025,-108.5088043,-109.0542329,5.132406577,0,82.11850523,5.132406581,2896.1,197.9,54.231,71.092,151.8,0.762828447645305,2923.24,0.99,0.45,0.91,0.93,105569.23,0
3965,2.74,0.609603882,0,2.563691139,1.81904048,-248.7168121,-249.2138691,-120.3960037,-119.1768036,-119.79109,67.00787667,0,22.3359589,0,9316.7,354,101.255,116.803,19.1,0.86688698064262,9392.26,0.99,0.54,1.22,0.94,98730.36,0
3966,4.88,4.876800537,0.286808312,19.53039169,6.621712288,-197.2056122,-209.4777912,-172.8216095,-149.9616089,-159.5831418,6.710980536,2,32.21270658,26.07695294,77521.5,1510,160.829,659.104,145.3,0.244011567218527,90153.45,0.86,0.58,22.86,0.43,75338.06,0
3967,0.61,0.304794312,0,13.60122776,4.003771109,-200.863205,-202.1633739,-168.2496033,-162.7631989,-166.8256149,0,0,58.66606815,39.1107121,9121.3,366.3,93.706,106.051,180,0.883593742633261,9432.7,0.97,0.26,5.49,0.86,71376.27,0
3968,1.52,0,0,2.922468662,1.548442974,-242.3160095,-242.9985947,-126.4920044,-124.6632004,-125.9510896,60.77019162,0,37.0549949,2.964399592,10028.4,367.3,104.715,120.911,25.3,0.866050235297037,10152.11,0.99,0.31,1.83,0.94,94863.13,0
3969,5.49,3.352798462,0,15.07967091,3.92383295,-189.8904114,-194.351603,-179.8320007,-160.9344025,-174.5626151,38.03412565,1,17.25155301,6.254949045,147335.6,2131.5,478.677,576.143,144.6,0.830830193198564,207539.78,0.71,0.28,18.9,0.41,67263.25,0
3970,2.44,0,0,1.813440681,0.732724295,-162.4584045,-162.6496576,-206.3496094,-206.0447998,-206.2240996,82.48333584,0,7.855555792,0,7568.7,312.4,94.03,94.056,0.8,0.999723568937654,7570.57,1,0.61,0.3,0.98,51824.37,0
3971,0.91,0,0,3.24154377,1.63970943,-178.9176178,-179.9575167,-189.8903961,-187.1472015,-188.9670373,36.16459203,0,48.87107031,11.72905688,15207.5,501.9,97.081,205.65,107.8,0.472069049355701,15588.51,0.98,0.35,2.74,0.76,60004.18,0
3972,1.52,0,0.286818683,2.46585536,1.308635145,-248.4120178,-248.8692123,-120.700798,-119.1768036,-120.0810407,31.82814222,0,65.33144981,0,8873.2,371.8,86.305,146.355,48.9,0.589696286426839,9223.75,0.96,0.44,1.52,0.81,98513.88,0
3973,3.05,0.914413452,0,4.256130219,1.602173015,-236.8296051,-237.6896786,-131.9784088,-129.8448029,-131.1819462,41.65713121,1,47.29820106,5.641069851,34254.8,711.4,169.722,263.585,11.5,0.643898552649051,35171.35,0.97,0.39,2.13,0.85,91621.04,0
3974,6.71,3.962402344,0,29.25226021,7.901641355,-204.2160187,-226.9922589,-165.5064087,-116.1287994,-141.9405905,3.237013292,1,6.736487121,32.10767238,169901.5,2157.4,377.833,700.109,103.2,0.539677393091647,203598.15,0.83,0.48,49.38,0.46,85259.48,0
3975,2.13,0.609603882,0.641325831,4.996520519,2.758802773,-222.8088074,-224.1528351,-146.3040009,-142.3415985,-144.8264477,41.08368571,0,24.27672337,14.93952208,15919.3,465.2,138.49,145.045,158.2,0.95480712882209,16249.46,0.98,0.38,3.96,0.93,83609.36,0
3976,6.71,3.962402344,0.40563038,6.950428486,3.166620452,-249.326416,-253.9493755,-120.0912018,-109.4232025,-114.9576511,0,0,51.55732486,6.225187831,93121.9,1394.4,262.635,543.297,69.2,0.483409626778723,111243.87,0.84,0.49,10.67,0.6,101728.7,0
3977,0.91,0.609603882,0.286827147,4.25616312,1.861931791,-252.3744202,-252.9622421,-116.7384033,-114.9095993,-115.9727737,50.59235641,0,32.52365768,2.409159831,12339.7,419.3,108.796,152.569,36.7,0.713093747746921,12653.5,0.98,0.44,1.83,0.88,101099.99,0
3978,0.61,0,0,36.62536621,14.11314406,-252.6792145,-256.2878282,-116.4336014,-99.66960144,-112.6689591,7.494223061,0,49.96148704,0,23801,1294.9,72.041,597.642,98.9,0.120542063643452,33631.02,0.71,0.23,16.76,0.18,103225.87,0
3979,2.13,0.304794312,0.286821008,2.563759565,1.596657283,-163.0680084,-163.5359454,-206.0447998,-204.5207977,-205.409443,64.38460682,0,28.61538081,1.430769042,10388.9,383.6,98.131,129.577,78.7,0.757318042553848,10748.18,0.97,0.45,1.52,0.89,52228.68,0
3980,1.83,0.304794312,0,2.595575094,1.169530467,-242.0112152,-242.4858318,-126.7967987,-125.8824005,-126.444105,85.65435857,0,13.0659191,0,10238.6,385.7,97.835,131.983,170.9,0.741269708977671,10709.92,0.96,0.43,0.91,0.87,94547.54,0
3981,0.91,0,0,20.41063499,5.11911429,-249.326416,-251.2722563,-119.4815979,-110.3376007,-117.5556713,26.95762961,0,13.47881481,0,109175,2801.1,151.715,1288.05,80.8,0.117786576608051,142085.15,0.77,0.21,9.14,0.18,100028.14,0
3982,0.91,0,0.573642075,15.0627985,6.440819201,-249.6312103,-250.739573,-119.4815979,-114.3000031,-118.1072306,71.04046899,0,5.464651457,0,8160.2,426.8,66.672,182.388,73.9,0.365550365155602,9061.1,0.9,0.27,5.18,0.56,99691.48,0
3983,1.22,0,0.286832601,21.45208931,9.725367473,-249.326416,-250.9754603,-119.7863998,-111.2519989,-117.7661228,75.20675917,0,2.734791242,0,10870.4,551.2,65.88,242.33,81.8,0.271860685841621,12588.72,0.86,0.24,8.53,0.45,99840.49,0
3984,1.83,1.828804016,0,10.54976559,4.032994975,-248.4120178,-261.8081707,-120.700798,-92.35440063,-107.0964292,1.441291908,1,51.42791582,4.716955336,226887.5,3548,230.251,1580.993,4.8,0.145636950954242,305347.26,0.74,0.48,28.35,0.23,106803.58,0
3985,0.3,0,0,39.97134781,14.59693413,-255.4224091,-260.8719538,-113.3856049,-91.74480438,-107.7850785,2.91083691,1,55.79104079,0,61277.8,3001.4,104.969,1418.505,96.8,7.39997391620051E-02,114352.1,0.54,0.26,21.64,0.09,106192.53,0
3986,0.91,0.609603882,0.405636609,6.008172989,2.507741601,-239.2680054,-240.7220874,-129.8448029,-126.1872025,-128.204261,17.21920962,1,69.47060431,1.781297548,25033.7,614,143,240.476,142.1,0.594653936359554,25741.53,0.97,0.46,3.66,0.84,93465.99,0
3987,1.22,0,0,3.623372793,1.754937395,-250.8504028,-251.451661,-118.2623978,-116.1287994,-117.4482091,0,0,72.69477593,23.31719228,10837.1,383.9,114.777,129.439,114.5,0.886726566181754,10976.47,0.99,0.4,2.13,0.93,100141.65,0
3988,2.13,0.304794312,0,18.03894424,5.115729505,-248.4120178,-250.0293518,-120.700798,-112.471199,-118.8373081,35.47052601,0,12.09847398,0,54058.2,1576.3,121.389,709.299,80.5,0.171139392555185,65764.05,0.82,0.23,8.23,0.27,99243.49,0
3989,1.52,1.524002075,0,5.7811656,2.557061979,-158.4960175,-160.0505468,-210.616806,-204.8256073,-208.7918888,29.56234149,1,21.76368699,8.161382622,81957.5,1332.9,206.533,566.609,54,0.364507093957209,89240.11,0.92,0.32,5.79,0.58,50647.75,0
3990,1.52,0.304801941,0.405642837,10.85083675,3.959696258,-249.326416,-250.010875,-120.0912018,-115.5192032,-118.8773484,62.77744329,0,10.76184742,0,8287.1,356.2,92.97,129.052,89.9,0.720407277686514,8592.26,0.96,0.27,4.57,0.82,99231.85,0
3991,2.44,0.609603882,0,3.437899828,1.76969203,-256.0320129,-256.971605,-113.0808029,-110.6424026,-111.959843,34.86369822,0,55.94407388,2.432351037,18333.1,516.8,119.704,201.783,65.1,0.593231342580891,18611.74,0.99,0.48,2.44,0.86,103665.71,0
3992,3.05,0.609596252,0,3.895398378,1.324076012,-255.1176147,-255.806075,-113.6903992,-112.1664047,-113.0722759,58.56663623,0,21.42681813,0,20811.5,561.9,144.22,197.309,133.6,0.7309347267484,21603.28,0.96,0.43,1.52,0.83,102916.54,0
3993,6.71,3.04800415,0,34.2204628,10.4080153,-163.372818,-203.3414666,-205.7400055,-110.9472046,-165.6174619,7.412657358,0,31.97550833,26.85403597,441152.4,4901.1,897.964,1188.74,48,0.755391422851086,774525.57,0.57,0.42,94.79,0.23,72007.14,0
3994,1.22,0,0,3.341272593,1.259823068,-256.3368225,-256.7953401,-112.471199,-110.9472046,-112.0709855,12.99273637,0,85.75206002,0,17160.5,609.1,112.138,240.131,53.6,0.466986769721527,20374.27,0.84,0.28,1.52,0.58,103552.24,0
3995,0.91,0,0,4.996739864,1.980662801,-254.8128052,-255.9266477,-113.9952011,-109.4232025,-112.9754385,2.505316989,0,63.88558322,18.78987742,23732.2,646,153.305,226.482,163.1,0.676897060252029,26770.8,0.89,0.23,4.57,0.72,102993.91,0
3996,2.74,0.304794312,0,16.74087524,4.205902321,-247.4976196,-249.1943512,-121.3104019,-114.9095993,-119.6431955,24.88987463,0,21.54645863,0,80024.3,2305.3,153.45,1004,81.9,0.152838645418327,110609.21,0.72,0.26,6.4,0.19,98718.09,0
3997,0.61,0.304794312,0,17.90497398,6.6016883,-259.0800171,-265.5939142,-110.0327988,-89.00160217,-103.373209,13.47088417,1,21.92934632,10.33812041,47447.4,974.5,214.781,356.443,123.7,0.60256759145221,55651.96,0.85,0.32,21.03,0.63,109292.34,0
3998,1.22,0,0.811253786,3.978511095,2.013986312,-257.2512207,-258.0683386,-111.8616028,-109.7280045,-110.84344,0,0,44.75851573,49.02123152,6974,322.2,93.127,114.467,117.3,0.813570723439943,7329.53,0.95,0.5,2.13,0.85,104373.15,0
3999,0.61,0,0,5.493136883,2.03617256,-261.8232117,-262.6026328,-106.9848022,-104.8512039,-106.362138,0,0,41.72171945,22.2515837,10688.1,375.5,105.397,132.268,108.7,0.796844285843893,10761,0.99,0.31,2.13,0.95,107323.49,0
4000,1.83,0.304801941,0,4.129710674,1.648113246,-258.1656189,-258.7541909,-110.9472046,-109.1184006,-110.1247671,51.15039214,0,45.94865735,2.600867397,17145.2,495.8,118.089,179.428,90.1,0.658141427201997,17474.8,0.98,0.48,1.83,0.88,104816.78,0
4001,0.91,0.30480957,0,6.904093266,3.042481839,-157.8864136,-160.0340076,-211.2264099,-204.5207977,-208.8953051,0,0,52.0746153,11.04613052,28258.5,653.7,166.476,226.364,174.9,0.735434963156686,29527.77,0.96,0.35,6.71,0.83,50640.3,0
4002,2.13,0.304801941,0,3.341310978,1.428207484,-253.2888184,-254.011301,-115.5192032,-113.3856049,-114.8531575,38.49159711,0,56.79857622,1.877638884,31665.6,684.6,179.137,227.096,0.1,0.788816183464262,32637.2,0.97,0.33,2.13,0.85,101768.21,0
4003,0.3,0,0,4.444046497,1.438797013,-257.5560303,-258.3140303,-111.2519989,-107.8992004,-110.5408018,27.39876257,1,54.12926264,11.69459378,44485.9,957.3,150.056,383.71,76.7,0.391066169763624,48625.38,0.91,0.22,3.35,0.61,104531.96,0
4004,0.91,0,0,3.341320753,1.098017049,-250.8504028,-251.2422979,-117.9576035,-116.7384033,-117.6448847,49.92631271,0,44.80566525,0,11611.1,427.4,100.544,158.786,100.9,0.633204438678473,12207.31,0.95,0.28,1.22,0.8,100009.19,0
4005,0.3,0.304801941,0,18.38990402,8.32146138,-249.0216064,-251.0523988,-120.0912018,-111.8616028,-117.9530516,1.275540796,1,15.30648956,0,58266,2003.8,110.74,936.811,87,0.118209542799988,75221.95,0.77,0.26,8.23,0.18,99889.12,0
4006,0.61,0.304794312,0,3.543551207,1.397279451,-264.8712158,-265.3603132,-103.9367981,-102.4128037,-103.5185868,36.62988048,0,58.45193694,0.779359159,19072.3,525.5,130.063,179.125,91.1,0.726101884159107,19430.92,0.98,0.29,1.52,0.87,109137.94,0
4007,3.05,0.304801941,0,3.241844654,1.360717184,-252.3744202,-253.1508302,-116.4336014,-114.9095993,-115.7375049,126.6254254,0,24.11912865,0.669975796,22186.1,637.5,122.906,242.555,111,0.506713941167983,24088.59,0.92,0.49,1.52,0.69,101219.95,0
4008,6.4,4.267196655,0.573668003,15.15033436,6.146056066,-257.8608093,-263.4409472,-111.2519989,-96.01200104,-105.5676451,10.9909704,0,31.67985585,11.42198885,68972.2,1236,194.02,499.233,92.2,0.38863616788153,78054.06,0.88,0.38,15.24,0.57,107873.46,0
4009,1.83,0,0.40565896,1.622232199,0.848927184,-245.3640137,-245.3640137,-123.7488022,-123.4440002,-123.5562957,98.18365618,0,0,0,2876.4,197.1,56.779,67.805,90.4,0.837386623405354,2897.96,0.99,0.94,0.3,0.93,96325.82,0
4010,3.05,0.914398193,0,3.341362238,1.50177036,-252.3744202,-253.720222,-116.4336014,-113.3856049,-115.1604759,72.46077397,0,48.30718265,2.300342031,38770.3,842.6,185.001,303.103,82.5,0.610356875385595,43622.06,0.89,0.43,3.05,0.69,101582.58,0
4011,0.3,0,0,2.311373472,0.987914536,-255.7272034,-255.96575,-113.0808029,-112.471199,-112.9217758,102.5849768,0,0,0,6665.2,298.5,79.771,109.284,136.6,0.729942169027488,6670.09,1,0.31,0.61,0.94,103019.01,0
4012,0.91,0.304794312,0.286839664,2.563918591,1.440164357,-255.4224091,-255.7556569,-113.6903992,-112.471199,-113.1661464,42.58987334,0,56.32854216,1.373866881,10819.2,390.3,105.061,129.767,0,0.809612613376282,11143.93,0.97,0.47,1.22,0.89,102884.19,0
4013,0.3,0,0.286842436,15.37313938,5.659184464,-260.9088135,-266.4072356,-108.2040024,-91.1352005,-102.5238301,0,0,31.89290832,45.62781044,63850.8,1115.8,202.294,432.779,48.8,0.467430258861913,72053.06,0.89,0.33,17.07,0.65,109830.76,0
4014,1.52,0,0,1.433954477,0.744256741,-252.9840088,-253.2210829,-115.8240051,-115.5192032,-115.6885376,98.78136163,0,0,0,5417.1,275.2,80.058,86.711,155.2,0.92327386375431,5591.52,0.97,0.66,0.3,0.9,101264.66,0
4015,4.57,3.04800415,0,4.720091343,2.938808105,-160.6296082,-162.7290415,-208.4832001,-203.9112091,-206.2265885,24.97953362,1,51.77576059,6.35842674,32727.9,678.7,175.66,248.129,104.4,0.70793820956035,33220.95,0.99,0.5,4.57,0.89,51860.52,0
4016,1.22,0.914398193,0.573679864,8.862500191,2.833576101,-241.7064209,-243.1804474,-127.4064026,-120.0912018,-125.704185,27.82289923,0,15.82086427,1.091094087,27246.3,688.5,172.791,216.795,14.5,0.797024839133744,29679.75,0.92,0.24,7.32,0.72,94975.19,0
